age_group,age_lo,age_hi,age_unit,sex,factor,item_code,item_name,unit,lower_is_better,status,n_measured,n,method,grade3_from_p25,anchor_0,anchor_40,anchor_60,anchor_80,anchor_100,value_min,value_max,score_p10,score_p25,score_p50,score_p75,score_p90,score_mean
유소년,11,11,세,M,근지구력,009,윗몸말아올리기,회,0,ok,29757,29757,ecdf,0,1.0,19.0,26.0,36.0,80.0,0.0,152.0,9.78,26.28,55.08,81.54,92.8,53.36
유소년,11,11,세,M,유연성,012,앉아윗몸앞으로굽히기,cm,0,ok,29781,29781,ecdf,0,-13.94,4.0,7.8,11.5,18.0,-30.0,35.0,7.2,19.55,40.81,68.1,87.72,44.38
유소년,11,11,세,M,심폐지구력,020,왕복오래달리기,회,0,ok,29689,29689,ecdf,0,12.0,46.0,59.0,77.0,112.0,0.0,163.0,9.68,29.15,58.28,82.91,93.86,55.16
유소년,11,11,세,M,순발력,022,제자리멀리뛰기,cm,0,ok,29713,29713,ecdf,1,94.0,132.0,147.0,161.0,200.0,0.0,250.0,14.68,40.0,65.39,84.97,95.0,60.06
유소년,11,11,세,M,근력,028,상대악력,%,0,ok,29813,29813,ecdf,0,22.5,35.4,40.6,46.5,64.2,0.0,186.1,11.69,33.5,60.71,83.35,94.28,57.1
유소년,11,11,세,M,민첩성,043,반복옆뛰기,회,0,ok,29544,29544,ecdf,1,16.0,27.0,30.0,33.0,43.0,0.0,92.0,15.3,40.0,66.62,87.24,94.77,59.93
유소년,11,11,세,F,근지구력,009,윗몸말아올리기,회,0,ok,28261,28261,ecdf,0,1.0,18.0,26.0,36.0,80.0,0.0,123.0,8.38,25.39,48.34,74.13,90.39,49.62
유소년,11,11,세,F,유연성,012,앉아윗몸앞으로굽히기,cm,0,ok,28308,28308,ecdf,0,-9.6,3.0,6.5,10.9,23.8,-29.5,35.2,17.48,46.22,73.92,88.71,96.05,65.44
유소년,11,11,세,F,심폐지구력,020,왕복오래달리기,회,0,ok,28215,28215,ecdf,0,15.0,40.0,51.0,62.0,101.0,0.0,191.0,11.69,32.84,56.37,82.64,94.12,55.76
유소년,11,11,세,F,순발력,022,제자리멀리뛰기,cm,0,ok,28234,28234,ecdf,1,85.0,118.0,146.0,165.0,184.0,0.0,217.0,13.72,40.0,52.62,66.44,80.0,50.92
유소년,11,11,세,F,근력,028,상대악력,%,0,ok,28323,28323,ecdf,0,24.2,34.8,39.5,44.4,61.1,0.0,339.0,15.3,42.29,67.43,86.87,95.4,61.86
유소년,11,11,세,F,민첩성,043,반복옆뛰기,회,0,ok,28073,28073,ecdf,1,14.0,25.0,30.0,32.0,41.0,0.0,67.0,13.73,40.0,51.42,80.0,93.87,54.84
유소년,12,12,세,M,근지구력,009,윗몸말아올리기,회,0,ok,12516,12516,ecdf,0,2.0,19.0,27.0,35.0,80.0,0.0,160.0,14.34,36.97,69.05,87.27,100.0,61.16
유소년,12,12,세,M,유연성,012,앉아윗몸앞으로굽히기,cm,0,ok,12575,12575,ecdf,0,-15.0,4.0,7.9,12.0,19.4,-30.0,35.0,6.85,19.44,41.13,69.02,87.4,44.8
유소년,12,12,세,M,심폐지구력,020,왕복오래달리기,회,0,ok,12476,12476,ecdf,0,9.5,55.0,70.0,91.0,121.0,0.0,200.0,8.13,21.87,49.07,77.18,92.13,49.55
유소년,12,12,세,M,순발력,022,제자리멀리뛰기,cm,0,ok,12534,12534,ecdf,1,100.0,145.0,146.0,160.3,220.0,0.0,255.0,14.31,40.0,82.5,92.02,96.95,68.79
유소년,12,12,세,M,근력,028,상대악력,%,0,ok,12600,12600,ecdf,0,24.7,38.0,44.5,51.4,71.1,0.0,296.5,12.77,37.11,61.26,83.5,94.26,58.02
유소년,12,12,세,M,민첩성,043,반복옆뛰기,회,0,anchors_not_monotonic,12421,0,,,,,,,,0.0,60.0,,,,,,
유소년,12,12,세,F,근지구력,009,윗몸말아올리기,회,0,ok,11087,11087,ecdf,0,1.0,19.0,27.0,35.0,80.0,0.0,125.0,9.88,25.41,51.34,80.0,91.78,51.33
유소년,12,12,세,F,유연성,012,앉아윗몸앞으로굽히기,cm,0,ok,11098,11098,ecdf,0,-10.0,3.0,6.5,11.0,26.4,-25.0,43.0,18.04,50.86,77.59,90.06,96.59,67.36
유소년,12,12,세,F,심폐지구력,020,왕복오래달리기,회,0,ok,10985,10985,ecdf,0,11.0,43.0,51.0,62.0,103.0,0.0,164.0,8.43,22.29,49.53,82.41,93.76,51.5
유소년,12,12,세,F,순발력,022,제자리멀리뛰기,cm,0,ok,11050,11050,ecdf,1,90.0,125.0,145.0,164.0,194.0,0.0,229.0,14.63,40.0,57.9,77.67,92.37,56.45
유소년,12,12,세,F,근력,028,상대악력,%,0,ok,11109,11109,ecdf,0,25.9,37.2,41.7,46.0,63.484,0.0,169.6,14.78,41.65,69.49,87.92,95.84,62.5
유소년,12,12,세,F,민첩성,043,반복옆뛰기,회,0,ok,10988,10988,ecdf,1,13.0,26.0,30.0,33.0,43.0,0.0,67.0,15.69,40.0,67.25,87.4,94.97,60.51
성인,19,24,세,M,유연성,012,앉아윗몸앞으로굽히기,cm,0,ok,59663,59663,ecdf,0,-14.4,6.1,11.1,16.1,25.4,-30.0,48.0,10.76,30.96,57.94,80.46,93.3,55.09
성인,19,24,세,M,근지구력,019,교차윗몸일으키기,회,0,ok,59655,59655,ecdf,0,18.0,42.0,48.0,55.0,64.0,0.0,87.0,8.0,24.74,46.77,72.16,90.08,48.34
성인,19,24,세,M,심폐지구력,020,왕복오래달리기,회,0,ok,33152,33152,ecdf,0,5.0,41.0,52.0,62.0,79.0,0.0,132.0,8.89,26.87,50.5,80.0,91.46,50.55
성인,19,24,세,M,민첩성,021,10m4회왕복달리기,초,1,ok,24198,24198,ecdf,1,-13.3,-11.02,-10.9,-9.9,-8.94,7.73,60.0,13.87,40.0,69.57,80.57,93.37,61.76
성인,19,24,세,M,순발력,022,제자리멀리뛰기,cm,0,ok,38170,38170,ecdf,1,158.0,204.0,213.0,229.0,272.0,0.0,330.0,14.19,40.0,71.54,88.09,95.82,63.47
성인,19,24,세,M,근력,028,상대악력,%,0,ok,60748,60748,ecdf,0,40.1,51.8,57.2,62.6,83.6,0.0,196.9,22.1,50.65,77.39,89.94,96.49,67.88
성인,19,24,세,M,심폐지구력,035,트레드밀VO2max,ml/kg/min,0,ok,9155,9155,ecdf,0,35.6,42.0,44.8,47.6,54.4,20.5,66.8,21.34,48.29,70.35,86.56,95.52,64.75
성인,19,24,세,M,심폐지구력,037,스텝검사VO2max,ml/kg/min,0,ok,18356,18356,ecdf,0,36.1,42.0,44.8,47.6,53.6,16.3,59.9,24.65,50.67,70.61,87.17,95.57,65.86
성인,19,24,세,M,민첩성,040,반응시간,초,1,ok,35404,35404,ecdf,1,-0.485,-0.372,-0.33,-0.301,-0.257,0.13,1.999,14.2,40.0,55.62,75.17,90.96,54.86
성인,19,24,세,M,순발력,041,성인체공시간,초,0,ok,21465,21465,ecdf,1,0.439,0.537,0.568,0.605,0.696,0.001,0.999,13.99,40.0,64.76,84.45,94.36,59.33
성인,19,24,세,F,유연성,012,앉아윗몸앞으로굽히기,cm,0,ok,37876,37876,ecdf,0,-5.9,10.1,14.9,19.7,29.9,-30.0,39.0,19.49,46.18,69.17,86.78,95.36,63.78
성인,19,24,세,F,근지구력,019,교차윗몸일으키기,회,0,ok,37878,37878,ecdf,0,2.0,23.0,30.0,36.0,52.0,0.0,79.0,10.12,28.34,54.07,80.0,93.61,53.76
성인,19,24,세,F,심폐지구력,020,왕복오래달리기,회,0,ok,11485,11485,ecdf,0,7.0,19.0,25.0,30.0,44.0,0.0,124.0,10.94,32.97,54.09,80.0,93.37,54.91
성인,19,24,세,F,민첩성,021,10m4회왕복달리기,초,1,anchors_not_monotonic,8043,0,,,,,,,,9.26,46.88,,,,,,
성인,19,24,세,F,순발력,022,제자리멀리뛰기,cm,0,ok,22259,22259,ecdf,1,110.0,145.0,149.0,162.0,204.0,0.0,260.0,13.96,40.0,76.57,89.91,96.43,65.79
성인,19,24,세,F,근력,028,상대악력,%,0,ok,38571,38571,ecdf,0,33.6,38.0,42.4,46.8,66.7,0.0,191.8,46.96,68.15,84.52,92.66,97.45,77.3
성인,19,24,세,F,심폐지구력,035,트레드밀VO2max,ml/kg/min,0,ok,7070,7070,ecdf,0,31.7,32.8,34.8,36.8,44.862,20.1,62.0,62.47,80.65,87.53,94.08,97.88,82.74
성인,19,24,세,F,심폐지구력,037,스텝검사VO2max,ml/kg/min,0,ok,19956,19956,ecdf,0,31.1,32.8,34.8,36.8,43.2,15.9,50.6,50.45,69.24,84.23,92.21,97.37,77.9
성인,19,24,세,F,민첩성,040,반응시간,초,1,ok,29799,29799,ecdf,1,-0.528,-0.404,-0.374,-0.332,-0.273,0.051,1.999,13.97,40.0,63.78,79.55,92.93,58.37
성인,19,24,세,F,순발력,041,성인체공시간,초,0,ok,15564,15564,ecdf,1,0.3473,0.424,0.447,0.479,0.554,0.001,0.725,14.07,40.0,64.59,80.0,92.95,58.52
성인,25,29,세,M,유연성,012,앉아윗몸앞으로굽히기,cm,0,ok,25009,25009,ecdf,0,-15.384,5.3,10.1,14.9,23.7,-30.0,50.0,10.89,31.06,57.98,80.64,93.15,55.03
성인,25,29,세,M,근지구력,019,교차윗몸일으키기,회,0,ok,25036,25036,ecdf,0,15.0,38.0,45.0,51.0,62.0,0.0,83.0,11.11,28.84,54.24,76.57,93.18,53.11
성인,25,29,세,M,심폐지구력,020,왕복오래달리기,회,0,ok,9351,9351,ecdf,0,9.0,34.0,44.0,54.0,72.0,0.0,120.0,10.49,30.25,54.92,80.0,92.52,53.66
성인,25,29,세,M,민첩성,021,10m4회왕복달리기,초,1,ok,8077,8077,ecdf,1,-13.5148,-11.31,-11.2,-10.3,-9.2621,7.74,30.0,13.94,40.0,70.36,83.57,94.39,62.64
성인,25,29,세,M,순발력,022,제자리멀리뛰기,cm,0,ok,15647,15647,ecdf,1,153.0,198.0,208.0,223.0,260.0,0.0,318.0,14.7,40.0,69.74,86.83,95.39,62.4
성인,25,29,세,M,근력,028,상대악력,%,0,ok,25405,25405,ecdf,0,40.1,51.6,57.0,62.4,83.4,0.0,159.4,23.56,51.26,76.94,89.86,96.45,68.03
성인,25,29,세,M,심폐지구력,035,트레드밀VO2max,ml/kg/min,0,ok,3122,3122,ecdf,0,32.442,39.6,42.2,44.8,51.858,21.1,65.1,20.2,48.0,71.39,88.14,95.89,65.24
성인,25,29,세,M,심폐지구력,037,스텝검사VO2max,ml/kg/min,0,ok,12917,12917,ecdf,0,34.2,39.6,42.2,44.8,51.0,22.9,56.1,26.95,53.44,74.94,88.73,96.11,68.15
성인,25,29,세,M,민첩성,040,반응시간,초,1,ok,16928,16928,ecdf,1,-0.481,-0.372,-0.335,-0.302,-0.257,0.033,1.999,13.97,40.0,56.94,75.26,89.92,55.1
성인,25,29,세,M,순발력,041,성인체공시간,초,0,ok,9363,9363,ecdf,1,0.415,0.52,0.559,0.591,0.673,0.1,0.999,13.88,40.0,60.9,82.43,93.88,58.34
성인,25,29,세,F,유연성,012,앉아윗몸앞으로굽히기,cm,0,ok,21036,21036,ecdf,0,-4.7,9.1,13.8,18.5,29.6,-30.0,46.0,25.63,51.88,75.01,89.05,96.2,67.84
성인,25,29,세,F,근지구력,019,교차윗몸일으키기,회,0,ok,21039,21039,ecdf,0,3.0,21.0,27.0,33.0,49.0,0.0,71.0,14.3,40.0,63.37,85.19,95.03,59.43
성인,25,29,세,F,심폐지구력,020,왕복오래달리기,회,0,ok,3583,3583,ecdf,0,5.0,17.0,23.0,28.0,44.0,0.0,63.0,12.56,40.0,60.0,82.65,93.27,57.63
성인,25,29,세,F,민첩성,021,10m4회왕복달리기,초,1,anchors_not_monotonic,3925,0,,,,,,,,9.687,60.0,,,,,,
성인,25,29,세,F,순발력,022,제자리멀리뛰기,cm,0,anchors_not_monotonic,11711,0,,,,,,,,0.0,264.0,,,,,,
성인,25,29,세,F,근력,028,상대악력,%,0,ok,21576,21576,ecdf,0,33.1,38.2,42.6,47.0,67.3,0.0,90.6,46.84,69.24,84.9,92.79,97.49,77.58
성인,25,29,세,F,심폐지구력,035,트레드밀VO2max,ml/kg/min,0,ok,4400,4400,ecdf,0,30.8,32.2,34.1,36.0,44.5,15.8,55.9,62.9,81.31,87.81,94.31,97.96,83.23
성인,25,29,세,F,심폐지구력,037,스텝검사VO2max,ml/kg/min,0,ok,13571,13571,ecdf,0,29.84,32.2,34.1,36.0,42.6,13.8,52.7,50.37,70.98,85.12,92.83,97.54,78.72
성인,25,29,세,F,민첩성,040,반응시간,초,1,ok,17077,17077,ecdf,1,-0.518,-0.401,-0.383,-0.343,-0.275,0.05,1.999,13.84,40.0,68.31,84.05,94.45,61.14
성인,25,29,세,F,순발력,041,성인체공시간,초,0,ok,9286,9286,ecdf,1,0.349,0.421,0.442,0.466,0.539,0.005,0.669,14.03,40.0,64.5,84.17,94.41,59.74
성인,30,34,세,M,유연성,012,앉아윗몸앞으로굽히기,cm,0,ok,22779,22779,ecdf,0,-14.9,4.6,9.4,14.2,23.7,-30.0,48.0,12.26,35.07,61.65,83.22,94.09,57.54
성인,30,34,세,M,근지구력,019,교차윗몸일으키기,회,0,ok,22785,22785,ecdf,0,15.0,35.0,41.0,47.0,61.0,0.0,83.0,16.4,43.22,66.58,87.86,95.71,61.97
성인,30,34,세,M,심폐지구력,020,왕복오래달리기,회,0,ok,6817,6817,ecdf,0,5.0,31.0,40.0,49.0,73.0,0.0,106.0,12.85,40.0,60.0,85.24,94.34,58.05
성인,30,34,세,M,민첩성,021,10m4회왕복달리기,초,1,anchors_not_monotonic,6320,0,,,,,,,,8.1,60.0,,,,,,
성인,30,34,세,M,순발력,022,제자리멀리뛰기,cm,0,ok,14364,14364,ecdf,1,153.0,198.0,204.0,219.0,256.0,0.0,295.0,14.05,40.0,73.21,88.59,96.25,64.25
성인,30,34,세,M,근력,028,상대악력,%,0,ok,23162,23162,ecdf,0,40.9,51.8,57.2,62.6,81.978,0.0,156.5,22.3,49.88,74.35,89.02,96.21,66.89
성인,30,34,세,M,심폐지구력,035,트레드밀VO2max,ml/kg/min,0,ok,2781,2781,ecdf,0,31.7,38.2,40.6,42.9,50.44,20.9,59.9,21.68,48.99,74.43,89.2,96.37,66.66
성인,30,34,세,M,심폐지구력,037,스텝검사VO2max,ml/kg/min,0,ok,13552,13552,ecdf,0,33.6,38.2,40.6,42.9,49.8,20.0,58.5,29.46,56.83,80.48,90.57,96.78,70.5
성인,30,34,세,M,민첩성,040,반응시간,초,1,ok,16427,16427,ecdf,1,-0.473,-0.371,-0.337,-0.304,-0.259,0.13,1.999,14.23,40.0,57.3,75.42,90.17,55.36
성인,30,34,세,M,순발력,041,성인체공시간,초,0,ok,8392,8392,ecdf,1,0.425,0.517,0.548,0.583,0.663,0.001,0.866,14.18,40.0,64.75,84.1,94.47,59.98
성인,30,34,세,F,유연성,012,앉아윗몸앞으로굽히기,cm,0,ok,8242,8242,ecdf,0,-7.6,9.4,13.8,18.2,29.0,-23.0,35.5,15.66,42.77,69.78,87.76,95.78,63.04
성인,30,34,세,F,근지구력,019,교차윗몸일으키기,회,0,ok,8235,8235,ecdf,0,0.0,19.0,25.0,31.0,51.0,0.0,73.0,17.12,43.39,69.69,87.97,95.8,63.84
성인,30,34,세,F,심폐지구력,020,왕복오래달리기,회,0,ok,1531,1531,ecdf,0,1.6,16.0,21.0,26.0,48.0,0.0,138.0,10.45,30.53,60.0,84.72,94.22,56.43
성인,30,34,세,F,민첩성,021,10m4회왕복달리기,초,1,anchors_not_monotonic,1600,0,,,,,,,,9.7,30.0,,,,,,
성인,30,34,세,F,순발력,022,제자리멀리뛰기,cm,0,ok,4303,4303,ecdf,1,95.08,138.0,142.0,154.0,197.0,0.0,247.0,14.12,40.0,80.0,90.64,96.67,66.76
성인,30,34,세,F,근력,028,상대악력,%,0,ok,8747,8747,ecdf,0,29.5,40.8,45.2,49.6,66.508,0.0,152.6,17.74,45.85,73.19,88.99,96.2,65.15
성인,30,34,세,F,심폐지구력,035,트레드밀VO2max,ml/kg/min,0,ok,1752,1752,ecdf,0,28.2,31.0,32.9,34.8,42.8,14.7,49.1,51.09,79.01,86.79,93.66,97.95,80.23
성인,30,34,세,F,심폐지구력,037,스텝검사VO2max,ml/kg/min,0,ok,5449,5449,ecdf,0,26.8,31.0,32.9,34.8,42.0,15.2,53.5,43.41,68.53,85.09,92.71,97.53,76.85
성인,30,34,세,F,민첩성,040,반응시간,초,1,ok,6614,6614,ecdf,1,-0.559,-0.423,-0.381,-0.347,-0.283,0.147,1.999,13.77,40.0,59.4,80.0,93.26,57.2
성인,30,34,세,F,순발력,041,성인체공시간,초,0,ok,3914,3914,ecdf,1,0.328,0.412,0.437,0.464,0.5267,0.001,0.651,14.07,40.0,64.13,83.0,94.15,59.32
성인,35,39,세,M,유연성,012,앉아윗몸앞으로굽히기,cm,0,ok,14794,14794,ecdf,0,-14.514,4.6,9.3,14.0,23.814,-30.0,47.9,12.29,35.3,62.34,83.43,94.33,57.83
성인,35,39,세,M,근지구력,019,교차윗몸일으키기,회,0,ok,14806,14806,ecdf,0,11.0,33.0,39.0,45.0,61.0,0.0,76.0,16.72,43.12,69.64,86.73,95.8,63.07
성인,35,39,세,M,심폐지구력,020,왕복오래달리기,회,0,ok,4203,4203,ecdf,0,3.0,28.0,37.0,45.0,71.0,0.0,108.0,14.88,40.0,62.81,84.18,94.49,59.39
성인,35,39,세,M,민첩성,021,10m4회왕복달리기,초,1,anchors_not_monotonic,3821,0,,,,,,,,7.89,32.4,,,,,,
성인,35,39,세,M,순발력,022,제자리멀리뛰기,cm,0,ok,9499,9499,ecdf,1,153.0,197.0,199.0,214.0,251.0,0.0,306.0,14.57,40.0,76.97,89.97,96.62,66.32
성인,35,39,세,M,근력,028,상대악력,%,0,ok,15119,15119,ecdf,0,40.4,51.1,56.6,62.1,82.0,0.0,308.4,24.91,51.48,75.72,89.38,96.28,67.9
성인,35,39,세,M,심폐지구력,035,트레드밀VO2max,ml/kg/min,0,ok,1701,1701,ecdf,0,30.1,37.2,39.5,41.8,50.5,20.4,56.3,18.82,47.85,74.23,88.84,96.13,65.79
성인,35,39,세,M,심폐지구력,037,스텝검사VO2max,ml/kg/min,0,ok,9205,9205,ecdf,0,32.2,37.2,39.5,41.8,48.7,19.7,59.2,25.39,54.03,78.14,89.95,96.61,69.09
성인,35,39,세,M,민첩성,040,반응시간,초,1,ok,10952,10952,ecdf,1,-0.472,-0.373,-0.339,-0.311,-0.26,0.205,1.999,13.83,40.0,58.13,78.77,92.45,56.49
성인,35,39,세,M,순발력,041,성인체공시간,초,0,ok,5272,5272,ecdf,1,0.4124,0.514,0.551,0.581,0.659,0.001,0.999,14.76,40.0,60.0,82.77,93.92,58.21
성인,35,39,세,F,유연성,012,앉아윗몸앞으로굽히기,cm,0,ok,5524,5524,ecdf,0,-8.2,10.1,14.5,18.9,28.3,-20.0,35.5,12.7,36.53,65.37,85.74,94.99,59.63
성인,35,39,세,F,근지구력,019,교차윗몸일으키기,회,0,ok,5519,5519,ecdf,0,0.0,19.0,25.0,31.0,50.0,0.0,62.0,13.45,40.0,66.45,86.36,95.52,60.05
성인,35,39,세,F,심폐지구력,020,왕복오래달리기,회,0,ok,1075,1075,ecdf,0,0.0,15.0,20.0,25.0,44.52,0.0,74.0,11.4,26.88,53.19,82.95,93.67,53.8
성인,35,39,세,F,민첩성,021,10m4회왕복달리기,초,1,anchors_not_monotonic,1075,0,,,,,,,,8.0,33.1,,,,,,
성인,35,39,세,F,순발력,022,제자리멀리뛰기,cm,0,ok,2829,2829,ecdf,1,96.0,135.0,144.0,155.0,193.0,0.0,218.0,15.05,40.0,72.45,88.85,96.14,63.48
성인,35,39,세,F,근력,028,상대악력,%,0,ok,5961,5961,ecdf,0,28.92,38.7,43.1,47.5,66.2,6.2,141.3,22.26,51.39,78.85,90.28,96.64,68.44
성인,35,39,세,F,심폐지구력,035,트레드밀VO2max,ml/kg/min,0,ok,1170,1170,ecdf,0,27.438,30.5,32.3,34.2,42.7,20.1,53.5,46.0,73.75,86.16,93.42,97.79,78.66
성인,35,39,세,F,심폐지구력,037,스텝검사VO2max,ml/kg/min,0,ok,3705,3705,ecdf,0,25.4,30.5,32.3,34.2,40.892,11.8,46.4,34.27,64.42,83.86,92.19,97.31,74.37
성인,35,39,세,F,민첩성,040,반응시간,초,1,ok,4419,4419,ecdf,1,-0.5686,-0.424,-0.388,-0.348,-0.283,0.176,1.999,14.08,40.0,62.42,79.57,92.95,57.93
성인,35,39,세,F,순발력,041,성인체공시간,초,0,ok,2662,2662,ecdf,1,0.3204,0.402,0.425,0.453,0.5238,0.001,0.652,13.63,40.0,64.9,83.12,94.07,59.59
성인,40,44,세,M,유연성,012,앉아윗몸앞으로굽히기,cm,0,ok,12218,12218,ecdf,0,-14.2,4.8,9.5,14.2,23.866,-23.0,48.0,12.51,35.78,62.24,83.63,94.39,58.07
성인,40,44,세,M,근지구력,019,교차윗몸일으키기,회,0,ok,12222,12222,ecdf,0,4.0,32.0,38.0,44.0,59.0,0.0,94.0,12.81,40.0,62.99,86.03,94.57,59.37
성인,40,44,세,M,심폐지구력,020,왕복오래달리기,회,0,ok,3246,3246,ecdf,0,1.0,27.0,35.0,42.0,66.0,0.0,100.0,12.6,34.71,60.0,84.72,94.78,57.96
성인,40,44,세,M,민첩성,021,10m4회왕복달리기,초,1,anchors_not_monotonic,3003,0,,,,,,,,8.4,34.69,,,,,,
성인,40,44,세,M,순발력,022,제자리멀리뛰기,cm,0,anchors_not_monotonic,7902,0,,,,,,,,0.0,283.0,,,,,,
성인,40,44,세,M,근력,028,상대악력,%,0,ok,12624,12624,ecdf,0,40.9,51.6,57.2,62.8,81.1,0.0,116.3,24.68,51.22,75.14,89.1,96.23,67.63
성인,40,44,세,M,심폐지구력,035,트레드밀VO2max,ml/kg/min,0,ok,1428,1428,ecdf,0,29.954,36.6,38.8,40.9,48.8,14.4,63.4,19.59,47.57,73.99,88.96,96.34,66.0
성인,40,44,세,M,심폐지구력,037,스텝검사VO2max,ml/kg/min,0,ok,7937,7937,ecdf,0,32.3,36.6,38.8,40.9,47.6,22.6,53.2,24.51,52.25,76.9,89.64,96.4,68.45
성인,40,44,세,M,민첩성,040,반응시간,초,1,ok,9214,9214,ecdf,1,-0.473,-0.374,-0.346,-0.32,-0.26,0.172,1.535,14.02,40.0,62.44,82.99,94.15,58.65
성인,40,44,세,M,순발력,041,성인체공시간,초,0,ok,4309,4309,ecdf,1,0.4,0.506,0.521,0.547,0.647,0.001,0.998,13.71,40.0,77.58,89.99,96.55,65.27
성인,40,44,세,F,유연성,012,앉아윗몸앞으로굽히기,cm,0,ok,6497,6497,ecdf,0,-8.608,10.4,14.6,18.8,27.9,-20.0,36.0,11.66,33.77,62.92,84.98,94.75,58.07
성인,40,44,세,F,근지구력,019,교차윗몸일으키기,회,0,ok,6491,6491,ecdf,0,0.0,19.0,25.0,30.0,46.0,0.0,62.0,12.27,35.74,60.0,84.71,94.72,57.35
성인,40,44,세,F,심폐지구력,020,왕복오래달리기,회,0,ok,1311,1311,ecdf,0,0.0,15.0,20.0,24.0,45.0,0.0,86.0,8.71,27.33,49.62,80.0,91.46,49.85
성인,40,44,세,F,민첩성,021,10m4회왕복달리기,초,1,ok,1251,1251,ecdf,1,-17.5,-14.2,-14.0,-13.1,-11.4,10.59,45.9,13.89,40.0,75.42,88.64,96.03,65.06
성인,40,44,세,F,순발력,022,제자리멀리뛰기,cm,0,ok,3493,3493,ecdf,1,94.84,132.0,142.0,153.0,187.0,0.0,238.0,14.15,40.0,69.73,87.85,96.06,62.4
성인,40,44,세,F,근력,028,상대악력,%,0,ok,7118,7118,ecdf,0,29.1,38.5,42.8,47.1,65.7,0.0,106.9,23.9,53.16,80.37,90.58,96.81,69.43
성인,40,44,세,F,심폐지구력,035,트레드밀VO2max,ml/kg/min,0,ok,1312,1312,ecdf,0,26.4,30.3,32.0,33.8,42.878,22.8,54.5,42.75,71.33,85.85,93.23,97.74,77.62
성인,40,44,세,F,심폐지구력,037,스텝검사VO2max,ml/kg/min,0,ok,4480,4480,ecdf,0,25.058,30.3,32.0,33.8,40.1,14.4,45.0,24.39,56.89,81.87,91.29,97.03,71.02
성인,40,44,세,F,민첩성,040,반응시간,초,1,ok,5220,5220,ecdf,1,-0.5632,-0.428,-0.382,-0.345,-0.283,0.218,1.999,14.05,40.0,57.31,77.04,91.73,55.78
성인,40,44,세,F,순발력,041,성인체공시간,초,0,ok,2967,2967,ecdf,1,0.3123,0.39,0.417,0.442,0.504,0.001,0.651,14.3,40.0,62.95,83.87,95.04,59.29
성인,45,49,세,M,유연성,012,앉아윗몸앞으로굽히기,cm,0,ok,10618,10618,ecdf,0,-14.4,4.6,9.1,13.6,23.6,-30.0,47.0,12.44,35.92,63.49,84.25,94.53,58.58
성인,45,49,세,M,근지구력,019,교차윗몸일으키기,회,0,ok,10611,10611,ecdf,0,4.0,30.0,36.0,41.0,57.0,0.0,74.0,14.52,40.0,63.8,85.2,95.03,59.9
성인,45,49,세,M,심폐지구력,020,왕복오래달리기,회,0,ok,2945,2945,ecdf,0,0.0,24.0,32.0,40.0,66.0,0.0,117.0,13.49,40.0,60.0,82.87,93.91,57.36
성인,45,49,세,M,민첩성,021,10m4회왕복달리기,초,1,anchors_not_monotonic,2478,0,,,,,,,,9.01,60.0,,,,,,
성인,45,49,세,M,순발력,022,제자리멀리뛰기,cm,0,anchors_not_monotonic,6946,0,,,,,,,,0.0,276.0,,,,,,
성인,45,49,세,M,근력,028,상대악력,%,0,ok,11016,11016,ecdf,0,40.93,51.4,56.7,62.0,80.47,0.0,108.4,23.48,50.46,75.05,89.2,96.26,67.32
성인,45,49,세,M,심폐지구력,035,트레드밀VO2max,ml/kg/min,0,ok,1243,1243,ecdf,0,31.384,36.0,38.1,40.1,47.6,24.2,57.3,18.72,46.97,74.27,89.47,96.3,65.71
성인,45,49,세,M,심폐지구력,037,스텝검사VO2max,ml/kg/min,0,ok,6818,6818,ecdf,0,31.6,36.0,38.1,40.1,46.8,18.9,51.5,22.28,50.93,75.97,89.67,96.4,67.59
성인,45,49,세,M,민첩성,040,반응시간,초,1,ok,8135,8135,ecdf,1,-0.497,-0.378,-0.366,-0.331,-0.265,0.001,1.999,13.65,40.0,70.57,86.17,95.31,62.67
성인,45,49,세,M,순발력,041,성인체공시간,초,0,ok,3659,3659,ecdf,1,0.3783,0.4935,0.497,0.524,0.63,0.001,0.725,13.98,42.62,81.64,91.16,96.94,68.02
성인,45,49,세,F,유연성,012,앉아윗몸앞으로굽히기,cm,0,ok,7153,7153,ecdf,0,-7.5,10.7,14.8,18.9,27.6,-30.0,35.2,11.26,32.6,61.23,83.26,94.07,56.8
성인,45,49,세,F,근지구력,019,교차윗몸일으키기,회,0,ok,7145,7145,ecdf,0,0.0,16.0,22.0,28.0,45.0,0.0,64.0,11.62,35.22,63.32,85.18,95.4,59.48
성인,45,49,세,F,심폐지구력,020,왕복오래달리기,회,0,ok,1356,1356,ecdf,0,0.0,14.0,18.0,23.0,36.0,0.0,55.0,6.88,22.19,46.69,68.33,89.37,46.86
성인,45,49,세,F,민첩성,021,10m4회왕복달리기,초,1,ok,1353,1353,ecdf,1,-17.8788,-14.52,-14.4,-13.4,-11.4508,10.2,60.0,14.02,40.0,76.25,89.02,96.52,65.59
성인,45,49,세,F,순발력,022,제자리멀리뛰기,cm,0,ok,3738,3738,ecdf,1,95.0,130.0,136.0,148.0,183.0,0.0,217.0,13.3,40.0,74.13,89.49,96.18,64.14
성인,45,49,세,F,근력,028,상대악력,%,0,ok,7820,7820,ecdf,0,29.3,37.6,41.9,46.2,65.2,0.0,90.1,29.89,57.55,81.28,91.09,96.96,71.24
성인,45,49,세,F,심폐지구력,035,트레드밀VO2max,ml/kg/min,0,ok,1456,1456,ecdf,0,27.21,29.7,31.4,33.0,40.59,22.2,56.5,42.9,68.93,85.01,93.14,97.56,77.0
성인,45,49,세,F,심폐지구력,037,스텝검사VO2max,ml/kg/min,0,ok,4992,4992,ecdf,0,25.4,29.7,31.4,33.0,39.3,13.9,45.2,24.37,55.83,81.9,91.6,96.93,70.63
성인,45,49,세,F,민첩성,040,반응시간,초,1,ok,5747,5747,ecdf,1,-0.5682,-0.4315,-0.392,-0.35,-0.286,0.178,1.999,13.95,40.25,61.55,78.81,92.36,57.42
성인,45,49,세,F,순발력,041,성인체공시간,초,0,ok,3359,3359,ecdf,1,0.3002,0.384,0.404,0.431,0.502,0.1,0.688,14.15,40.0,65.27,85.52,94.82,60.29
성인,50,54,세,M,유연성,012,앉아윗몸앞으로굽히기,cm,0,ok,9739,9739,ecdf,0,-13.4,4.7,9.3,13.9,22.8,-30.0,31.0,12.06,34.73,61.01,82.24,93.93,57.12
성인,50,54,세,M,근지구력,019,교차윗몸일으키기,회,0,ok,9733,9733,ecdf,0,2.0,26.0,32.0,38.0,53.0,0.0,73.0,16.25,43.29,63.84,86.7,94.85,60.79
성인,50,54,세,M,심폐지구력,020,왕복오래달리기,회,0,ok,2531,2531,ecdf,0,0.0,21.0,28.0,35.0,54.0,0.0,103.0,11.03,40.0,54.85,80.0,92.55,55.34
성인,50,54,세,M,민첩성,021,10m4회왕복달리기,초,1,anchors_not_monotonic,2166,0,,,,,,,,9.07,26.31,,,,,,
성인,50,54,세,M,순발력,022,제자리멀리뛰기,cm,0,anchors_not_monotonic,6589,0,,,,,,,,0.0,273.0,,,,,,
성인,50,54,세,M,근력,028,상대악력,%,0,ok,10155,10155,ecdf,0,40.8,50.1,55.3,60.5,79.2,0.0,151.2,29.06,54.86,77.93,89.95,96.54,69.59
성인,50,54,세,M,심폐지구력,035,트레드밀VO2max,ml/kg/min,0,ok,1325,1325,ecdf,0,29.944,35.0,36.9,38.8,46.9,22.4,62.1,22.15,50.93,78.06,90.0,96.53,68.07
성인,50,54,세,M,심폐지구력,037,스텝검사VO2max,ml/kg/min,0,ok,6288,6288,ecdf,0,30.7,35.0,36.9,38.8,45.6,20.1,51.7,23.6,51.52,79.04,90.0,96.69,68.44
성인,50,54,세,M,민첩성,040,반응시간,초,1,ok,7564,7564,ecdf,1,-0.5067,-0.386,-0.371,-0.337,-0.2693,0.175,1.999,13.7,40.0,70.03,86.13,95.06,62.03
성인,50,54,세,M,순발력,041,성인체공시간,초,0,ok,3131,3131,ecdf,1,0.357,0.477,0.486,0.527,0.604,0.001,0.9,14.04,40.0,71.34,85.85,95.04,63.06
성인,50,54,세,F,유연성,012,앉아윗몸앞으로굽히기,cm,0,ok,9838,9838,ecdf,0,-5.8,11.7,15.6,19.5,27.3,-30.0,34.8,12.41,35.24,60.91,82.51,93.93,57.29
성인,50,54,세,F,근지구력,019,교차윗몸일으키기,회,0,ok,9781,9781,ecdf,0,0.0,13.0,19.0,24.0,42.0,0.0,58.0,8.83,34.98,65.02,85.94,94.82,58.21
성인,50,54,세,F,심폐지구력,020,왕복오래달리기,회,0,ok,1970,1970,ecdf,0,0.0,12.0,16.0,21.0,34.0,0.0,47.0,12.65,30.25,53.19,73.09,91.59,51.2
성인,50,54,세,F,민첩성,021,10m4회왕복달리기,초,1,anchors_not_monotonic,1719,0,,,,,,,,9.4,25.62,,,,,,
성인,50,54,세,F,순발력,022,제자리멀리뛰기,cm,0,ok,5869,5869,ecdf,1,90.0,125.0,126.0,138.0,175.0,0.0,235.0,14.46,40.0,80.66,90.75,96.71,67.32
성인,50,54,세,F,근력,028,상대악력,%,0,ok,10610,10610,ecdf,0,28.8,36.5,40.6,44.7,63.0,0.0,79.1,31.89,60.0,82.33,91.54,97.05,72.45
성인,50,54,세,F,심폐지구력,035,트레드밀VO2max,ml/kg/min,0,ok,2135,2135,ecdf,0,26.268,29.1,30.7,32.3,40.2,17.7,47.8,42.24,67.08,84.77,92.63,97.5,76.37
성인,50,54,세,F,심폐지구력,037,스텝검사VO2max,ml/kg/min,0,ok,6466,6466,ecdf,0,24.6,29.1,30.7,32.3,38.5,13.9,43.3,21.1,52.69,80.48,90.68,96.91,69.17
성인,50,54,세,F,민첩성,040,반응시간,초,1,ok,7972,7972,ecdf,1,-0.5616,-0.428,-0.395,-0.354,-0.285,0.033,1.892,13.82,40.0,62.95,79.65,93.05,57.97
성인,50,54,세,F,순발력,041,성인체공시간,초,0,ok,3822,3822,ecdf,1,0.291,0.37,0.381,0.407,0.49,0.001,0.999,13.85,40.0,74.07,88.8,96.29,64.6
성인,55,59,세,M,유연성,012,앉아윗몸앞으로굽히기,cm,0,ok,8792,8792,ecdf,0,-13.4,3.9,8.6,13.3,23.2,-30.0,40.0,13.55,39.09,63.78,83.99,94.54,59.28
성인,55,59,세,M,근지구력,019,교차윗몸일으키기,회,0,ok,8796,8796,ecdf,0,3.0,23.0,29.0,35.0,51.1,0.0,76.0,15.87,42.8,67.47,85.11,94.88,61.17
성인,55,59,세,M,심폐지구력,020,왕복오래달리기,회,0,ok,2290,2290,ecdf,0,0.0,18.0,25.0,31.0,51.0,0.0,70.0,13.72,40.0,56.16,80.0,93.05,56.44
성인,55,59,세,M,민첩성,021,10m4회왕복달리기,초,1,anchors_not_monotonic,1979,0,,,,,,,,9.85,30.0,,,,,,
성인,55,59,세,M,순발력,022,제자리멀리뛰기,cm,0,anchors_not_monotonic,5792,0,,,,,,,,0.0,275.0,,,,,,
성인,55,59,세,M,근력,028,상대악력,%,0,ok,9257,9257,ecdf,0,40.6,49.0,54.2,59.4,78.5,0.0,100.2,30.91,55.92,78.88,90.13,96.61,70.23
성인,55,59,세,M,심폐지구력,035,트레드밀VO2max,ml/kg/min,0,ok,1323,1323,ecdf,0,29.8,34.1,35.9,37.7,45.956,19.1,51.9,20.59,50.36,79.05,90.15,96.62,68.06
성인,55,59,세,M,심폐지구력,037,스텝검사VO2max,ml/kg/min,0,ok,5620,5620,ecdf,0,30.0,34.1,35.9,37.7,44.8,13.9,49.3,22.81,52.5,80.0,90.45,96.65,68.99
성인,55,59,세,M,민첩성,040,반응시간,초,1,ok,6775,6775,ecdf,1,-0.5465,-0.4,-0.383,-0.348,-0.278,0.148,1.99,13.79,40.0,69.73,86.08,95.26,62.17
성인,55,59,세,M,순발력,041,성인체공시간,초,0,ok,2953,2953,ecdf,1,0.325,0.452,0.475,0.508,0.58,0.001,0.714,13.14,40.0,67.56,85.06,94.79,60.47
성인,55,59,세,F,유연성,012,앉아윗몸앞으로굽히기,cm,0,ok,10113,10113,ecdf,0,-3.876,11.9,15.7,19.5,27.376,-30.0,36.7,12.84,36.9,62.9,84.17,94.5,58.63
성인,55,59,세,F,근지구력,019,교차윗몸일으키기,회,0,ok,10066,10066,ecdf,0,0.0,9.0,15.0,20.0,39.0,0.0,61.0,4.84,34.51,67.48,87.06,96.04,59.31
성인,55,59,세,F,심폐지구력,020,왕복오래달리기,회,0,ok,1865,1865,ecdf,0,0.0,11.0,14.0,18.0,32.0,0.0,49.0,10.69,24.67,52.04,80.0,92.03,52.89
성인,55,59,세,F,민첩성,021,10m4회왕복달리기,초,1,anchors_not_monotonic,1558,0,,,,,,,,9.88,60.0,,,,,,
성인,55,59,세,F,순발력,022,제자리멀리뛰기,cm,0,anchors_not_monotonic,6041,0,,,,,,,,0.0,283.0,,,,,,
성인,55,59,세,F,근력,028,상대악력,%,0,ok,11232,11232,ecdf,0,28.0,35.2,39.2,43.2,62.5,0.0,78.8,37.94,63.1,83.43,92.08,97.23,74.29
성인,55,59,세,F,심폐지구력,035,트레드밀VO2max,ml/kg/min,0,ok,2053,2053,ecdf,0,26.0,28.4,29.8,31.3,38.9,17.8,44.7,42.34,68.9,85.27,92.97,97.55,76.73
성인,55,59,세,F,심폐지구력,037,스텝검사VO2max,ml/kg/min,0,ok,7259,7259,ecdf,0,23.8,28.4,29.8,31.3,37.5,10.5,40.9,22.06,52.62,81.46,91.1,96.97,69.52
성인,55,59,세,F,민첩성,040,반응시간,초,1,ok,8367,8367,ecdf,1,-0.5987,-0.439,-0.416,-0.369,-0.291,0.074,1.999,14.2,40.0,67.63,83.66,94.36,60.9
성인,55,59,세,F,순발력,041,성인체공시간,초,0,ok,3873,3873,ecdf,1,0.2624,0.357,0.374,0.402,0.476,0.001,0.676,13.78,40.0,69.8,87.23,95.45,62.52
성인,60,64,세,M,유연성,012,앉아윗몸앞으로굽히기,cm,0,ok,16740,16740,ecdf,0,-10.6,2.3,7.1,11.8,22.6,-30.0,40.0,23.78,50.44,71.92,87.8,95.71,66.29
성인,60,64,세,M,근지구력,019,교차윗몸일으키기,회,0,ok,16749,16749,ecdf,0,6.0,19.0,25.0,31.0,47.04,0.0,61.0,22.85,49.07,69.83,87.59,96.47,64.91
성인,60,64,세,M,심폐지구력,020,왕복오래달리기,회,0,ok,4647,4647,ecdf,0,6.0,15.0,20.0,26.0,40.0,0.0,73.0,16.78,45.15,60.0,80.0,91.59,58.12
성인,60,64,세,M,민첩성,021,10m4회왕복달리기,초,1,anchors_not_monotonic,4350,0,,,,,,,,9.52,30.0,,,,,,
성인,60,64,세,M,순발력,022,제자리멀리뛰기,cm,0,anchors_not_monotonic,11520,0,,,,,,,,0.0,284.0,,,,,,
성인,60,64,세,M,근력,028,상대악력,%,0,ok,17266,17266,ecdf,0,41.1,46.6,51.7,56.8,77.6,0.0,155.8,46.2,66.68,83.89,92.23,97.31,76.55
성인,60,64,세,M,심폐지구력,035,트레드밀VO2max,ml/kg/min,0,ok,3112,3112,ecdf,0,28.922,33.2,34.8,36.3,44.7,19.2,61.4,20.66,51.25,80.0,90.46,96.78,68.48
성인,60,64,세,M,심폐지구력,037,스텝검사VO2max,ml/kg/min,0,ok,9473,9473,ecdf,0,29.2,33.2,34.8,36.3,43.0,15.9,52.2,22.08,50.61,80.0,90.53,96.63,68.41
성인,60,64,세,M,민첩성,040,반응시간,초,1,ok,12330,12330,ecdf,1,-0.531,-0.404,-0.402,-0.351,-0.284,0.141,1.999,13.78,40.0,71.54,85.01,94.86,63.62
성인,60,64,세,M,순발력,041,성인체공시간,초,0,ok,5151,5151,ecdf,1,0.321,0.433,0.443,0.474,0.564,0.1,0.999,13.89,40.0,77.19,89.78,96.56,65.75
성인,60,64,세,F,유연성,012,앉아윗몸앞으로굽히기,cm,0,ok,9485,9485,ecdf,0,-2.632,11.8,15.7,19.6,27.8,-20.0,35.0,14.09,40.31,64.08,84.06,94.27,59.58
성인,60,64,세,F,근지구력,019,교차윗몸일으키기,회,0,ok,9354,9354,ecdf,0,0.0,7.0,12.0,17.0,36.0,0.0,61.0,0.0,27.18,63.93,86.2,95.33,56.64
성인,60,64,세,F,심폐지구력,020,왕복오래달리기,회,0,ok,1847,1847,ecdf,0,0.0,9.0,12.0,15.0,27.0,0.0,46.0,3.43,30.52,48.1,72.54,91.01,49.35
성인,60,64,세,F,민첩성,021,10m4회왕복달리기,초,1,anchors_not_monotonic,1443,0,,,,,,,,11.703,60.0,,,,,,
성인,60,64,세,F,순발력,022,제자리멀리뛰기,cm,0,anchors_not_monotonic,5235,0,,,,,,,,0.0,212.0,,,,,,
성인,60,64,세,F,근력,028,상대악력,%,0,ok,10710,10710,ecdf,0,28.418,34.1,38.0,41.9,61.6,0.0,98.6,43.25,67.3,84.48,92.56,97.43,76.36
성인,60,64,세,F,심폐지구력,035,트레드밀VO2max,ml/kg/min,0,ok,1989,1989,ecdf,0,25.576,27.7,29.0,30.2,37.9,19.6,49.4,44.56,73.2,85.91,93.28,97.68,78.22
성인,60,64,세,F,심폐지구력,037,스텝검사VO2max,ml/kg/min,0,ok,6788,6788,ecdf,0,22.474,27.7,29.0,30.2,36.5,10.6,44.6,20.51,52.77,82.49,91.66,97.17,70.28
성인,60,64,세,F,민첩성,040,반응시간,초,1,ok,7790,7790,ecdf,1,-0.638,-0.455,-0.434,-0.387,-0.295,0.14,1.999,13.88,40.0,69.8,86.0,95.09,62.23
성인,60,64,세,F,순발력,041,성인체공시간,초,0,ok,3971,3971,ecdf,1,0.249,0.338,0.366,0.393,0.454,0.001,0.626,13.9,40.0,61.97,83.02,94.17,58.76
청소년,13,13,세,M,근지구력,009,윗몸말아올리기,회,0,ok,5350,5350,ecdf,0,4.0,36.0,49.0,61.0,90.0,0.0,100.0,6.51,19.09,40.0,80.0,95.53,47.7
청소년,13,13,세,M,근지구력,010,반복점프,회,0,ok,5896,5896,ecdf,0,12.0,33.0,39.0,44.0,59.0,0.0,80.0,11.46,33.67,67.6,87.29,96.49,60.29
청소년,13,13,세,M,유연성,012,앉아윗몸앞으로굽히기,cm,0,ok,11276,11276,ecdf,0,-15.0,1.0,5.3,9.6,21.35,-30.0,31.5,12.05,31.56,59.08,83.18,94.22,56.25
청소년,13,13,세,M,민첩성,013,일리노이,초,1,ok,11182,11182,ecdf,1,-27.359,-21.79,-20.3,-19.1,-16.9462,11.16,120.0,13.93,40.0,61.53,82.98,93.97,58.42
청소년,13,13,세,M,순발력,014,체공시간,초,0,ok,10393,10393,ecdf,1,0.34,0.462,0.489,0.526,0.648,0.0,589.0,13.67,40.0,69.98,88.17,95.81,62.67
청소년,13,13,세,M,협응력,017,눈-손협응력,초,1,ok,10457,10457,ecdf,1,-72.9554,-58.326,-58.2,-53.9,-41.5267,26.487,124.554,13.91,40.0,81.12,90.96,96.86,67.76
청소년,13,13,세,M,심폐지구력,020,왕복오래달리기,회,0,ok,11217,11217,ecdf,0,5.0,30.0,40.0,50.0,84.0,0.0,120.0,9.32,26.29,54.77,84.75,95.39,54.48
청소년,13,13,세,M,근력,028,상대악력,%,0,ok,11354,11354,ecdf,0,28.106,41.0,46.4,51.8,77.7,0.0,117.2,17.43,46.11,78.05,90.13,96.6,66.41
청소년,13,13,세,M,심폐지구력,035,트레드밀VO2max,ml/kg/min,0,ok,41,41,ecdf,0,33.18,40.6,43.2,45.8,53.62,31.9,56.9,26.67,63.64,81.0,91.0,97.0,72.22
청소년,13,13,세,M,심폐지구력,037,스텝검사VO2max,ml/kg/min,0,ok,53,53,ecdf,0,40.004,40.6,43.2,45.8,54.276,39.7,55.0,52.8,81.03,87.69,94.87,98.36,81.48
청소년,13,13,세,F,근지구력,009,윗몸말아올리기,회,0,ok,4419,4419,ecdf,0,0.0,25.0,37.0,48.0,80.0,0.0,150.0,5.9,17.5,37.65,60.0,87.56,42.3
청소년,13,13,세,F,근지구력,010,반복점프,회,0,ok,4521,4521,ecdf,0,8.2,22.0,27.0,31.0,52.0,0.0,66.0,12.36,35.14,64.78,88.63,95.88,60.5
청소년,13,13,세,F,유연성,012,앉아윗몸앞으로굽히기,cm,0,ok,8960,8960,ecdf,0,-11.0,7.4,12.0,16.6,28.0,-22.0,45.0,10.33,30.07,58.05,83.95,94.71,55.57
청소년,13,13,세,F,민첩성,013,일리노이,초,1,ok,8865,8865,ecdf,1,-29.89,-24.11,-22.6,-21.3,-18.6328,12.93,120.0,13.87,40.0,62.86,83.72,94.42,58.99
청소년,13,13,세,F,순발력,014,체공시간,초,0,ok,8161,8161,ecdf,1,0.2792,0.397,0.43,0.464,0.558,0.0,539.0,13.75,40.0,64.57,86.46,94.56,59.7
청소년,13,13,세,F,협응력,017,눈-손협응력,초,1,anchors_not_monotonic,8363,0,,,,,,,,25.292,120.736,,,,,,
청소년,13,13,세,F,심폐지구력,020,왕복오래달리기,회,0,ok,8908,8908,ecdf,0,5.0,19.0,25.0,32.0,54.0,0.0,115.0,11.58,27.72,52.16,77.61,93.23,52.01
청소년,13,13,세,F,근력,028,상대악력,%,0,ok,8993,8993,ecdf,0,27.2,36.3,40.5,44.7,67.0,10.5,233.8,24.04,53.8,81.43,91.13,96.89,70.01
청소년,13,13,세,F,심폐지구력,035,트레드밀VO2max,ml/kg/min,0,ok,24,24,linear,0,30.504,32.8,34.5,36.2,44.184,29.4,46.3,29.2,64.12,84.51,86.7,92.12,71.16
청소년,13,13,세,F,심폐지구력,037,스텝검사VO2max,ml/kg/min,0,ok,34,34,ecdf,0,28.072,32.8,34.5,36.2,44.248,25.3,45.7,75.0,82.41,88.52,94.81,98.3,84.69
청소년,14,14,세,M,근지구력,009,윗몸말아올리기,회,0,ok,5391,5391,ecdf,0,4.0,37.0,48.0,60.0,90.0,0.0,121.0,6.9,19.41,38.81,80.0,96.63,47.59
청소년,14,14,세,M,근지구력,010,반복점프,회,0,ok,5598,5598,ecdf,0,12.0,36.0,42.0,48.0,61.0,0.0,73.0,15.8,42.49,68.92,87.16,96.39,62.95
청소년,14,14,세,M,유연성,012,앉아윗몸앞으로굽히기,cm,0,ok,11021,11021,ecdf,0,-15.0,2.1,6.5,10.9,23.7,-30.0,35.2,9.84,30.51,58.56,83.99,94.39,55.86
청소년,14,14,세,M,민첩성,013,일리노이,초,1,ok,10943,10943,ecdf,1,-26.3416,-21.22,-19.9,-18.7,-16.5484,5.0,120.0,14.0,40.0,63.55,84.17,94.51,59.37
청소년,14,14,세,M,순발력,014,체공시간,초,0,ok,10238,10238,ecdf,1,0.353,0.489,0.518,0.555,0.675,0.0,651.0,14.54,40.0,72.63,87.29,95.54,62.01
청소년,14,14,세,M,협응력,017,눈-손협응력,초,1,anchors_not_monotonic,10324,0,,,,,,,,28.601,120.782,,,,,,
청소년,14,14,세,M,심폐지구력,020,왕복오래달리기,회,0,ok,10967,10967,ecdf,0,6.0,36.0,46.0,56.0,94.0,0.0,137.0,8.72,24.69,53.76,83.73,94.51,53.59
청소년,14,14,세,M,근력,028,상대악력,%,0,ok,11093,11093,ecdf,0,30.4,44.6,49.8,55.0,82.4,0.0,114.4,17.86,47.64,80.59,90.73,96.78,67.48
청소년,14,14,세,M,심폐지구력,035,트레드밀VO2max,ml/kg/min,0,ok,35,35,ecdf,0,38.412,41.2,43.7,46.2,53.3,37.8,53.3,42.0,65.0,84.76,91.9,96.76,75.23
청소년,14,14,세,M,심폐지구력,037,스텝검사VO2max,ml/kg/min,0,ok,59,59,ecdf,0,33.944,41.2,43.7,46.2,55.088,31.1,55.8,38.4,68.75,85.41,93.24,97.95,76.18
청소년,14,14,세,F,근지구력,009,윗몸말아올리기,회,0,ok,4458,4458,ecdf,0,0.0,24.0,36.0,47.0,80.0,0.0,90.0,5.85,18.07,36.39,59.11,88.26,41.11
청소년,14,14,세,F,근지구력,010,반복점프,회,0,ok,3787,3787,ecdf,0,5.0,23.0,28.0,34.0,54.0,0.0,63.0,12.51,35.19,63.1,86.88,95.3,59.03
청소년,14,14,세,F,유연성,012,앉아윗몸앞으로굽히기,cm,0,ok,8267,8267,ecdf,0,-11.8,8.6,13.4,18.2,30.0,-20.0,40.6,9.6,27.77,56.47,82.32,93.6,54.33
청소년,14,14,세,F,민첩성,013,일리노이,초,1,ok,8212,8212,ecdf,1,-30.0,-24.15,-22.8,-21.3,-18.5122,5.0,120.0,13.78,40.0,65.24,84.15,94.52,59.84
청소년,14,14,세,F,순발력,014,체공시간,초,0,ok,7610,7610,ecdf,1,0.291,0.401,0.439,0.474,0.565,0.0,490.0,14.03,40.0,60.0,83.35,94.62,58.09
청소년,14,14,세,F,협응력,017,눈-손협응력,초,1,ok,7727,7727,ecdf,1,-71.6904,-58.4465,-57.9,-53.6,-40.4191,16.824,120.46,13.92,40.05,80.85,90.83,96.81,67.16
청소년,14,14,세,F,심폐지구력,020,왕복오래달리기,회,0,ok,8230,8230,ecdf,0,5.0,19.0,26.0,34.0,53.42,0.0,101.0,10.16,24.66,47.97,69.77,91.16,48.84
청소년,14,14,세,F,근력,028,상대악력,%,0,ok,8330,8330,ecdf,0,27.5,36.1,40.4,44.7,66.542,12.3,91.4,25.83,55.33,81.72,91.28,96.96,70.69
청소년,14,14,세,F,심폐지구력,035,트레드밀VO2max,ml/kg/min,0,ok,22,22,linear,0,19.704,33.0,34.8,36.6,42.316,12.9,42.4,34.92,39.02,67.22,83.59,96.48,61.79
청소년,14,14,세,F,심폐지구력,037,스텝검사VO2max,ml/kg/min,0,ok,58,58,ecdf,0,27.934,33.0,34.8,36.6,45.704,24.8,45.9,37.6,72.14,86.05,93.55,98.05,77.13
청소년,15,15,세,M,근지구력,009,윗몸말아올리기,회,0,ok,6881,6881,ecdf,0,4.0,29.0,39.0,49.0,100.0,0.0,111.0,9.77,26.47,52.7,83.34,96.19,53.32
청소년,15,15,세,M,근지구력,010,반복점프,회,0,ok,9437,9437,ecdf,0,15.0,38.0,44.0,50.0,62.0,0.0,75.0,13.46,40.0,66.38,85.49,95.76,61.2
청소년,15,15,세,M,유연성,012,앉아윗몸앞으로굽히기,cm,0,ok,16381,16381,ecdf,0,-15.0,1.9,6.9,11.9,25.0,-30.0,38.9,12.11,36.62,63.01,84.88,94.73,58.5
청소년,15,15,세,M,민첩성,013,일리노이,초,1,ok,16262,16262,ecdf,1,-25.81,-20.81,-20.3,-19.0,-16.36,12.0,120.0,13.91,40.0,74.82,89.17,96.2,64.61
청소년,15,15,세,M,순발력,014,체공시간,초,0,ok,15520,15520,ecdf,1,0.382,0.513,0.533,0.574,0.6936,0.0,643.0,14.27,40.0,72.18,88.88,96.09,63.6
청소년,15,15,세,M,협응력,017,눈-손협응력,초,1,ok,14835,14835,ecdf,1,-66.6326,-53.929,-53.9,-50.2,-37.892,21.131,124.554,13.93,40.0,82.3,91.52,97.05,68.53
청소년,15,15,세,M,심폐지구력,020,왕복오래달리기,회,0,ok,16179,16179,ecdf,0,5.0,36.0,46.0,56.0,90.0,0.0,131.0,8.95,25.3,54.34,85.06,94.53,53.95
청소년,15,15,세,M,근력,028,상대악력,%,0,ok,16595,16595,ecdf,0,32.1,47.3,53.0,58.7,84.5,0.0,121.8,17.25,46.15,77.72,89.98,96.56,66.19
청소년,15,15,세,M,심폐지구력,035,트레드밀VO2max,ml/kg/min,0,ok,52,52,ecdf,0,37.32,41.6,44.2,46.8,53.394,37.1,53.8,24.0,55.83,81.6,91.4,97.52,70.26
청소년,15,15,세,M,심폐지구력,037,스텝검사VO2max,ml/kg/min,0,ok,294,294,ecdf,0,37.158,41.6,44.2,46.8,53.684,31.1,57.7,31.52,52.59,76.42,89.52,96.35,68.85
청소년,15,15,세,F,근지구력,009,윗몸말아올리기,회,0,ok,5512,5512,ecdf,0,0.0,23.0,36.0,48.0,80.0,0.0,100.0,5.89,17.13,36.08,56.0,80.0,39.63
청소년,15,15,세,F,근지구력,010,반복점프,회,0,ok,6821,6821,ecdf,0,6.0,24.0,29.0,35.0,53.0,0.0,65.0,9.52,27.9,56.23,81.81,93.62,54.41
청소년,15,15,세,F,유연성,012,앉아윗몸앞으로굽히기,cm,0,ok,12416,12416,ecdf,0,-11.0,9.5,14.3,19.1,30.0,-30.0,37.0,9.52,27.62,56.97,82.6,94.08,54.23
청소년,15,15,세,F,민첩성,013,일리노이,초,1,ok,12306,12306,ecdf,1,-29.94,-24.3075,-22.7,-21.4,-18.671,5.0,120.0,13.93,40.03,62.16,83.99,94.43,58.92
청소년,15,15,세,F,순발력,014,체공시간,초,0,ok,11857,11857,ecdf,1,0.303,0.404,0.439,0.474,0.564,0.0,521.0,14.18,40.0,63.02,83.35,94.64,59.39
청소년,15,15,세,F,협응력,017,눈-손협응력,초,1,ok,11237,11237,ecdf,1,-74.1395,-58.258,-56.8,-52.3,-40.2201,21.377,121.518,13.93,40.0,75.99,89.42,96.32,65.0
청소년,15,15,세,F,심폐지구력,020,왕복오래달리기,회,0,ok,12416,12416,ecdf,0,5.0,19.0,26.0,32.0,52.0,0.0,100.0,9.2,23.28,47.64,71.79,90.57,48.34
청소년,15,15,세,F,근력,028,상대악력,%,0,ok,12599,12599,ecdf,0,27.4,36.2,40.2,44.2,66.4,10.9,104.4,25.51,57.26,82.4,91.64,97.06,71.44
청소년,15,15,세,F,심폐지구력,035,트레드밀VO2max,ml/kg/min,0,ok,28,28,linear,0,31.536,33.2,35.0,36.9,44.592,29.7,44.7,40.0,56.94,76.32,83.64,93.0,69.0
청소년,15,15,세,F,심폐지구력,037,스텝검사VO2max,ml/kg/min,0,ok,89,89,ecdf,0,28.308,33.2,35.0,36.9,44.048,26.5,44.5,29.09,64.71,83.2,92.0,97.28,73.39
청소년,16,16,세,M,근지구력,009,윗몸말아올리기,회,0,ok,7565,7565,ecdf,0,4.0,27.0,38.0,49.0,100.0,0.0,110.0,10.0,29.34,53.41,82.57,96.17,53.73
청소년,16,16,세,M,근지구력,010,반복점프,회,0,ok,11337,11337,ecdf,0,13.0,39.0,45.0,50.0,62.0,0.0,73.0,15.84,43.16,71.17,87.36,96.8,62.92
청소년,16,16,세,M,유연성,012,앉아윗몸앞으로굽히기,cm,0,ok,19068,19068,ecdf,0,-15.0,4.0,8.9,13.8,25.4,-30.0,36.3,9.48,27.71,56.93,81.54,93.74,54.16
청소년,16,16,세,M,민첩성,013,일리노이,초,1,ok,18895,18895,ecdf,1,-25.8012,-20.5,-20.1,-18.7,-16.19,5.0,120.0,13.76,40.0,74.49,88.73,96.07,64.65
청소년,16,16,세,M,순발력,014,체공시간,초,0,ok,18357,18357,ecdf,1,0.4,0.521,0.53,0.569,0.701,0.0,688.0,13.92,40.0,79.31,90.61,96.64,66.53
청소년,16,16,세,M,협응력,017,눈-손협응력,초,1,ok,17215,17215,ecdf,1,-65.5141,-52.517,-51.7,-47.8,-36.8762,23.934,120.46,13.91,40.0,79.99,90.42,96.67,66.67
청소년,16,16,세,M,심폐지구력,020,왕복오래달리기,회,0,ok,18461,18461,ecdf,0,1.0,36.0,47.0,57.0,85.0,0.0,141.0,8.72,24.97,52.59,82.73,93.92,52.71
청소년,16,16,세,M,근력,028,상대악력,%,0,ok,19368,19368,ecdf,0,33.234,49.2,55.5,61.8,85.8,0.0,132.6,15.71,43.14,71.54,88.51,96.04,63.66
청소년,16,16,세,M,심폐지구력,035,트레드밀VO2max,ml/kg/min,0,ok,44,44,ecdf,0,39.296,41.9,44.6,47.3,51.756,36.2,52.1,41.8,54.0,78.75,90.25,96.7,70.61
청소년,16,16,세,M,심폐지구력,037,스텝검사VO2max,ml/kg/min,0,ok,728,728,ecdf,0,38.162,41.9,44.6,47.3,53.0,28.6,55.1,37.12,59.63,76.65,89.75,96.31,70.78
청소년,16,16,세,F,근지구력,009,윗몸말아올리기,회,0,ok,5327,5327,ecdf,0,0.0,19.0,30.0,41.0,80.0,0.0,100.0,8.32,22.4,46.68,66.31,85.66,46.38
청소년,16,16,세,F,근지구력,010,반복점프,회,0,ok,8546,8546,ecdf,0,5.0,22.0,28.0,34.0,53.0,0.0,64.0,11.43,34.67,60.0,83.72,94.1,57.76
청소년,16,16,세,F,유연성,012,앉아윗몸앞으로굽히기,cm,0,ok,14047,14047,ecdf,0,-11.0,8.5,13.7,18.9,30.0,-30.0,39.0,12.56,32.12,61.38,83.84,94.34,56.95
청소년,16,16,세,F,민첩성,013,일리노이,초,1,ok,13890,13890,ecdf,1,-30.0922,-24.28,-22.6,-21.1,-18.5,5.0,120.0,13.87,40.0,61.32,81.2,93.44,57.94
청소년,16,16,세,F,순발력,014,체공시간,초,0,ok,13611,13611,ecdf,1,0.3072,0.411,0.432,0.469,0.564,0.0,502.0,14.16,40.0,67.61,85.25,94.99,61.44
청소년,16,16,세,F,협응력,017,눈-손협응력,초,1,anchors_not_monotonic,12800,0,,,,,,,,20.82,120.782,,,,,,
청소년,16,16,세,F,심폐지구력,020,왕복오래달리기,회,0,ok,14054,14054,ecdf,0,2.0,19.0,25.0,32.0,52.0,0.0,94.0,9.68,23.58,49.84,70.79,89.54,48.0
청소년,16,16,세,F,근력,028,상대악력,%,0,ok,14354,14354,ecdf,0,27.806,34.5,39.0,43.5,66.594,0.0,160.0,39.12,63.15,83.72,92.23,97.3,74.51
청소년,16,16,세,F,심폐지구력,035,트레드밀VO2max,ml/kg/min,0,ok,26,26,linear,0,31.15,33.9,35.6,37.3,41.25,30.4,42.0,13.82,47.65,79.41,87.34,94.18,65.17
청소년,16,16,세,F,심폐지구력,037,스텝검사VO2max,ml/kg/min,0,ok,149,149,ecdf,0,28.176,33.9,35.6,37.3,43.62,25.7,48.0,20.0,52.5,82.68,92.2,97.17,69.94
청소년,17,17,세,M,근지구력,009,윗몸말아올리기,회,0,ok,9881,9881,ecdf,0,4.0,25.0,36.0,46.0,100.0,0.0,104.0,10.07,30.78,54.57,83.3,97.34,54.55
청소년,17,17,세,M,근지구력,010,반복점프,회,0,ok,13808,13808,ecdf,0,12.0,38.0,44.0,50.0,63.0,0.0,83.0,17.82,45.82,72.06,89.37,96.56,65.73
청소년,17,17,세,M,유연성,012,앉아윗몸앞으로굽히기,cm,0,ok,23882,23882,ecdf,0,-15.0,4.0,9.0,14.0,26.0,-30.0,37.0,10.11,29.82,58.47,83.06,94.12,55.6
청소년,17,17,세,M,민첩성,013,일리노이,초,1,ok,23618,23618,ecdf,1,-25.6,-20.28,-19.7,-18.3,-16.1,5.0,120.0,13.85,40.0,71.75,87.31,95.57,63.21
청소년,17,17,세,M,순발력,014,체공시간,초,0,ok,23229,23229,ecdf,1,0.4156,0.528,0.543,0.582,0.708,-732.0,686.0,14.04,40.0,75.32,89.33,96.28,65.05
청소년,17,17,세,M,협응력,017,눈-손협응력,초,1,ok,22069,22069,ecdf,1,-63.6815,-51.145,-51.1,-47.3,-36.0944,10.0,124.554,13.91,40.0,82.0,91.37,97.0,68.32
청소년,17,17,세,M,심폐지구력,020,왕복오래달리기,회,0,ok,22484,22484,ecdf,0,2.0,37.0,48.0,59.0,84.0,0.0,122.0,8.42,24.07,50.63,81.7,93.82,52.0
청소년,17,17,세,M,근력,028,상대악력,%,0,ok,24137,24137,ecdf,0,34.3,50.2,56.4,62.6,85.7,0.0,145.9,15.21,42.18,70.35,88.08,95.9,63.0
청소년,17,17,세,M,심폐지구력,035,트레드밀VO2max,ml/kg/min,0,ok,707,707,ecdf,0,36.424,42.0,44.7,47.4,53.2,30.8,59.7,21.31,48.55,71.55,87.35,95.57,65.37
청소년,17,17,세,M,심폐지구력,037,스텝검사VO2max,ml/kg/min,0,ok,745,745,ecdf,0,37.5,42.0,44.7,47.4,53.5,30.4,55.8,39.37,62.64,80.0,90.42,96.69,72.47
청소년,17,17,세,F,근지구력,009,윗몸말아올리기,회,0,ok,5788,5788,ecdf,0,0.0,18.0,29.0,41.0,77.78,0.0,100.0,8.1,24.23,47.21,68.16,85.91,47.22
청소년,17,17,세,F,근지구력,010,반복점프,회,0,ok,8968,8968,ecdf,0,5.0,21.0,27.0,33.0,53.0,0.0,96.0,12.97,40.0,63.74,86.02,95.37,60.52
청소년,17,17,세,F,유연성,012,앉아윗몸앞으로굽히기,cm,0,ok,14957,14957,ecdf,0,-11.0,8.1,13.5,18.9,30.5,-30.0,40.0,12.84,33.93,62.09,84.6,94.6,57.99
청소년,17,17,세,F,민첩성,013,일리노이,초,1,ok,14744,14744,ecdf,1,-30.1,-24.25,-22.6,-21.0,-18.34,5.0,120.0,13.96,40.0,62.74,82.54,93.92,58.7
청소년,17,17,세,F,순발력,014,체공시간,초,0,ok,14524,14524,ecdf,1,0.308,0.413,0.438,0.481,0.569,0.0,3453.0,13.87,40.0,64.81,80.0,93.08,59.26
청소년,17,17,세,F,협응력,017,눈-손협응력,초,1,anchors_not_monotonic,13755,0,,,,,,,,10.0,120.874,,,,,,
청소년,17,17,세,F,심폐지구력,020,왕복오래달리기,회,0,ok,14580,14580,ecdf,0,1.0,19.0,27.0,35.0,55.0,0.0,126.0,10.8,20.86,43.95,64.59,84.26,44.75
청소년,17,17,세,F,근력,028,상대악력,%,0,ok,15227,15227,ecdf,0,27.6,36.7,41.2,45.7,66.148,0.0,163.6,25.19,53.88,80.6,90.71,96.79,69.78
청소년,17,17,세,F,심폐지구력,035,트레드밀VO2max,ml/kg/min,0,ok,272,272,ecdf,0,27.768,34.0,35.7,37.4,45.674,18.8,51.2,18.89,48.5,78.72,90.48,96.94,67.36
청소년,17,17,세,F,심폐지구력,037,스텝검사VO2max,ml/kg/min,0,ok,216,216,ecdf,0,26.63,34.0,35.7,37.4,43.84,19.6,48.6,36.84,67.62,85.87,93.29,97.9,76.32
청소년,18,18,세,M,근지구력,009,윗몸말아올리기,회,0,ok,10259,10259,ecdf,0,5.0,29.0,41.0,53.0,80.0,0.0,160.0,8.66,26.82,49.75,74.36,90.94,50.15
청소년,18,18,세,M,근지구력,010,반복점프,회,0,ok,13642,13642,ecdf,0,20.0,40.0,46.0,52.0,62.0,0.0,80.0,17.01,45.26,68.81,86.72,96.04,64.03
청소년,18,18,세,M,유연성,012,앉아윗몸앞으로굽히기,cm,0,ok,23986,23986,ecdf,0,-13.5,4.6,9.7,14.8,25.8,-30.0,36.0,12.89,37.35,62.96,84.14,94.57,58.72
청소년,18,18,세,M,민첩성,013,일리노이,초,1,ok,23729,23729,ecdf,1,-24.2044,-19.7,-19.6,-18.0,-16.0,5.0,120.0,13.98,40.0,73.18,87.36,95.57,64.61
청소년,18,18,세,M,순발력,014,체공시간,초,0,ok,23635,23635,ecdf,1,0.44,0.54,0.565,0.61,0.712,0.0,7486.0,14.42,40.0,67.53,84.86,94.77,61.11
청소년,18,18,세,M,협응력,017,눈-손협응력,초,1,ok,23073,23073,ecdf,1,-63.4222,-51.093,-50.7,-47.0,-35.8414,11.296,121.15,13.92,40.0,81.38,91.08,96.9,67.69
청소년,18,18,세,M,심폐지구력,020,왕복오래달리기,회,0,ok,18867,18867,ecdf,0,2.0,37.0,49.0,61.0,81.0,0.0,150.0,10.48,28.15,51.28,75.67,91.89,51.44
청소년,18,18,세,M,근력,028,상대악력,%,0,ok,24125,24125,ecdf,0,37.0,50.2,56.0,61.8,85.1,0.0,145.7,19.67,48.63,76.18,89.72,96.4,66.82
청소년,18,18,세,M,심폐지구력,035,트레드밀VO2max,ml/kg/min,0,ok,4323,4323,ecdf,0,36.3,42.3,44.9,47.5,53.3,27.2,78.6,24.44,52.64,74.07,88.49,95.98,67.46
청소년,18,18,세,M,심폐지구력,037,스텝검사VO2max,ml/kg/min,0,ok,829,829,ecdf,0,38.256,42.3,44.9,47.5,54.044,26.3,56.2,43.88,64.11,82.3,91.54,96.97,74.65
청소년,18,18,세,F,근지구력,009,윗몸말아올리기,회,0,ok,3581,3581,ecdf,0,0.0,16.0,29.0,41.0,70.0,0.0,104.0,8.91,29.69,50.63,67.85,84.55,49.31
청소년,18,18,세,F,근지구력,010,반복점프,회,0,ok,5287,5287,ecdf,0,6.0,23.0,29.0,36.0,54.0,0.0,65.0,11.92,35.07,63.86,85.19,94.54,58.27
청소년,18,18,세,F,유연성,012,앉아윗몸앞으로굽히기,cm,0,ok,8931,8931,ecdf,0,-10.0,8.7,14.1,19.5,30.0,-25.0,36.5,13.8,38.65,64.5,85.24,94.86,59.62
청소년,18,18,세,F,민첩성,013,일리노이,초,1,ok,8828,8828,ecdf,1,-29.84,-23.62,-21.7,-20.1,-18.04,5.0,55.18,13.9,40.0,59.65,77.66,92.07,56.6
청소년,18,18,세,F,순발력,014,체공시간,초,0,ok,8777,8777,ecdf,1,0.321,0.419,0.463,0.506,0.578,0.0,458.0,13.86,40.0,57.21,74.82,89.87,55.29
청소년,18,18,세,F,협응력,017,눈-손협응력,초,1,anchors_not_monotonic,8364,0,,,,,,,,10.923,120.46,,,,,,
청소년,18,18,세,F,심폐지구력,020,왕복오래달리기,회,0,ok,7580,7580,ecdf,0,1.0,21.0,30.0,40.0,52.0,0.0,92.0,6.44,17.18,40.0,57.35,80.0,40.25
청소년,18,18,세,F,근력,028,상대악력,%,0,ok,9055,9055,ecdf,0,28.7,38.8,43.6,48.4,66.092,0.0,112.6,18.86,46.7,72.98,88.69,96.12,65.32
청소년,18,18,세,F,심폐지구력,035,트레드밀VO2max,ml/kg/min,0,ok,996,996,ecdf,0,27.19,34.1,35.8,37.5,44.82,11.0,54.2,20.63,50.0,78.54,90.45,96.63,68.05
청소년,18,18,세,F,심폐지구력,037,스텝검사VO2max,ml/kg/min,0,ok,409,409,ecdf,0,32.732,34.1,35.8,37.5,44.584,27.4,47.2,50.53,71.86,85.81,93.26,97.83,78.66
유아기,48,53,개월,M,근지구력,009,윗몸말아올리기,회,0,anchors_not_monotonic,839,0,,,,,,,,0.0,38.0,,,,,,
유아기,48,53,개월,M,유연성,012,앉아윗몸앞으로굽히기,cm,0,ok,839,839,ecdf,0,-1.5,8.2,10.7,13.0,18.024,-10.0,34.0,7.72,22.46,47.33,73.78,92.24,49.05
유아기,48,53,개월,M,심폐지구력,020,왕복오래달리기,회,0,ok,835,835,ecdf,0,0.0,25.0,35.0,48.0,82.0,0.0,113.0,12.42,34.89,62.71,83.85,94.7,58.26
유아기,48,53,개월,M,순발력,022,제자리멀리뛰기,cm,0,ok,837,837,ecdf,1,17.16,55.0,76.0,86.0,105.0,0.0,160.0,14.44,40.0,53.67,70.21,87.03,52.19
유아기,48,53,개월,M,근력,028,상대악력,%,0,ok,839,839,ecdf,0,10.0,36.1,41.4,49.3,63.3,0.0,84.8,6.73,19.21,40.0,68.81,88.72,44.44
유아기,48,53,개월,M,민첩성,050,5m4회왕복달리기,초,1,ok,836,836,ecdf,1,-17.364,-12.4425,-11.73,-11.06,-8.728,0.0,30.0,14.17,40.36,71.78,88.88,96.18,63.04
유아기,48,53,개월,M,협응력,051,3x3버튼누르기,초,1,ok,837,837,ecdf,1,-54.8448,-36.38,-33.5,-31.53,-23.0144,18.67,60.0,14.01,40.0,75.38,89.81,96.47,63.67
유아기,48,53,개월,F,근지구력,009,윗몸말아올리기,회,0,anchors_not_monotonic,849,0,,,,,,,,0.0,46.0,,,,,,
유아기,48,53,개월,F,유연성,012,앉아윗몸앞으로굽히기,cm,0,ok,850,850,ecdf,0,1.196,10.0,12.5,14.3,18.5,-10.0,22.8,8.18,23.41,48.54,78.14,91.65,48.96
유아기,48,53,개월,F,심폐지구력,020,왕복오래달리기,회,0,ok,850,850,ecdf,0,0.0,28.0,36.0,49.0,80.0,0.0,100.0,8.09,25.82,58.15,81.93,94.01,54.0
유아기,48,53,개월,F,순발력,022,제자리멀리뛰기,cm,0,ok,850,850,ecdf,1,15.0,53.0,70.0,83.0,100.0,0.0,177.0,17.35,40.0,53.78,71.39,86.14,53.82
유아기,48,53,개월,F,근력,028,상대악력,%,0,ok,850,850,ecdf,0,11.8,34.3,40.3,44.3,61.7,2.8,76.9,6.4,18.62,39.0,68.72,90.93,44.24
유아기,48,53,개월,F,민첩성,050,5m4회왕복달리기,초,1,ok,846,846,ecdf,1,-16.671,-12.5975,-11.8,-11.06,-8.909,7.79,30.0,14.05,40.14,69.29,87.88,95.78,62.04
유아기,48,53,개월,F,협응력,051,3x3버튼누르기,초,1,ok,849,849,ecdf,1,-52.7312,-36.29,-33.43,-30.72,-23.8032,19.32,60.0,13.97,40.0,69.78,87.58,95.68,62.16
유아기,54,59,개월,M,근지구력,009,윗몸말아올리기,회,0,anchors_not_monotonic,1942,0,,,,,,,,0.0,55.0,,,,,,
유아기,54,59,개월,M,유연성,012,앉아윗몸앞으로굽히기,cm,0,ok,1942,1942,ecdf,0,-2.918,7.8,10.5,13.0,18.0,-11.0,46.5,9.0,21.95,43.61,65.42,86.81,44.95
유아기,54,59,개월,M,심폐지구력,020,왕복오래달리기,회,0,ok,1938,1938,ecdf,0,5.0,34.0,44.0,59.0,100.0,0.0,110.0,10.02,29.29,61.79,85.18,94.2,56.51
유아기,54,59,개월,M,순발력,022,제자리멀리뛰기,cm,0,ok,1939,1939,ecdf,1,30.0,70.0,92.0,97.0,115.0,0.0,393.0,12.61,40.0,51.16,76.34,93.23,53.4
유아기,54,59,개월,M,근력,028,상대악력,%,0,ok,1943,1943,ecdf,0,15.684,40.6,46.1,52.9,65.416,0.0,80.0,6.91,19.96,41.89,71.54,89.66,45.8
유아기,54,59,개월,M,민첩성,050,5m4회왕복달리기,초,1,ok,1935,1935,ecdf,1,-15.6396,-11.53,-10.73,-9.88,-8.1068,0.0,30.0,14.11,40.0,67.44,86.4,95.39,61.19
유아기,54,59,개월,M,협응력,051,3x3버튼누르기,초,1,ok,1938,1938,ecdf,1,-45.19,-31.8575,-28.88,-26.28,-21.27,16.283,60.0,13.93,40.01,62.24,83.01,94.09,58.66
유아기,54,59,개월,F,근지구력,009,윗몸말아올리기,회,0,anchors_not_monotonic,1834,0,,,,,,,,0.0,51.0,,,,,,
유아기,54,59,개월,F,유연성,012,앉아윗몸앞으로굽히기,cm,0,ok,1836,1836,ecdf,0,0.6,10.0,12.7,14.3,19.13,-11.0,26.1,7.37,20.51,42.98,72.52,91.32,47.12
유아기,54,59,개월,F,심폐지구력,020,왕복오래달리기,회,0,ok,1828,1828,ecdf,0,5.0,36.0,50.0,62.0,95.46,0.0,120.0,8.26,23.64,48.21,80.0,92.48,49.88
유아기,54,59,개월,F,순발력,022,제자리멀리뛰기,cm,0,ok,1835,1835,ecdf,1,35.68,65.0,86.0,90.0,110.0,3.0,387.0,14.08,40.0,50.81,80.0,90.56,53.36
유아기,54,59,개월,F,근력,028,상대악력,%,0,ok,1836,1836,ecdf,0,13.27,37.3,43.7,51.1,62.29,0.0,85.4,6.71,19.05,39.77,67.12,86.42,43.79
유아기,54,59,개월,F,민첩성,050,5m4회왕복달리기,초,1,ok,1828,1828,ecdf,1,-15.3538,-11.6525,-11.0,-10.21,-8.4,6.03,25.69,13.97,40.05,68.47,86.93,95.49,61.71
유아기,54,59,개월,F,협응력,051,3x3버튼누르기,초,1,ok,1827,1827,ecdf,1,-41.9144,-32.045,-28.59,-26.76,-21.7804,12.814,60.0,13.96,40.02,58.17,82.72,94.02,57.56
유아기,60,65,개월,M,근지구력,009,윗몸말아올리기,회,0,ok,2629,2629,ecdf,0,0.0,1.0,5.0,9.0,26.0,0.0,93.0,0.0,40.0,55.91,84.81,93.79,56.43
유아기,60,65,개월,M,유연성,012,앉아윗몸앞으로굽히기,cm,0,ok,2637,2637,ecdf,0,-2.5,7.0,10.1,12.0,17.6,-20.0,24.0,9.63,22.29,46.5,71.54,90.92,47.73
유아기,60,65,개월,M,심폐지구력,020,왕복오래달리기,회,0,ok,2632,2632,ecdf,0,8.0,31.0,48.0,63.0,100.0,0.0,131.0,15.81,41.97,67.76,87.54,95.86,62.49
유아기,60,65,개월,M,순발력,022,제자리멀리뛰기,cm,0,ok,2637,2637,ecdf,1,45.72,80.0,95.0,105.0,123.0,0.0,1015.0,13.42,40.0,54.3,74.33,89.63,54.83
유아기,60,65,개월,M,근력,028,상대악력,%,0,ok,2637,2637,ecdf,0,16.344,41.7,47.4,53.8,68.528,0.0,359.6,7.71,21.87,47.33,74.19,90.93,48.27
유아기,60,65,개월,M,민첩성,050,5m4회왕복달리기,초,1,ok,2630,2630,ecdf,1,-14.8084,-10.86,-10.12,-9.46,-7.8358,1.42,30.0,14.04,40.0,67.9,86.76,95.42,61.4
유아기,60,65,개월,M,협응력,051,3x3버튼누르기,초,1,ok,2633,2633,ecdf,1,-41.3852,-29.11,-25.39,-23.21,-19.6428,13.13,60.0,14.06,40.0,54.18,73.91,90.44,53.96
유아기,60,65,개월,F,근지구력,009,윗몸말아올리기,회,0,anchors_not_monotonic,2580,0,,,,,,,,0.0,80.0,,,,,,
유아기,60,65,개월,F,유연성,012,앉아윗몸앞으로굽히기,cm,0,ok,2583,2583,ecdf,0,0.0,9.9,12.3,14.0,19.3,-11.0,24.0,7.78,21.59,44.66,74.09,91.59,48.06
유아기,60,65,개월,F,심폐지구력,020,왕복오래달리기,회,0,ok,2578,2578,ecdf,0,9.0,39.0,53.0,67.0,100.0,0.0,170.0,9.12,25.82,53.29,82.21,93.52,52.67
유아기,60,65,개월,F,순발력,022,제자리멀리뛰기,cm,0,ok,2581,2581,ecdf,1,50.0,75.0,88.0,95.0,113.0,0.0,130.0,10.69,40.0,56.89,80.0,92.23,54.94
유아기,60,65,개월,F,근력,028,상대악력,%,0,ok,2583,2583,ecdf,0,16.264,37.9,42.8,48.9,62.5,2.7,260.9,8.04,22.89,50.02,78.68,92.58,50.31
유아기,60,65,개월,F,민첩성,050,5m4회왕복달리기,초,1,ok,2574,2574,ecdf,1,-13.8862,-11.04,-10.81,-10.31,-8.1146,6.5,30.0,14.12,40.0,81.31,91.08,96.9,66.84
유아기,60,65,개월,F,협응력,051,3x3버튼누르기,초,1,ok,2576,2576,ecdf,1,-38.41,-29.3925,-27.42,-25.04,-20.0,12.26,60.0,13.95,40.03,65.95,84.63,94.52,60.2
유아기,66,71,개월,M,근지구력,009,윗몸말아올리기,회,0,ok,2987,2987,ecdf,0,0.0,1.0,5.0,9.0,35.0,0.0,95.0,0.0,45.11,65.49,87.01,96.66,62.9
유아기,66,71,개월,M,유연성,012,앉아윗몸앞으로굽히기,cm,0,ok,2992,2992,ecdf,0,-3.5,7.0,10.0,13.0,17.2,-14.61,21.32,7.44,21.25,46.88,68.95,86.89,46.45
유아기,66,71,개월,M,심폐지구력,020,왕복오래달리기,회,0,ok,2985,2985,ecdf,0,10.0,38.0,57.0,78.0,112.0,0.0,154.0,12.37,37.21,66.21,89.56,98.66,61.08
유아기,66,71,개월,M,순발력,022,제자리멀리뛰기,cm,0,ok,2990,2990,ecdf,1,52.78,90.0,102.0,110.0,135.0,0.0,1016.0,12.83,40.0,57.56,80.0,93.42,55.92
유아기,66,71,개월,M,근력,028,상대악력,%,0,ok,2993,2993,ecdf,0,20.7,41.3,48.8,54.1,70.016,0.0,401.6,9.49,27.21,51.91,78.41,92.59,51.88
유아기,66,71,개월,M,민첩성,050,5m4회왕복달리기,초,1,ok,2989,2989,ecdf,1,-13.9632,-10.19,-9.81,-9.13,-7.44,5.44,30.0,13.95,40.0,73.46,88.69,96.05,63.88
유아기,66,71,개월,M,협응력,051,3x3버튼누르기,초,1,ok,2988,2988,ecdf,1,-36.2742,-27.0025,-24.38,-22.48,-18.1296,10.46,60.0,14.03,40.1,60.35,80.5,93.24,57.54
유아기,66,71,개월,F,근지구력,009,윗몸말아올리기,회,0,ok,2846,2846,ecdf,0,0.0,2.0,6.0,10.0,32.0,0.0,85.0,20.68,46.38,65.43,84.7,94.64,59.83
유아기,66,71,개월,F,유연성,012,앉아윗몸앞으로굽히기,cm,0,ok,2846,2846,ecdf,0,-1.0,10.0,12.2,15.0,19.2,-10.0,26.0,7.02,22.25,43.72,73.43,90.07,46.55
유아기,66,71,개월,F,심폐지구력,020,왕복오래달리기,회,0,ok,2842,2842,ecdf,0,9.0,41.0,55.0,73.0,103.0,0.0,140.0,10.85,27.87,60.0,85.97,99.72,56.88
유아기,66,71,개월,F,순발력,022,제자리멀리뛰기,cm,0,ok,2847,2847,ecdf,1,54.92,80.0,96.0,103.0,122.08,0.0,195.0,15.59,40.0,52.75,75.01,93.65,54.78
유아기,66,71,개월,F,근력,028,상대악력,%,0,ok,2849,2849,ecdf,0,17.096,39.8,46.8,53.7,65.804,0.0,374.0,8.16,23.27,47.5,71.43,88.65,47.82
유아기,66,71,개월,F,민첩성,050,5m4회왕복달리기,초,1,ok,2845,2845,ecdf,1,-13.4124,-10.54,-10.19,-9.58,-7.81,0.35,30.0,13.95,40.0,74.6,89.12,96.23,64.31
유아기,66,71,개월,F,협응력,051,3x3버튼누르기,초,1,ok,2845,2845,ecdf,1,-36.967,-27.18,-24.95,-23.21,-19.0904,14.861,60.0,13.96,40.0,61.71,82.84,94.07,58.45
유아기,72,83,개월,M,근지구력,009,윗몸말아올리기,회,0,ok,4597,4597,ecdf,0,0.0,4.0,8.0,13.0,46.0,0.0,102.0,10.13,31.69,63.38,84.42,94.42,58.48
유아기,72,83,개월,M,유연성,012,앉아윗몸앞으로굽히기,cm,0,ok,4598,4598,ecdf,0,-4.3,8.0,10.5,12.5,18.0,-20.0,42.0,6.74,18.09,36.63,67.33,89.06,43.26
유아기,72,83,개월,M,심폐지구력,020,왕복오래달리기,회,0,ok,4573,4573,ecdf,0,12.0,45.0,64.0,93.0,116.56,0.0,171.0,13.22,40.0,67.49,97.21,97.21,62.81
유아기,72,83,개월,M,순발력,022,제자리멀리뛰기,cm,0,ok,4595,4595,ecdf,1,60.0,95.0,110.0,118.0,143.0,0.0,1222.0,13.12,40.0,53.56,85.04,94.94,56.2
유아기,72,83,개월,M,근력,028,상대악력,%,0,ok,4600,4600,ecdf,0,20.798,43.2,49.6,56.3,70.404,0.0,439.8,8.6,24.66,49.69,74.7,91.04,49.72
유아기,72,83,개월,M,민첩성,050,5m4회왕복달리기,초,1,ok,4591,4591,ecdf,1,-12.62,-9.675,-9.33,-8.8,-7.19,0.0,27.0,13.99,40.2,77.67,90.16,96.54,65.24
유아기,72,83,개월,M,협응력,051,3x3버튼누르기,초,1,ok,4589,4589,ecdf,1,-33.562,-24.89,-22.74,-21.37,-17.0338,10.67,60.0,13.9,40.0,62.11,85.43,94.93,59.38
유아기,72,83,개월,F,근지구력,009,윗몸말아올리기,회,0,ok,4203,4203,ecdf,0,0.0,5.0,9.0,13.0,41.96,0.0,96.0,9.02,25.34,56.43,84.97,94.32,55.21
유아기,72,83,개월,F,유연성,012,앉아윗몸앞으로굽히기,cm,0,ok,4202,4202,ecdf,0,-1.0,10.0,12.7,15.0,20.0,-15.0,25.0,6.71,19.92,40.63,72.8,91.62,45.39
유아기,72,83,개월,F,심폐지구력,020,왕복오래달리기,회,0,ok,4179,4179,ecdf,0,10.0,42.0,60.0,84.0,105.0,0.0,142.0,12.31,32.99,65.44,86.53,99.06,59.98
유아기,72,83,개월,F,순발력,022,제자리멀리뛰기,cm,0,ok,4199,4199,ecdf,1,60.0,86.75,100.0,106.0,130.0,0.0,205.0,13.67,40.28,54.6,81.08,93.51,56.9
유아기,72,83,개월,F,근력,028,상대악력,%,0,ok,4203,4203,ecdf,0,19.0,41.5,47.4,51.9,65.496,0.0,419.8,7.79,22.72,47.01,76.67,92.26,48.92
유아기,72,83,개월,F,민첩성,050,5m4회왕복달리기,초,1,ok,4190,4190,ecdf,1,-12.4644,-10.02,-9.72,-9.19,-7.5,0.0,27.5,14.18,40.0,76.47,89.68,96.59,64.95
유아기,72,83,개월,F,협응력,051,3x3버튼누르기,초,1,ok,4193,4193,ecdf,1,-33.7932,-25.3,-23.52,-21.91,-17.8434,11.28,60.0,13.89,40.0,64.86,85.27,94.85,59.98
