exercise_id,exercise_name,raw_forms,merge_reason,kind,phase_share,prescribed,age_groups,blocked_with,indoor
전신루틴스트레칭,전신 루틴 스트레칭,전신 루틴 스트레칭,,묶음,준비운동:0.414;본운동:0.022;정리운동:0.564,173099,성인;어르신;유소년;유아기;청소년,,
달리기,달리기,달리기,,낱개,준비운동:0.151;본운동:0.770;정리운동:0.079,130461,성인;어르신;유소년;유아기;청소년,,
하지루틴스트레칭2,하지 루틴 스트레칭2,하지 루틴 스트레칭2,,묶음,준비운동:0.201;본운동:0.092;정리운동:0.707,111937,성인;어르신;유소년;유아기;청소년,하지 루틴 스트레칭1,
하지루틴스트레칭1,하지 루틴 스트레칭1,하지 루틴 스트레칭1,,묶음,준비운동:0.292;본운동:0.068;정리운동:0.639,94231,성인;어르신;유소년;유아기;청소년,하지 루틴 스트레칭2,
유산소운동전동적루틴스트레칭,유산소 운동 전 동적 루틴 스트레칭,유산소 운동 전 동적 루틴 스트레칭,,묶음,준비운동:0.931;본운동:0.032;정리운동:0.036,93975,성인;어르신;유소년;유아기;청소년,,
상지루틴스트레칭,상지 루틴 스트레칭,상지 루틴 스트레칭,,묶음,준비운동:0.262;본운동:0.024;정리운동:0.714,91847,성인;어르신;유소년;유아기;청소년,,
정적스트레칭루틴프로그램,정적 스트레칭  루틴프로그램,정적 스트레칭  루틴프로그램,,묶음,준비운동:0.136;본운동:0.013;정리운동:0.851,79512,성인;어르신;유소년;유아기;청소년,,
동적스트레칭루틴프로그램,동적 스트레칭 루틴프로그램,동적 스트레칭 루틴프로그램,,묶음,준비운동:0.934;본운동:0.027;정리운동:0.039,76069,성인;어르신;유소년;유아기;청소년,,
걷기,걷기,걷기,,낱개,준비운동:0.317;본운동:0.451;정리운동:0.232,73652,성인;어르신;유소년;유아기;청소년,,
조깅,조깅,조깅,,낱개,준비운동:0.178;본운동:0.695;정리운동:0.127,70290,성인;어르신;유소년;유아기;청소년,,
실내자전거타기,실내 자전거타기,실내 자전거타기,,낱개,준비운동:0.162;본운동:0.734;정리운동:0.104,67020,성인;어르신;유소년;유아기;청소년,,
앉았다일어서기,앉았다 일어서기,앉았다 일어서기,,낱개,준비운동:0.040;본운동:0.933;정리운동:0.027,66188,성인;어르신;유소년;유아기;청소년,,
넙다리뒤쪽스트레칭,넙다리 뒤쪽 스트레칭,넙다리 뒤쪽 스트레칭,,낱개,준비운동:0.138;본운동:0.252;정리운동:0.610,65044,성인;어르신;유소년;유아기;청소년,,
맨몸운동루틴프로그램,맨몸운동  루틴프로그램,맨몸운동  루틴프로그램,,묶음,준비운동:0.029;본운동:0.970;정리운동:0.002,63767,성인;어르신;유소년;유아기;청소년,,
수영,수영,수영,,낱개,준비운동:0.058;본운동:0.892;정리운동:0.050,58163,성인;어르신;유소년;유아기;청소년,,
엉덩이스트레칭,엉덩이 스트레칭,엉덩이 스트레칭,,낱개,준비운동:0.192;본운동:0.181;정리운동:0.627,53663,성인;어르신;유소년;유아기;청소년,엉덩이 스트레칭2,
엎드려버티기,엎드려 버티기,엎드려 버티기,,낱개,준비운동:0.027;본운동:0.964;정리운동:0.009,49958,성인;어르신;유소년;유아기;청소년,,
등/어깨뒤쪽스트레칭,등/어깨 뒤쪽 스트레칭,등/어깨 뒤쪽 스트레칭,,낱개,준비운동:0.811;본운동:0.047;정리운동:0.143,49059,성인;어르신;유소년;유아기;청소년,,
계단올라갔다내려오기,계단 올라갔다 내려오기,계단 올라갔다 내려오기,,낱개,준비운동:0.072;본운동:0.829;정리운동:0.099,48882,성인;어르신;유소년;유아기;청소년,,
자가근막이완술루틴스트레칭,자가근막이완술 루틴 스트레칭,자가근막이완술 루틴 스트레칭,,묶음,준비운동:0.550;본운동:0.103;정리운동:0.348,47883,성인;어르신;유소년;유아기;청소년,,
넙다리안쪽스트레칭,넙다리 안쪽 스트레칭,넙다리 안쪽 스트레칭,,낱개,준비운동:0.114;본운동:0.213;정리운동:0.674,46608,성인;어르신;유소년;유아기;청소년,,
웨이트트레이닝루틴프로그램,웨이트 트레이닝  루틴프로그램,웨이트 트레이닝  루틴프로그램,,묶음,준비운동:0.017;본운동:0.981;정리운동:0.002,46059,성인;어르신;유소년;유아기;청소년,,
허리스트레칭,허리 스트레칭,허리 스트레칭,,낱개,준비운동:0.363;본운동:0.098;정리운동:0.539,45922,성인;어르신;유소년;유아기;청소년,,
윗몸말아올리기,윗몸 말아 올리기,윗몸 말아 올리기;윗몸말아올리기,,낱개,준비운동:0.093;본운동:0.896;정리운동:0.011,44060,성인;어르신;유소년;유아기;청소년,,
줄넘기운동,줄넘기 운동,줄넘기 운동,,낱개,준비운동:0.103;본운동:0.739;정리운동:0.158,44024,성인;어르신;유소년;유아기;청소년,,
팔굽혀펴기,팔굽혀펴기,팔굽혀 펴기;팔굽혀펴기,,낱개,준비운동:0.390;본운동:0.601;정리운동:0.008,41937,성인;어르신;유소년;유아기;청소년,팔굽혀펴기(무릎대고 실시),
턱걸이,턱걸이,턱걸이,,낱개,준비운동:0.050;본운동:0.947;정리운동:0.003,40733,성인;어르신;유소년;유아기;청소년,,
버피운동,버피운동,버피운동,,낱개,준비운동:0.031;본운동:0.956;정리운동:0.013,40622,성인;어르신;유소년;유아기;청소년,,
윗몸올리기,윗몸올리기,윗몸올리기,,낱개,준비운동:0.075;본운동:0.920;정리운동:0.005,39309,성인;어르신;유소년;유아기;청소년,,
배스트레칭,배스트레칭,배 스트레칭;배스트레칭,,낱개,준비운동:0.267;본운동:0.125;정리운동:0.608,38897,성인;어르신;유소년;유아기;청소년,,
줄넘기,줄넘기,줄넘기,,낱개,준비운동:0.104;본운동:0.809;정리운동:0.087,38574,성인;어르신;유소년;유아기;청소년,,
자전거타기,자전거타기,자전거타기,,낱개,준비운동:0.148;본운동:0.761;정리운동:0.091,37608,성인;어르신;유소년;유아기;청소년,,
가슴/어깨앞쪽스트레칭,가슴/어깨 앞쪽 스트레칭,가슴/어깨 앞쪽 스트레칭,,낱개,준비운동:0.838;본운동:0.039;정리운동:0.123,36875,성인;어르신;유소년;유아기;청소년,,
트레드밀에서걷기,트레드밀에서 걷기,트레드밀에서 걷기,,낱개,준비운동:0.306;본운동:0.569;정리운동:0.126,35927,성인;어르신;유소년;유아기;청소년,,
목스트레칭,목 스트레칭,목 스트레칭,,낱개,준비운동:0.831;본운동:0.023;정리운동:0.146,32552,성인;어르신;유소년;유아기;청소년,,
저항밴드운동루틴프로그램,저항밴드 운동  루틴프로그램,저항밴드 운동  루틴프로그램,,묶음,준비운동:0.009;본운동:0.989;정리운동:0.002,32212,성인;어르신;유소년;유아기;청소년,,
발목돌리기,발목 돌리기,발목 돌리기,,낱개,준비운동:0.827;본운동:0.058;정리운동:0.115,30739,성인;어르신;유소년;유아기;청소년,,
계단뛰어오르기,계단 뛰어 오르기,계단 뛰어 오르기,,낱개,준비운동:0.109;본운동:0.874;정리운동:0.017,30355,성인;어르신;유소년;유아기;청소년,,
요가및필라테스루틴프로그램,요가 및 필라테스  루틴프로그램,요가 및 필라테스  루틴프로그램,,묶음,준비운동:0.235;본운동:0.204;정리운동:0.561,27858,성인;어르신;유소년;유아기;청소년,,
고정식자전거타기,고정식 자전거 타기,고정식 자전거 타기,,낱개,준비운동:0.146;본운동:0.726;정리운동:0.127,26979,성인;어르신;유소년;유아기;청소년,,
발끝당기기,발 끝 당기기,발 끝 당기기,,낱개,준비운동:0.759;본운동:0.095;정리운동:0.146,26938,성인;어르신;유소년;유아기;청소년,,
넙다리앞쪽스트레칭,넙다리 앞쪽 스트레칭,넙다리 앞쪽 스트레칭,,낱개,준비운동:0.164;본운동:0.193;정리운동:0.643,26880,성인;어르신;유소년;유아기;청소년,,
옆구리스트레칭,옆구리 스트레칭,옆구리 스트레칭,,낱개,준비운동:0.336;본운동:0.157;정리운동:0.507,25838,성인;어르신;유소년;유아기;청소년,,
아래팔스트레칭,아래 팔 스트레칭,아래 팔 스트레칭,,낱개,준비운동:0.830;본운동:0.033;정리운동:0.136,24923,성인;어르신;유소년;유아기;청소년,,
왕복달리기,왕복달리기,왕복달리기,,낱개,준비운동:0.130;본운동:0.842;정리운동:0.028,24287,성인;어르신;유소년;유아기;청소년,,
팔벌려뛰기,팔벌려뛰기,팔 벌려 뛰기;팔벌려뛰기,,낱개,준비운동:0.058;본운동:0.916;정리운동:0.026,23740,성인;어르신;유소년;유아기;청소년,,
실외자전거타기,실외 자전거타기,실외 자전거타기,,낱개,준비운동:0.322;본운동:0.667;정리운동:0.010,22618,성인;어르신;유소년;유아기;청소년,,
누워서다리들어올리기,누워서 다리 들어올리기,누워서 다리 들어올리기,,낱개,준비운동:0.041;본운동:0.914;정리운동:0.045,21956,성인;어르신;유소년;유아기;청소년,,
한발앞으로내밀고앉았다일어서기,한발 앞으로 내밀고 앉았다 일어서기,한발 앞으로 내밀고 앉았다 일어서기,,낱개,준비운동:0.067;본운동:0.926;정리운동:0.007,21341,성인;어르신;유소년;유아기;청소년,,
누워서배가로근수축II,누워서 배가로근 수축 II,누워서 배가로근 수축 II,,낱개,준비운동:0.051;본운동:0.946;정리운동:0.003,20821,성인;어르신;유소년;유아기;청소년,누워서 배가로근 수축 I,
바벨끌어당기기,바벨 끌어당기기,바벨 끌어당기기,,낱개,준비운동:0.074;본운동:0.923;정리운동:0.003,19640,성인;어르신;유소년;유아기;청소년,,
매달려서다리들기,매달려서 다리 들기,매달려서 다리 들기,,낱개,준비운동:0.062;본운동:0.933;정리운동:0.005,19469,성인;어르신;유소년;유아기;청소년,,
고정식트레드밀에서걷기,고정식 트레드밀에서 걷기,고정식 트레드밀에서 걷기,,낱개,준비운동:0.162;본운동:0.731;정리운동:0.107,19336,성인;어르신;유소년;유아기;청소년,,
거북이스트레칭,거북이 스트레칭,거북이 스트레칭,,낱개,준비운동:0.553;본운동:0.061;정리운동:0.387,19332,성인;어르신;유소년;유아기,,
몸통비틀기,몸통 비틀기,몸통 비틀기,,낱개,준비운동:0.589;본운동:0.052;정리운동:0.359,19119,성인;어르신;유소년;유아기;청소년,,
나비자세,나비자세,나비자세,,낱개,준비운동:0.650;본운동:0.161;정리운동:0.189,18508,성인;어르신;유소년;유아기;청소년,,
앉아서다리펴기,앉아서 다리 펴기,앉아서 다리 펴기,,낱개,준비운동:0.032;본운동:0.896;정리운동:0.072,17696,성인;어르신;유아기;청소년,,
윗몸일으키기,윗몸 일으키기,윗몸 일으키기,,낱개,준비운동:0.054;본운동:0.944;정리운동:0.002,17578,성인;어르신;유소년;유아기;청소년,,
버피테스트,버피 테스트,버피 테스트,,낱개,준비운동:0.024;본운동:0.970;정리운동:0.006,16902,성인;어르신;유소년;유아기;청소년,,
흔들어체조,흔들어 체조,흔들어 체조,,묶음,준비운동:0.444;본운동:0.035;정리운동:0.521,16841,성인;어르신;유소년;유아기,,
엎드려한발원그리기,엎드려 한발 원 그리기,엎드려 한발 원 그리기,,낱개,준비운동:0.921;본운동:0.036;정리운동:0.043,16767,성인;어르신;유소년;유아기;청소년,,
스텝박스,스텝박스,스텝박스,,낱개,준비운동:0.190;본운동:0.707;정리운동:0.103,16361,성인;어르신;유소년;유아기;청소년,,
제자리뛰기,제자리 뛰기,제자리 뛰기,,낱개,준비운동:0.594;본운동:0.382;정리운동:0.024,15878,성인;어르신;유소년;유아기;청소년,,
고관절스트레칭,고관절 스트레칭,고관절 스트레칭,,낱개,준비운동:0.574;본운동:0.128;정리운동:0.298,15797,성인;어르신;유소년;유아기;청소년,,
박스운동루틴프로그램,박스 운동  루틴프로그램,박스 운동  루틴프로그램,,묶음,준비운동:0.017;본운동:0.981;정리운동:0.002,15576,성인;어르신;유소년;유아기;청소년,,
대퇴사두근스트레칭,대퇴사두근 스트레칭,대퇴사두근 스트레칭,,낱개,준비운동:0.298;본운동:0.083;정리운동:0.620,15060,성인;어르신;유소년;유아기;청소년,,
어깨스트레칭,어깨 스트레칭,어깨 스트레칭,,낱개,준비운동:0.769;본운동:0.031;정리운동:0.200,14923,성인;어르신;유소년;유아기;청소년,,
전완대고버티기,전완대고 버티기,전완대고 버티기,,낱개,준비운동:0.037;본운동:0.958;정리운동:0.005,14651,성인;어르신;유소년;유아기;청소년,,
스텝박스오르내리기,스텝박스 오르내리기,스텝박스 오르내리기,,낱개,준비운동:0.158;본운동:0.703;정리운동:0.139,14515,성인;어르신;유소년;유아기;청소년,,
옆으로누워서팔앞으로당기기,옆으로 누워서팔 앞으로 당기기,옆으로 누워서팔 앞으로 당기기,,낱개,준비운동:0.977;본운동:0.012;정리운동:0.011,14230,성인;어르신;유아기,,
엎드려상체들어올리기,엎드려 상체 들어올리기,엎드려 상체 들어올리기,,낱개,준비운동:0.190;본운동:0.111;정리운동:0.699,14144,성인;어르신;유소년;유아기;청소년,,
옆으로누워버티기,옆으로 누워 버티기,옆으로 누워 버티기,,낱개,준비운동:0.031;본운동:0.956;정리운동:0.013,13851,성인;어르신;유소년;유아기;청소년,,
앉았다일어서면서점프하기,앉았다 일어서면서 점프하기,앉았다 일어서면서 점프하기,,낱개,준비운동:0.020;본운동:0.976;정리운동:0.005,13836,성인;어르신;유소년;유아기;청소년,,
앉아서다리밀기,앉아서 다리 밀기,앉아서 다리 밀기,,낱개,준비운동:0.037;본운동:0.875;정리운동:0.088,13707,성인;어르신;유아기;청소년,,
바운딩운동루틴프로그램,바운딩 운동  루틴프로그램,바운딩 운동  루틴프로그램,,묶음,준비운동:0.023;본운동:0.976;정리운동:0.001,13024,성인;어르신;유소년;유아기;청소년,,
사다리운동루틴프로그램,사다리 운동  루틴프로그램,사다리 운동  루틴프로그램,,묶음,준비운동:0.017;본운동:0.981;정리운동:0.002,12891,성인;어르신;유소년;유아기;청소년,,
대퇴이두근스트레칭,대퇴이두근 스트레칭,대퇴이두근 스트레칭,,낱개,준비운동:0.469;본운동:0.196;정리운동:0.335,12676,성인;어르신;유소년;유아기;청소년,대퇴이두근 스트레칭2,
테이블이용하여팔들어올리기,테이블 이용하여 팔 들어 올리기,테이블 이용하여 팔 들어 올리기,,낱개,준비운동:0.971;본운동:0.017;정리운동:0.012,12365,성인;어르신;유아기,,
메디신볼운동루틴프로그램,메디신볼 운동  루틴프로그램,메디신볼 운동  루틴프로그램,,묶음,준비운동:0.019;본운동:0.971;정리운동:0.010,12357,성인;어르신;유소년;유아기;청소년,,
무릎높여제자리달리기,무릎 높여 제자리 달리기,무릎 높여 제자리 달리기,,낱개,준비운동:0.035;본운동:0.953;정리운동:0.011,12136,성인;어르신;유소년;유아기;청소년,,
좌식생활자를위한동적루틴스트레칭,좌식생활자를 위한 동적 루틴 스트레칭,좌식생활자를 위한 동적 루틴 스트레칭,,묶음,준비운동:0.453;본운동:0.306;정리운동:0.241,12050,성인;어르신;유소년;유아기;청소년,,
덤벨잡고앉았다일어서기,덤벨 잡고 앉았다 일어서기,덤벨 잡고 앉았다 일어서기,,낱개,준비운동:0.056;본운동:0.934;정리운동:0.011,11991,성인;어르신;유소년;유아기;청소년,,
진자운동,진자운동,진자운동,,낱개,준비운동:0.977;본운동:0.016;정리운동:0.007,11847,성인;어르신;유아기,,
작은공을이용한동적루틴스트레칭,작은 공을 이용한 동적 루틴 스트레칭,작은 공을 이용한 동적 루틴 스트레칭,,묶음,준비운동:0.501;본운동:0.404;정리운동:0.095,11688,성인;어르신;유소년;유아기;청소년,,
다리모아상체숙이기,다리 모아 상체 숙이기,다리 모아 상체 숙이기,,낱개,준비운동:0.234;본운동:0.071;정리운동:0.695,11518,성인;어르신;유소년;유아기;청소년,,
엎드려서다리굽히기,엎드려서 다리 굽히기,엎드려서 다리 굽히기,,낱개,준비운동:0.029;본운동:0.964;정리운동:0.007,11444,성인;어르신;유아기,,
누워서뒤로팔굽혀펴기,누워서 뒤로 팔굽혀펴기,누워서 뒤로 팔굽혀펴기,,낱개,준비운동:0.458;본운동:0.540;정리운동:0.002,11435,성인;유소년;유아기;청소년,,
계단오르기,계단 오르기,계단 오르기,,낱개,준비운동:0.120;본운동:0.837;정리운동:0.043,11414,성인;어르신;유소년;유아기;청소년,,
누워서팔다리동시에들어올리기,누워서 팔 다리 동시에 들어올리기,누워서 팔 다리 동시에 들어올리기,,낱개,준비운동:0.014;본운동:0.965;정리운동:0.021,11182,성인;어르신;유소년;유아기;청소년,,
의자이용중심잡기루틴운동,의자 이용 중심 잡기 루틴 운동,의자 이용 중심 잡기 루틴 운동,,묶음,준비운동:0.204;본운동:0.788;정리운동:0.008,11146,성인;어르신;유아기,,
소파를이용한윗몸올리기,소파를 이용한 윗몸올리기,소파를 이용한 윗몸올리기,,낱개,준비운동:0.093;본운동:0.867;정리운동:0.040,11112,성인;어르신;유소년;유아기;청소년,,
누워서엉덩이들어올리기,누워서 엉덩이 들어올리기,누워서 엉덩이 들어올리기,,낱개,준비운동:0.030;본운동:0.913;정리운동:0.057,10392,성인;어르신;유아기;청소년,,
손뻗어윗몸일으키기,손 뻗어 윗몸 일으키기,손 뻗어 윗몸 일으키기,,낱개,준비운동:0.047;본운동:0.948;정리운동:0.005,10143,성인;어르신;유소년;유아기;청소년,,
가슴스트레칭,가슴 스트레칭,가슴 스트레칭,,낱개,준비운동:0.491;본운동:0.065;정리운동:0.444,9826,성인;어르신;유소년;유아기;청소년,,
후굴자세해봐요,후굴자세 해봐요,후굴자세 해봐요,,낱개,준비운동:0.260;본운동:0.187;정리운동:0.552,9815,성인;어르신;유아기,,
다리벌려앞으로상체숙이기,다리 벌려 앞으로 상체 숙이기,다리 벌려 앞으로 상체 숙이기,,낱개,준비운동:0.411;본운동:0.079;정리운동:0.510,9630,성인;어르신;유소년;유아기;청소년,,
엎드려팔대고버티기,엎드려 팔 대고 버티기,엎드려 팔 대고 버티기,,낱개,준비운동:0.050;본운동:0.950;정리운동:0.001,9546,성인;어르신;유소년;유아기;청소년,,
왜가리자세,왜가리 자세,왜가리 자세,,낱개,준비운동:0.590;본운동:0.208;정리운동:0.202,9294,성인;어르신;유소년;유아기;청소년,,
엎드려팔로걷기,엎드려 팔로 걷기,엎드려 팔로 걷기,,낱개,준비운동:0.335;본운동:0.662;정리운동:0.002,9249,성인;어르신;유소년;유아기;청소년,,
엎드려무릎연속차기,엎드려 무릎 연속 차기,엎드려 무릎 연속 차기,,낱개,준비운동:0.249;본운동:0.714;정리운동:0.037,9152,성인;어르신;유소년;유아기;청소년,,
손목펴기/굽히기,손목 펴기/굽히기,손목 펴기/굽히기,,낱개,준비운동:0.073;본운동:0.920;정리운동:0.007,9122,성인;어르신;유소년;유아기;청소년,,
앉아서당겨내리기,앉아서 당겨 내리기,앉아서 당겨 내리기,,낱개,준비운동:0.010;본운동:0.985;정리운동:0.005,8965,성인;어르신;유소년;유아기;청소년,,
1단줄넘기,1단 줄넘기,1단 줄넘기,,낱개,준비운동:0.285;본운동:0.647;정리운동:0.067,8847,성인;어르신;유소년;유아기;청소년,,
누워서배가로근수축I,누워서 배가로근 수축 I,누워서 배가로근 수축 I,,낱개,준비운동:0.127;본운동:0.869;정리운동:0.004,8739,성인;어르신;유소년;유아기;청소년,누워서 배가로근 수축 II,
밴드를당겨요,밴드를 당겨요,밴드를 당겨요,,낱개,준비운동:0.296;본운동:0.694;정리운동:0.011,8708,성인;어르신;유아기,,
짝스트레칭루틴프로그램,짝 스트레칭  루틴프로그램,짝 스트레칭  루틴프로그램,,묶음,준비운동:0.439;본운동:0.256;정리운동:0.305,8565,성인;어르신;유소년;유아기;청소년,,
등대고대퇴이두근스트레칭,등 대고 대퇴이두근 스트레칭,등 대고 대퇴이두근 스트레칭,,낱개,준비운동:0.703;본운동:0.102;정리운동:0.195,8500,성인;어르신;유소년;유아기;청소년,,
종아리스트레칭,종아리 스트레칭,종아리 스트레칭,,낱개,준비운동:0.225;본운동:0.078;정리운동:0.698,8337,성인;어르신;유소년;유아기;청소년,,
다리굽혀(W자)상체뒤로눕기,다리 굽혀(W자) 상체 뒤로 눕기,다리 굽혀(W자) 상체 뒤로 눕기,,낱개,준비운동:0.678;본운동:0.048;정리운동:0.274,8323,성인;어르신;유소년;유아기;청소년,,
내전근스트레칭,내전근 스트레칭,내전근 스트레칭,,낱개,준비운동:0.327;본운동:0.114;정리운동:0.559,8174,성인;어르신;유소년;유아기;청소년,,
발바닥마주대고끌어당기기,발바닥 마주대고 끌어당기기,발바닥 마주대고 끌어당기기,,낱개,준비운동:0.792;본운동:0.057;정리운동:0.152,8168,성인;어르신;유소년;유아기,,
앉아서엉덩이들고이동하기,앉아서 엉덩이 들고 이동하기,앉아서 엉덩이 들고 이동하기,,낱개,준비운동:0.542;본운동:0.457;정리운동:0.002,8037,성인;유소년;유아기;청소년,,
빠르게걷기,빠르게 걷기,빠르게 걷기,,낱개,준비운동:0.436;본운동:0.541;정리운동:0.023,7775,성인;어르신;유소년;유아기;청소년,,
바벨들어올리기,바벨들어올리기,바벨들어올리기,,낱개,준비운동:0.021;본운동:0.971;정리운동:0.008,7749,성인;어르신;유소년;유아기;청소년,,
테이블이용하여팔옆으로벌리기,테이블 이용하여 팔 옆으로 벌리기,테이블 이용하여 팔 옆으로 벌리기,,낱개,준비운동:0.955;본운동:0.028;정리운동:0.017,7727,성인;어르신;유아기,,
영차영차올라요,영차영차 올라요,영차영차 올라요,,낱개,준비운동:0.272;본운동:0.720;정리운동:0.008,7580,성인;어르신;유아기,,
서서뒤꿈치들기,서서 뒤꿈치 들기,서서 뒤꿈치 들기,,낱개,준비운동:0.133;본운동:0.824;정리운동:0.044,7517,성인;어르신;유소년;유아기;청소년,,
허리굽혀덤벨들기,허리 굽혀 덤벨 들기,허리 굽혀 덤벨 들기,,낱개,준비운동:0.106;본운동:0.882;정리운동:0.012,7387,성인;어르신;유소년;유아기;청소년,,
의자잡고후방으로한발뻗어들기,의자 잡고 후방으로 한발 뻗어 들기,의자 잡고 후방으로 한발 뻗어 들기,,낱개,준비운동:0.670;본운동:0.314;정리운동:0.016,7376,성인;어르신;유아기;청소년,,
누워서하늘자전거,누워서 하늘 자전거,누워서 하늘 자전거,,낱개,준비운동:0.058;본운동:0.810;정리운동:0.132,7303,성인;어르신;유소년;유아기;청소년,,
몸통옆으로굽히기,몸통 옆으로 굽히기,몸통 옆으로 굽히기,,낱개,준비운동:0.131;본운동:0.852;정리운동:0.017,7234,성인;어르신;유소년;유아기;청소년,,
의자잡고후방으로무릎굽혀들기,의자잡고 후방으로 무릎 굽혀 들기,의자잡고 후방으로 무릎 굽혀 들기,,낱개,준비운동:0.632;본운동:0.360;정리운동:0.009,7145,성인;어르신;유아기;청소년,,
누워무릎기울기,누워 무릎 기울기,누워 무릎 기울기,,낱개,준비운동:0.071;본운동:0.922;정리운동:0.007,7144,성인;청소년,,
발목얹고다리잡아당기기,발목 얹고 다리 잡아당기기,발목 얹고 다리 잡아당기기,,낱개,준비운동:0.564;본운동:0.062;정리운동:0.374,7134,성인;어르신;유소년;유아기;청소년,,
무릎굽혀가슴닿기,무릎 굽혀 가슴 닿기,무릎 굽혀 가슴 닿기,,낱개,준비운동:0.793;본운동:0.064;정리운동:0.143,7107,성인;어르신;유소년;유아기;청소년,,
점핑점핑해요,점핑점핑해요,점핑점핑해요,,낱개,준비운동:0.194;본운동:0.658;정리운동:0.148,7095,성인;어르신;유소년;유아기,,
의자에앉아다리뻗어올리기,의자에 앉아 다리 뻗어 올리기,의자에 앉아 다리 뻗어 올리기,,낱개,준비운동:0.076;본운동:0.909;정리운동:0.014,6955,성인;어르신;유아기;청소년,,
짐볼을이용한동적루틴스트레칭,짐볼을 이용한 동적 루틴 스트레칭,짐볼을 이용한 동적 루틴 스트레칭,,묶음,준비운동:0.437;본운동:0.437;정리운동:0.126,6949,성인;어르신;유소년;유아기;청소년,,
스텝퍼옆으로뛰어넘기,스텝퍼 옆으로 뛰어넘기,스텝퍼 옆으로 뛰어넘기,,낱개,준비운동:0.263;본운동:0.723;정리운동:0.014,6911,성인;어르신;유소년;유아기;청소년,,
바벨잡고들어올리기,바벨 잡고 들어올리기,바벨 잡고 들어올리기,,낱개,준비운동:0.027;본운동:0.960;정리운동:0.014,6870,성인;어르신;유소년;유아기;청소년,,
몸통들어올리기,몸통 들어올리기,몸통 들어올리기,,낱개,준비운동:0.040;본운동:0.930;정리운동:0.030,6718,성인;어르신;유아기;청소년,,
엉덩이스트레칭2,엉덩이 스트레칭2,엉덩이 스트레칭2,,낱개,준비운동:0.151;본운동:0.111;정리운동:0.738,6702,성인;어르신;유소년;유아기;청소년,엉덩이 스트레칭,
짐볼운동루틴프로그램,짐볼 운동  루틴프로그램,짐볼 운동  루틴프로그램,,묶음,준비운동:0.032;본운동:0.954;정리운동:0.014,6488,성인;어르신;유소년;청소년,,
벽패스,벽패스,벽패스,,낱개,준비운동:0.275;본운동:0.704;정리운동:0.020,6487,성인;어르신;유소년;유아기;청소년,,
스텝퍼뛰어서오르내리기,스텝퍼 뛰어서 오르내리기,스텝퍼 뛰어서 오르내리기,,낱개,준비운동:0.317;본운동:0.655;정리운동:0.028,6448,성인;어르신;유소년;유아기;청소년,,
스텝퍼오르내리기,스텝퍼 오르내리기,스텝퍼 오르내리기,,낱개,준비운동:0.038;본운동:0.927;정리운동:0.035,6412,성인;어르신;유아기;청소년,,
마주앉아대퇴이두근스트레칭,마주 앉아 대퇴이두근 스트레칭,마주 앉아 대퇴이두근 스트레칭,,낱개,준비운동:0.636;본운동:0.161;정리운동:0.202,6389,성인;어르신;유소년;유아기;청소년,마주 앉아 대퇴이두근 스트레칭2,
의자잡고전방으로무릎굽혀들기,의자 잡고 전방으로 무릎 굽혀 들기,의자 잡고 전방으로 무릎 굽혀 들기,,낱개,준비운동:0.600;본운동:0.395;정리운동:0.005,6332,어르신;유아기;청소년,,
물속에서걷기,물속에서 걷기,물속에서 걷기,,낱개,준비운동:0.215;본운동:0.671;정리운동:0.114,6184,성인;어르신;유소년;유아기;청소년,,
다리뻗어올리기,다리 뻗어 올리기,다리 뻗어 올리기,,낱개,준비운동:0.077;본운동:0.874;정리운동:0.049,6031,성인;어르신;유소년;유아기;청소년,,
꼬리를떼어요,꼬리를 떼어요,꼬리를 떼어요,,낱개,준비운동:0.180;본운동:0.651;정리운동:0.169,5998,성인;어르신;유아기,,
서서다리뒤로차기,서서 다리 뒤로 차기,서서 다리 뒤로 차기,,낱개,준비운동:0.167;본운동:0.820;정리운동:0.013,5981,성인;어르신;유소년;유아기;청소년,,
양발교차하여서서몸통숙이기,양발 교차하여 서서 몸통 숙이기,양발 교차하여 서서 몸통 숙이기,,낱개,준비운동:0.162;본운동:0.442;정리운동:0.396,5908,성인;어르신;유소년;청소년,,
짐볼윗몸올리기,짐볼 윗몸올리기,짐볼 윗몸올리기,,낱개,준비운동:0.178;본운동:0.814;정리운동:0.008,5878,성인;어르신;유소년;유아기;청소년,,
덤벨옆으로들어올리기,덤벨 옆으로 들어올리기,덤벨 옆으로 들어올리기,,낱개,준비운동:0.216;본운동:0.677;정리운동:0.106,5843,성인;어르신;유소년;유아기;청소년,,
팔꿈치맞닿아원그리기,팔꿈치 맞닿아 원그리기,팔꿈치 맞닿아 원그리기,,낱개,준비운동:0.654;본운동:0.045;정리운동:0.301,5703,성인;어르신;유소년;유아기,,
서서바벨위로밀기,서서 바벨 위로 밀기,서서 바벨 위로 밀기,,낱개,준비운동:0.216;본운동:0.762;정리운동:0.022,5678,성인;어르신;유소년;유아기;청소년,,
줄넘기해요,줄넘기 해요,줄넘기 해요,,낱개,준비운동:0.137;본운동:0.687;정리운동:0.176,5662,성인;어르신;유소년;유아기,,
앉아서엉덩관절굽히기,앉아서 엉덩관절 굽히기,앉아서 엉덩관절 굽히기,,낱개,준비운동:0.093;본운동:0.894;정리운동:0.013,5555,성인;어르신;유아기;청소년,,
대퇴이두근스트레칭2,대퇴이두근 스트레칭2,대퇴이두근 스트레칭2,,낱개,준비운동:0.200;본운동:0.241;정리운동:0.560,5537,성인;어르신;유소년;유아기;청소년,대퇴이두근 스트레칭,
몸통스트레칭,몸통 스트레칭,몸통 스트레칭,,낱개,준비운동:0.520;본운동:0.172;정리운동:0.308,5515,성인;어르신;유소년;청소년,,
의자에한다리올리고앉앗다일어서기,의자에 한 다리 올리고 앉앗다 일어서기,의자에 한 다리 올리고 앉앗다 일어서기,,낱개,준비운동:0.118;본운동:0.870;정리운동:0.012,5492,성인;어르신;유소년;유아기;청소년,,
몸앞으로굽히기,몸 앞으로 굽히기,몸 앞으로 굽히기,,낱개,준비운동:0.132;본운동:0.124;정리운동:0.744,5462,어르신;유아기,,
공양손으로주고받기,공 양손으로 주고 받기,공 양손으로 주고 받기,,낱개,준비운동:0.237;본운동:0.756;정리운동:0.007,5329,어르신;유소년;유아기;청소년,,
동물처럼걸어요,동물처럼 걸어요,동물처럼 걸어요,,낱개,준비운동:0.167;본운동:0.819;정리운동:0.014,5299,성인;어르신;유아기,,
바벨들어팔꿈치굽히기,바벨 들어 팔꿈치 굽히기,바벨 들어 팔꿈치 굽히기,,낱개,준비운동:0.178;본운동:0.795;정리운동:0.027,5271,성인;어르신;유소년;유아기;청소년,,
누워서덤벨들어올리기,누워서 덤벨 들어올리기,누워서 덤벨 들어올리기,,낱개,준비운동:0.078;본운동:0.908;정리운동:0.014,5264,성인;어르신;유소년;유아기;청소년,,
다리벌려옆으로상체숙이기,다리 벌려 옆으로 상체 숙이기,다리 벌려 옆으로 상체 숙이기,,낱개,준비운동:0.541;본운동:0.131;정리운동:0.329,5183,성인;어르신;유소년;유아기,,
엎드려서균형잡기,엎드려서 균형잡기,엎드려서 균형잡기,,낱개,준비운동:0.152;본운동:0.839;정리운동:0.009,5067,성인;어르신;유소년;유아기;청소년,,
점프팔굽혀펴기,점프 팔굽혀펴기,점프 팔굽혀펴기,,낱개,준비운동:0.013;본운동:0.966;정리운동:0.021,5020,성인;유아기;청소년,,
덤벨잡고뒤꿈치들기,덤벨 잡고 뒤꿈치 들기,덤벨 잡고 뒤꿈치 들기,,낱개,준비운동:0.094;본운동:0.871;정리운동:0.034,4993,성인;어르신;유아기;청소년,,
한발연속뛰기,한발 연속 뛰기,한발 연속 뛰기,,낱개,준비운동:0.153;본운동:0.824;정리운동:0.022,4880,성인;유소년;청소년,,
스텝퍼뛰어서넘어가기,스텝퍼 뛰어서 넘어가기,스텝퍼 뛰어서 넘어가기,,낱개,준비운동:0.279;본운동:0.693;정리운동:0.028,4843,성인;유소년;유아기;청소년,,
50M달리기,50M 달리기,50M 달리기,,낱개,준비운동:0.045;본운동:0.954;정리운동:0.001,4823,성인;어르신;유소년;유아기;청소년,,
아쿠아로빅,아쿠아로빅,아쿠아로빅,,낱개,준비운동:0.065;본운동:0.863;정리운동:0.072,4823,성인;어르신;유소년;유아기;청소년,,
서서상체일으키기,서서 상체 일으키기,서서 상체 일으키기,,낱개,준비운동:0.115;본운동:0.879;정리운동:0.006,4777,성인;어르신;유소년;유아기;청소년,,
엇박자뛰기,엇박자 뛰기,엇박자 뛰기,,낱개,준비운동:0.308;본운동:0.660;정리운동:0.032,4758,성인;유소년;청소년,,
앉아서몸통움츠리기,앉아서 몸통 움츠리기,앉아서 몸통 움츠리기,,낱개,준비운동:0.087;본운동:0.895;정리운동:0.018,4720,성인;어르신;유소년;유아기;청소년,,
다리뻗어상체숙이기,다리뻗어 상체 숙이기,다리뻗어 상체 숙이기,,낱개,준비운동:0.258;본운동:0.441;정리운동:0.301,4688,성인;어르신;유소년;청소년,,
회전근개스트레칭,회전근개 스트레칭,회전근개 스트레칭,,낱개,준비운동:0.065;본운동:0.016;정리운동:0.920,4569,성인;어르신;유아기,회전근개 스트레칭2,
마주앉아대퇴이두근스트레칭2,마주 앉아 대퇴이두근 스트레칭2,마주 앉아 대퇴이두근 스트레칭2,,낱개,준비운동:0.505;본운동:0.164;정리운동:0.331,4505,성인;어르신;유아기;청소년,마주 앉아 대퇴이두근 스트레칭,
양발모아좌우뛰기,양발 모아 좌우 뛰기,양발 모아 좌우 뛰기,,낱개,준비운동:0.165;본운동:0.820;정리운동:0.015,4492,성인;유소년;청소년,,
누워서수직으로다리들어올리기,누워서 수직으로 다리 들어올리기,누워서 수직으로 다리 들어올리기,,낱개,준비운동:0.113;본운동:0.824;정리운동:0.063,4474,성인;유소년;유아기;청소년,,
골반스트레칭,골반 스트레칭,골반 스트레칭,,낱개,준비운동:0.139;본운동:0.062;정리운동:0.799,4469,성인;어르신;유소년;유아기;청소년,골반 스트레칭2,
팔다리교차버티기,팔다리 교차 버티기,팔다리 교차 버티기,,낱개,준비운동:0.020;본운동:0.969;정리운동:0.011,4453,성인;어르신;유소년;유아기;청소년,,
앉아서뒤로당기기,앉아서 뒤로 당기기,앉아서 뒤로 당기기,,낱개,준비운동:0.020;본운동:0.965;정리운동:0.015,4429,성인;어르신;유소년;유아기;청소년,,
잔발치기,잔발치기,잔발치기,,낱개,준비운동:0.117;본운동:0.871;정리운동:0.012,4417,성인;어르신;유소년;유아기;청소년,,
엎드려서다리차올리기,엎드려서 다리 차올리기,엎드려서 다리 차올리기,,낱개,준비운동:0.210;본운동:0.755;정리운동:0.036,4366,성인;어르신;유소년;유아기;청소년,,
발바꿔뛰기,발 바꿔 뛰기,발 바꿔 뛰기,,낱개,준비운동:0.038;본운동:0.932;정리운동:0.030,4352,성인;어르신;유소년;유아기;청소년,,
빌리보를밀어요,빌리보를 밀어요,빌리보를 밀어요,,낱개,준비운동:0.176;본운동:0.815;정리운동:0.009,4348,성인;어르신;유아기,,
슈퍼맨자세,슈퍼맨자세,슈퍼맨자세,,낱개,준비운동:0.229;본운동:0.769;정리운동:0.002,4298,성인;어르신;유소년;유아기,,
콘운동루틴프로그램,콘운동  루틴프로그램,콘운동  루틴프로그램,,묶음,준비운동:0.024;본운동:0.970;정리운동:0.006,4295,성인;유소년;유아기;청소년,,
지그재그달려요,지그재그 달려요,지그재그 달려요,,낱개,준비운동:0.093;본운동:0.876;정리운동:0.030,4271,성인;어르신;유아기,,
팔꿈치굽히기,팔꿈치 굽히기,팔꿈치 굽히기,,낱개,준비운동:0.008;본운동:0.963;정리운동:0.029,4236,성인;어르신;유아기;청소년,,
전진점프하며발뒤꿈치찍기,전진 점프하며 발 뒤꿈치 찍기,전진 점프하며 발 뒤꿈치 찍기,,낱개,준비운동:0.808;본운동:0.063;정리운동:0.129,4222,성인;어르신;유소년;청소년,,
다리꼬아상체앞으로숙이기,다리 꼬아 상체 앞으로 숙이기,다리 꼬아 상체 앞으로 숙이기,,낱개,준비운동:0.544;본운동:0.127;정리운동:0.328,4190,성인;어르신;유소년;유아기;청소년,,
사다리안팎뛰기,사다리 안팎 뛰기,사다리 안팎 뛰기,,낱개,준비운동:0.064;본운동:0.922;정리운동:0.014,4181,성인;유아기;청소년,,
온몸뻗어주기,온 몸 뻗어주기,온 몸 뻗어주기,,낱개,준비운동:0.668;본운동:0.130;정리운동:0.202,4164,성인;어르신;유소년;유아기;청소년,,
휴식자세,휴식자세,휴식자세,,낱개,준비운동:0.480;본운동:0.147;정리운동:0.374,4077,성인;어르신;유아기;청소년,,
네발기기자세로팔다리들기,네발기기 자세로 팔 다리 들기,네발기기 자세로 팔 다리 들기,,낱개,준비운동:0.031;본운동:0.943;정리운동:0.026,4060,성인;어르신;유아기;청소년,,
서서발목누르기,서서 발목 누르기,서서 발목 누르기,,낱개,준비운동:0.182;본운동:0.407;정리운동:0.411,4047,성인;어르신;유소년;청소년,,
빠른발뛰기,빠른 발 뛰기,빠른 발 뛰기,,낱개,준비운동:0.386;본운동:0.596;정리운동:0.019,4040,성인;유소년;청소년,,
연속사이드스쿼드,연속 사이드 스쿼드,연속 사이드 스쿼드,,낱개,준비운동:0.033;본운동:0.958;정리운동:0.009,4015,성인;어르신;유소년;유아기;청소년,,
스텝퍼올라가서점프하여착지하기,스텝퍼 올라가서 점프하여 착지하기,스텝퍼 올라가서 점프하여 착지하기,,낱개,준비운동:0.225;본운동:0.756;정리운동:0.019,3982,성인;유소년;유아기;청소년,,
막대잡고팔안쪽/바깥돌림,막대 잡고 팔 안쪽/바깥 돌림,막대 잡고 팔 안쪽/바깥 돌림,,낱개,준비운동:0.949;본운동:0.029;정리운동:0.022,3937,성인;유아기,,
앉아서팔꿈치굽히기/펴기,앉아서 팔꿈치 굽히기/펴기,앉아서 팔꿈치 굽히기/펴기,,낱개,준비운동:0.125;본운동:0.857;정리운동:0.018,3825,성인;어르신;유소년;유아기;청소년,,
계단두칸씩뛰기,계단 두 칸씩 뛰기,계단 두 칸씩 뛰기,,낱개,준비운동:0.036;본운동:0.951;정리운동:0.013,3815,성인;유아기;청소년,,
누워서다리좌우로움직이기,누워서 다리 좌우로 움직이기,누워서 다리 좌우로 움직이기,,낱개,준비운동:0.154;본운동:0.808;정리운동:0.038,3807,성인;어르신;유소년;유아기;청소년,,
알을낳아요,알을 낳아요,알을 낳아요,,낱개,준비운동:0.127;본운동:0.499;정리운동:0.375,3789,성인;어르신;유아기,,
훌라후프로공끌고가기,훌라후프로 공 끌고 가기,훌라후프로 공 끌고 가기,,낱개,준비운동:0.286;본운동:0.698;정리운동:0.016,3760,유소년;유아기;청소년,,
사다리좌우뛰기,사다리 좌우 뛰기,사다리 좌우 뛰기,,낱개,준비운동:0.047;본운동:0.915;정리운동:0.039,3753,성인;유아기;청소년,,
후다닥붙여요,후다닥 붙여요,후다닥 붙여요,,낱개,준비운동:0.128;본운동:0.851;정리운동:0.022,3735,성인;어르신;유아기;청소년,,
척추들어올리기,척추 들어올리기,척추 들어올리기,,낱개,준비운동:0.431;본운동:0.198;정리운동:0.372,3705,성인;어르신;유아기;청소년,,
앞굽이앉았다일어서기,앞굽이 앉았다 일어서기,앞굽이 앉았다 일어서기,,낱개,준비운동:0.042;본운동:0.953;정리운동:0.005,3673,성인;어르신;유소년;청소년,,
누워발목당겨주기,누워 발목 당겨주기,누워 발목 당겨주기,,낱개,준비운동:0.250;본운동:0.230;정리운동:0.520,3672,성인;어르신;유소년;유아기;청소년,,
엎드려교차발잡아당기기,엎드려 교차 발 잡아당기기,엎드려 교차 발 잡아당기기,,낱개,준비운동:0.247;본운동:0.053;정리운동:0.700,3653,성인;어르신;유소년;유아기,,
의자앞에서앉았다일어서기,의자 앞에서 앉았다 일어서기,의자 앞에서 앉았다 일어서기,,낱개,준비운동:0.026;본운동:0.962;정리운동:0.012,3647,성인;어르신;유아기;청소년,,
훌라후프하며앞으로가기,훌라후프하며 앞으로 가기,훌라후프하며 앞으로 가기,,낱개,준비운동:0.208;본운동:0.777;정리운동:0.016,3638,유소년;유아기;청소년,,
다리굽혀허리비틀기,다리굽혀 허리 비틀기,다리굽혀 허리 비틀기,,낱개,준비운동:0.537;본운동:0.103;정리운동:0.360,3598,성인;어르신;청소년,,
아기자세,아기자세,아기자세,,낱개,준비운동:0.489;본운동:0.257;정리운동:0.254,3594,성인;어르신;유소년;유아기;청소년,,
한발뒤로빼고앞으로굽히기,한 발 뒤로 빼고 앞으로 굽히기,한 발 뒤로 빼고 앞으로 굽히기,,낱개,준비운동:0.237;본운동:0.038;정리운동:0.725,3558,성인;어르신;유소년;유아기;청소년,,
뛰어내렸다가바로점프하기,뛰어 내렸다가 바로 점프하기,뛰어 내렸다가 바로 점프하기,,낱개,준비운동:0.071;본운동:0.906;정리운동:0.022,3556,성인;유소년;유아기;청소년,,
사이드스텝,사이드 스텝,사이드 스텝,,낱개,준비운동:0.043;본운동:0.944;정리운동:0.013,3547,성인;유소년;청소년,,
팔로써클링누르기,팔로 써클링 누르기,팔로 써클링 누르기,,낱개,준비운동:0.470;본운동:0.527;정리운동:0.003,3539,어르신;유소년;유아기,,
크런치사이클,크런치 사이클,크런치 사이클,,낱개,준비운동:0.036;본운동:0.957;정리운동:0.007,3529,성인;청소년,,
매달려서뒤로팔굽혀펴기,매달려서 뒤로 팔굽혀 펴기,매달려서 뒤로 팔굽혀 펴기,,낱개,준비운동:0.098;본운동:0.893;정리운동:0.009,3515,성인;어르신;유소년;유아기;청소년,,
박스오르내리기,박스 오르내리기,박스 오르내리기,,낱개,준비운동:0.244;본운동:0.733;정리운동:0.024,3478,성인;어르신;유소년;유아기;청소년,,
앉아윗몸앞으로굽히기,앉아 윗몸 앞으로 굽히기,앉아 윗몸 앞으로 굽히기,,낱개,준비운동:0.348;본운동:0.157;정리운동:0.495,3466,성인;어르신;유소년;유아기,,
엎드려서팔다리들기,엎드려서 팔 다리 들기,엎드려서 팔 다리 들기,,낱개,준비운동:0.020;본운동:0.935;정리운동:0.045,3454,성인;어르신;유아기;청소년,,
힘차게던져요,힘차게 던져요,힘차게 던져요,,낱개,준비운동:0.088;본운동:0.875;정리운동:0.036,3414,성인;어르신;유아기,,
발바닥치기,발바닥 치기,발바닥 치기,,낱개,준비운동:0.085;본운동:0.897;정리운동:0.018,3407,성인;어르신;유소년;유아기,,
후다닥집어요,후다닥 집어요,후다닥 집어요,,낱개,준비운동:0.135;본운동:0.838;정리운동:0.027,3381,성인;어르신;유아기,,
낚시를해요,낚시를 해요,낚시를 해요,,낱개,준비운동:0.224;본운동:0.752;정리운동:0.024,3315,성인;어르신;유아기,,
알록달록공을옮겨요,알록달록 공을 옮겨요,알록달록 공을 옮겨요,,낱개,준비운동:0.122;본운동:0.853;정리운동:0.025,3298,성인;어르신;유아기,,
앉아서한발앞으로굽히기,앉아서 한 발 앞으로 굽히기,앉아서 한 발 앞으로 굽히기,,낱개,준비운동:0.449;본운동:0.142;정리운동:0.409,3283,성인;어르신;유소년;유아기,,
앉아서옆구리늘려주기,앉아서 옆구리 늘려주기,앉아서 옆구리 늘려주기,,낱개,준비운동:0.376;본운동:0.117;정리운동:0.507,3249,성인;어르신;유소년;유아기,,
무릎대고옆으로기울이기,무릎 대고 옆으로 기울이기,무릎 대고 옆으로 기울이기,,낱개,준비운동:0.223;본운동:0.034;정리운동:0.743,3220,성인;어르신;유소년;유아기,,
서서어깨들어올리기,서서 어깨  들어올리기,서서 어깨  들어올리기,,낱개,준비운동:0.072;본운동:0.918;정리운동:0.010,3189,성인;어르신;유아기;청소년,,
양발모았다벌려뛰기,양발 모았다 벌려뛰기,양발 모았다 벌려뛰기,,낱개,준비운동:0.102;본운동:0.883;정리운동:0.015,3185,성인;청소년,,
비복근스트레칭,비복근 스트레칭,비복근 스트레칭,,낱개,준비운동:0.261;본운동:0.133;정리운동:0.606,3146,성인;어르신;유소년;유아기;청소년,,
우리모두다같이,우리 모두 다같이,우리 모두 다같이,,낱개,준비운동:0.060;본운동:0.802;정리운동:0.138,3127,성인;어르신;유아기,,
엎드려팔다리교차올리기,엎드려 팔다리 교차올리기,엎드려 팔다리 교차올리기,,낱개,준비운동:0.027;본운동:0.964;정리운동:0.009,3123,성인;어르신;유소년;청소년,,
사다리이용루틴운동,사다리 이용 루틴 운동,사다리 이용 루틴 운동,,묶음,준비운동:0.068;본운동:0.922;정리운동:0.009,3105,성인;어르신;유소년;유아기;청소년,,
무릎대고상체뒤로젖히기,무릎 대고 상체 뒤로 젖히기,무릎 대고 상체 뒤로 젖히기,,낱개,준비운동:0.351;본운동:0.059;정리운동:0.589,3091,성인;어르신;유소년;유아기,,
양손번갈아공튀기기,양 손 번갈아 공 튀기기,양 손 번갈아 공 튀기기,,낱개,준비운동:0.293;본운동:0.682;정리운동:0.025,3084,어르신;유소년;청소년,,
앞뒤로선넘기,앞뒤로 선넘기,앞뒤로 선넘기,,낱개,준비운동:0.140;본운동:0.845;정리운동:0.015,3068,성인;어르신;유소년;유아기;청소년,,
의자에앉아가슴몸통말아주기,의자에 앉아 가슴 몸통 말아주기,의자에 앉아 가슴 몸통 말아주기,,낱개,준비운동:0.643;본운동:0.087;정리운동:0.270,3064,성인;청소년,,
누워서덤벨모아들기,누워서 덤벨 모아들기,누워서 덤벨 모아들기,,낱개,준비운동:0.097;본운동:0.893;정리운동:0.010,3045,성인;어르신;유소년;유아기;청소년,,
가슴/어깨스트레칭,가슴/어깨 스트레칭,가슴/어깨 스트레칭,,낱개,준비운동:0.041;본운동:0.012;정리운동:0.947,3002,성인;어르신;유아기;청소년,,
균형걷기,균형 걷기,균형 걷기,,낱개,준비운동:0.105;본운동:0.866;정리운동:0.029,2969,성인;어르신;유소년;유아기;청소년,,
벽에서팔굽혀펴기,벽에서 팔굽혀 펴기,벽에서 팔굽혀 펴기,,낱개,준비운동:0.012;본운동:0.980;정리운동:0.007,2942,성인;어르신;유아기;청소년,,
계단두발뛰기,계단 두발 뛰기,계단 두발 뛰기,,낱개,준비운동:0.051;본운동:0.916;정리운동:0.033,2937,성인;유아기;청소년,,
좌우로선넘기,좌우로 선넘기,좌우로 선넘기,,낱개,준비운동:0.151;본운동:0.832;정리운동:0.017,2920,성인;어르신;유소년;유아기;청소년,,
의자에앉아몸통비틀기,의자에 앉아 몸통비틀기,의자에 앉아 몸통비틀기,,낱개,준비운동:0.558;본운동:0.087;정리운동:0.355,2859,성인;어르신;청소년,,
상체앞으로숙이기,상체 앞으로 숙이기,상체 앞으로 숙이기,,낱개,준비운동:0.070;본운동:0.309;정리운동:0.621,2847,성인;어르신;청소년,,
한발앞굽이팔위로뻗어가슴내밀기,한 발 앞굽이 팔 위로 뻗어 가슴 내밀기,한 발 앞굽이 팔 위로 뻗어 가슴 내밀기,,낱개,준비운동:0.531;본운동:0.152;정리운동:0.317,2829,성인;어르신;유소년;유아기,,
엎드려다리들어올리기,엎드려 다리 들어올리기,엎드려 다리 들어올리기,,낱개,준비운동:0.174;본운동:0.822;정리운동:0.004,2814,성인;어르신;유소년;유아기;청소년,,
누워서굽힌다리펴기,누워서 굽힌 다리 펴기,누워서 굽힌 다리 펴기,,낱개,준비운동:0.163;본운동:0.039;정리운동:0.798,2804,성인;어르신;유소년;유아기;청소년,,
윗몸말며공을전달해요,윗몸 말며 공을 전달해요,윗몸 말며 공을 전달해요,,낱개,준비운동:0.114;본운동:0.791;정리운동:0.095,2789,성인;어르신;유아기,,
벽잡고빨리뛰기,벽잡고 빨리 뛰기,벽잡고 빨리 뛰기,,낱개,준비운동:0.119;본운동:0.863;정리운동:0.018,2761,성인;어르신;유소년;유아기;청소년,,
서서다리로탄력밴드당기기I,서서 다리로 탄력밴드 당기기 I,서서 다리로 탄력밴드 당기기 I,,낱개,준비운동:0.146;본운동:0.839;정리운동:0.015,2758,성인;어르신;유아기;청소년,서서 다리로 탄력밴드 당기기 II,
끌어요당겨요,끌어요 당겨요,끌어요 당겨요,,낱개,준비운동:0.083;본운동:0.818;정리운동:0.099,2748,성인;어르신;유아기,,
앉아서팔꿈치굽히기,앉아서 팔꿈치 굽히기,앉아서 팔꿈치 굽히기,,낱개,준비운동:0.092;본운동:0.904;정리운동:0.004,2743,성인;어르신;유아기,,
서서한팔들어오른쪽왼쪽뻗기,서서 한팔 들어 오른쪽 왼쪽 뻗기,서서 한팔 들어 오른쪽 왼쪽 뻗기,,낱개,준비운동:0.529;본운동:0.117;정리운동:0.354,2742,성인;어르신;유아기;청소년,,
사다리옆으로발옮기기,사다리 옆으로 발 옮기기,사다리 옆으로 발 옮기기,,낱개,준비운동:0.036;본운동:0.926;정리운동:0.038,2672,성인;유아기;청소년,,
뒤로팔굽혀펴기,뒤로 팔굽혀펴기,뒤로 팔굽혀펴기,,낱개,준비운동:0.168;본운동:0.776;정리운동:0.056,2639,성인;어르신;유아기;청소년,,
의자에앉아가슴뒤로젖히기,의자에 앉아 가슴 뒤로 젖히기,의자에 앉아 가슴 뒤로 젖히기,,낱개,준비운동:0.539;본운동:0.072;정리운동:0.389,2637,성인;어르신;유아기;청소년,,
앉아서가슴모으기,앉아서 가슴 모으기,앉아서 가슴 모으기,,낱개,준비운동:0.018;본운동:0.965;정리운동:0.018,2619,성인;어르신;유아기;청소년,,
다리모아무릎누르기,다리모아 무릎 누르기,다리모아 무릎 누르기,,낱개,준비운동:0.332;본운동:0.150;정리운동:0.518,2592,성인;청소년,,
다리자세,다리자세,다리자세,,낱개,준비운동:0.545;본운동:0.054;정리운동:0.401,2591,성인;어르신;청소년,,
서서다리로탄력밴드당기기II,서서 다리로 탄력밴드 당기기 II,서서 다리로 탄력밴드 당기기 II,,낱개,준비운동:0.140;본운동:0.852;정리운동:0.008,2554,성인;어르신;유소년;유아기;청소년,서서 다리로 탄력밴드 당기기 I,
플렉스바비틀기,플렉스 바 비틀기,플렉스 바 비틀기,,낱개,준비운동:0.105;본운동:0.876;정리운동:0.019,2525,성인;어르신;유아기;청소년,,
연속상향점프하기,연속 상향 점프하기,연속 상향 점프하기,,낱개,준비운동:0.005;본운동:0.994;정리운동:0.001,2517,성인;유아기;청소년,,
무릎당겨올리기,무릎 당겨올리기,무릎 당겨올리기,,낱개,준비운동:0.360;본운동:0.159;정리운동:0.481,2498,성인;어르신;유아기;청소년,,
서서팔꿈치펴기,서서 팔꿈치 펴기,서서 팔꿈치 펴기,,낱개,준비운동:0.104;본운동:0.881;정리운동:0.015,2481,성인;어르신;유아기,,
한발서서균형잡기,한발 서서 균형잡기,한발 서서 균형잡기,,낱개,준비운동:0.111;본운동:0.850;정리운동:0.040,2480,성인;어르신;유아기;청소년,,
허리굽혀덤벨뒤로들기,허리 굽혀 덤벨 뒤로 들기,허리 굽혀 덤벨 뒤로 들기,,낱개,준비운동:0.206;본운동:0.712;정리운동:0.082,2447,성인;어르신;유소년;유아기;청소년,,
엎드려어깨늘리기,엎드려 어깨 늘리기,엎드려 어깨 늘리기,,낱개,준비운동:0.170;본운동:0.032;정리운동:0.798,2438,성인;어르신;유소년;유아기,,
팔굽혀펴기(무릎대고실시),팔굽혀펴기(무릎대고 실시),팔굽혀펴기(무릎대고 실시),,낱개,준비운동:0.016;본운동:0.946;정리운동:0.038,2422,성인;어르신;유아기;청소년,팔굽혀펴기,
베개밟고서기,베개 밟고 서기,베개 밟고 서기,,낱개,준비운동:0.380;본운동:0.576;정리운동:0.044,2416,어르신;유아기,,
목봉잡고앉았다일어나기,목봉잡고 앉았다 일어나기,목봉잡고 앉았다 일어나기,,낱개,준비운동:0.035;본운동:0.938;정리운동:0.026,2399,성인;어르신;유아기,,
알록달록붙여요,알록달록 붙여요,알록달록 붙여요,,낱개,준비운동:0.148;본운동:0.830;정리운동:0.023,2396,성인;어르신;유아기,,
공을옮겨요(옆),공을 옮겨요(옆),공을 옮겨요(옆),,낱개,준비운동:0.229;본운동:0.738;정리운동:0.032,2302,성인;어르신;유아기,공을 옮겨요(앞),
점프해서손발끝닿기,점프해서 손 발끝 닿기,점프해서 손 발끝 닿기,,낱개,준비운동:0.068;본운동:0.923;정리운동:0.008,2296,성인;어르신;유소년;유아기,,
양발연속뛰기,양발 연속 뛰기,양발 연속 뛰기,,낱개,준비운동:0.077;본운동:0.892;정리운동:0.031,2276,성인;유소년;청소년,,
서서발목뒤로당기기,서서 발목 뒤로 당기기,서서 발목 뒤로 당기기,,낱개,준비운동:0.181;본운동:0.249;정리운동:0.569,2250,성인;어르신;유소년;청소년,,
빠른발안팎뛰기,빠른 발 안팎 뛰기,빠른 발 안팎 뛰기,,낱개,준비운동:0.121;본운동:0.848;정리운동:0.031,2224,성인;유소년;청소년,,
소방훈련해요,소방훈련 해요,소방훈련 해요,,낱개,준비운동:0.061;본운동:0.847;정리운동:0.092,2211,성인;어르신;유아기,,
누워서막대잡고팔들어올리기,누워서 막대 잡고 팔 들어올리기,누워서 막대 잡고 팔 들어올리기,,낱개,준비운동:0.906;본운동:0.057;정리운동:0.037,2200,성인;유아기,,
누워서머리위로팔꿈치펴기,누워서 머리 위로 팔꿈치 펴기,누워서 머리 위로 팔꿈치 펴기,,낱개,준비운동:0.272;본운동:0.635;정리운동:0.093,2200,성인;어르신;유소년;유아기;청소년,,
서서다리로탄력밴드당겨중심잡기루틴운동,서서 다리로 탄력밴드 당겨 중심 잡기 루틴 운동,서서 다리로 탄력밴드 당겨 중심 잡기 루틴 운동,,묶음,준비운동:0.077;본운동:0.918;정리운동:0.005,2194,성인;어르신;유아기;청소년,,
등척성운동-바깥돌림,등척성운동-바깥돌림,등척성운동-바깥돌림,,낱개,준비운동:0.245;본운동:0.723;정리운동:0.032,2159,성인;유아기,,
힘차게맞춰요,힘차게 맞춰요,힘차게 맞춰요,,낱개,준비운동:0.097;본운동:0.847;정리운동:0.057,2141,성인;어르신;유아기,,
의자에앉아옆구리숙이기,의자에 앉아 옆구리 숙이기,의자에 앉아 옆구리 숙이기,,낱개,준비운동:0.528;본운동:0.115;정리운동:0.356,2135,성인;어르신;청소년,,
누워서가슴밀기,누워서 가슴 밀기,누워서 가슴 밀기,,낱개,준비운동:0.023;본운동:0.967;정리운동:0.010,2131,어르신;유아기,,
박스옆으로번갈아뛰기,박스 옆으로 번갈아 뛰기,박스 옆으로 번갈아 뛰기,,낱개,준비운동:0.325;본운동:0.664;정리운동:0.012,2129,성인;유소년;유아기;청소년,,
무릎당겨다리올리기,무릎당겨 다리 올리기,무릎당겨 다리 올리기,,낱개,준비운동:0.378;본운동:0.160;정리운동:0.462,2125,성인;청소년,,
다리모았다벌려뛰기,다리 모았다 벌려 뛰기,다리 모았다 벌려 뛰기,,낱개,준비운동:0.151;본운동:0.827;정리운동:0.022,2123,성인;어르신;유소년;유아기;청소년,,
무릎-허리높이로공튀기기,무릎-허리 높이로 공 튀기기,무릎-허리 높이로 공 튀기기,,낱개,준비운동:0.227;본운동:0.741;정리운동:0.032,2119,유소년,,
앉아서덤벨로손목굽히기,앉아서 덤벨로 손목 굽히기,앉아서 덤벨로 손목 굽히기,,낱개,준비운동:0.117;본운동:0.872;정리운동:0.011,2118,성인;어르신;유아기;청소년,,
W스텝,W 스텝,W 스텝,,낱개,준비운동:0.092;본운동:0.884;정리운동:0.024,2108,성인;유소년;청소년,,
옆으로누워다리들어올리기,옆으로 누워 다리 들어올리기,옆으로 누워 다리 들어올리기,,낱개,준비운동:0.254;본운동:0.745;정리운동:0.001,2097,유소년;유아기;청소년,,
등척성운동-안쪽돌림,등척성운동-안쪽 돌림,등척성운동-안쪽 돌림,,낱개,준비운동:0.258;본운동:0.730;정리운동:0.013,2079,성인;유아기,,
물통으로양팔들어올리기,물통으로 양팔 들어올리기,물통으로 양팔 들어올리기,,낱개,준비운동:0.122;본운동:0.817;정리운동:0.061,2075,성인;어르신;유아기,,
원판던지기,원판던지기,원판던지기,,낱개,준비운동:0.006;본운동:0.982;정리운동:0.012,2075,성인;어르신;유소년;유아기;청소년,,
제자리멀리뛰기,제자리 멀리 뛰기,제자리 멀리 뛰기,,낱개,준비운동:0.139;본운동:0.836;정리운동:0.025,2067,성인;어르신;유소년;유아기;청소년,,
인사체조,인사 체조,인사 체조,,묶음,준비운동:0.068;본운동:0.798;정리운동:0.133,2064,성인;어르신;유아기,,
엉금엉금기어요,엉금엉금 기어요,엉금엉금 기어요,,낱개,준비운동:0.103;본운동:0.723;정리운동:0.174,2055,성인;어르신;유아기,,
활자세,활 자세,활 자세,,낱개,준비운동:0.141;본운동:0.031;정리운동:0.828,2046,성인;어르신;유소년;유아기,,
앞뒤지그재그뛰기,앞뒤 지그재그 뛰기,앞뒤 지그재그 뛰기,,낱개,준비운동:0.046;본운동:0.944;정리운동:0.010,2043,성인;유소년;청소년,,
고정한상태에서덤벨들고팔꿈치굽히기,고정한 상태에서 덤벨 들고 팔꿈치 굽히기,고정한 상태에서 덤벨 들고 팔꿈치 굽히기,,낱개,준비운동:0.279;본운동:0.684;정리운동:0.037,2036,성인;어르신;유소년;유아기;청소년,,
등척성운동-벌림,등척성운동-벌림,등척성운동-벌림,,낱개,준비운동:0.227;본운동:0.750;정리운동:0.022,2023,성인;유아기,,
무릎들어연속뛰기,무릎 들어 연속 뛰기,무릎 들어 연속 뛰기,,낱개,준비운동:0.046;본운동:0.925;정리운동:0.029,1979,성인;유소년;청소년,,
밴드앞옆으로들어올리기,밴드 앞 옆으로 들어올리기,밴드 앞 옆으로 들어올리기,,낱개,준비운동:0.523;본운동:0.473;정리운동:0.004,1972,성인;어르신;유소년;유아기;청소년,,
옆구리늘리기,옆구리늘리기,옆구리늘리기,,낱개,준비운동:0.771;본운동:0.179;정리운동:0.049,1956,성인;유아기;청소년,,
모관운동,모관운동,모관운동,,낱개,준비운동:0.497;본운동:0.068;정리운동:0.435,1945,어르신;유소년;유아기;청소년,,
발가락폄근스트레칭,발가락 폄근 스트레칭,발가락 폄근 스트레칭,,낱개,준비운동:0.242;본운동:0.129;정리운동:0.629,1918,성인;어르신;유아기,,
어깨뒤쪽스트레칭,어깨 뒤쪽 스트레칭,어깨 뒤쪽 스트레칭,,낱개,준비운동:0.907;본운동:0.013;정리운동:0.080,1913,성인;어르신;유아기,,
밴드어깨뒤로들어올리기,밴드 어깨 뒤로 들어올리기,밴드 어깨 뒤로 들어올리기,,낱개,준비운동:0.522;본운동:0.476;정리운동:0.002,1900,성인;어르신;유소년;유아기;청소년,,
밴드걸고누워서다리들어올리기,밴드 걸고 누워서 다리 들어올리기,밴드 걸고 누워서 다리 들어올리기,,낱개,준비운동:0.044;본운동:0.922;정리운동:0.035,1886,성인;어르신;유아기,,
결가부좌,결가부좌,결가부좌,,낱개,준비운동:0.534;본운동:0.092;정리운동:0.374,1874,성인;어르신;유아기;청소년,,
딩딩링을끼워요,딩딩링을 끼워요,딩딩링을 끼워요,,낱개,준비운동:0.121;본운동:0.710;정리운동:0.168,1841,성인;어르신;유아기,,
의자이용하기,의자 이용하기,의자 이용하기,,낱개,준비운동:0.049;본운동:0.938;정리운동:0.013,1833,성인;어르신;유아기;청소년,,
바벨당겨올리기,바벨 당겨 올리기,바벨 당겨 올리기,,낱개,준비운동:0.118;본운동:0.881;정리운동:0.001,1827,성인;어르신;유소년;유아기;청소년,,
양발교차뛰기,양발 교차 뛰기,양발 교차 뛰기,,낱개,준비운동:0.054;본운동:0.915;정리운동:0.031,1819,성인;청소년,,
4방향콘찍고달리기,4방향 콘 찍고 달리기,4방향 콘 찍고 달리기,,낱개,준비운동:0.042;본운동:0.954;정리운동:0.004,1801,성인;유소년;유아기;청소년,,
의자잡고팔뒤로굽히기,의자 잡고 팔 뒤로 굽히기,의자 잡고 팔 뒤로 굽히기,,낱개,준비운동:0.401;본운동:0.590;정리운동:0.010,1770,성인;어르신;유소년;유아기,,
밴드걸고엎드려서다리구부리기,밴드 걸고 엎드려서 다리 구부리기,밴드 걸고 엎드려서 다리 구부리기,,낱개,준비운동:0.048;본운동:0.930;정리운동:0.022,1755,성인;어르신;유아기,,
발등굽힘/발바닥굽힘,발등굽힘/발바닥굽힘,발등굽힘/발바닥굽힘,,낱개,준비운동:0.144;본운동:0.825;정리운동:0.032,1746,성인;어르신;유소년;유아기;청소년,,
골반스트레칭2,골반 스트레칭2,골반 스트레칭2,,낱개,준비운동:0.169;본운동:0.178;정리운동:0.653,1734,성인;어르신;유아기;청소년,골반 스트레칭,
전신틀어손벽마주치기,전신 틀어 손벽 마주치기,전신 틀어 손벽 마주치기,,낱개,준비운동:0.079;본운동:0.027;정리운동:0.893,1727,어르신;유아기,,
아령앞으로들어올리기,아령 앞으로 들어올리기,아령 앞으로 들어올리기,,낱개,준비운동:0.391;본운동:0.603;정리운동:0.005,1720,성인;어르신;유소년;유아기;청소년,,
2단줄넘기,2단 줄넘기,2단 줄넘기,,낱개,준비운동:0.121;본운동:0.871;정리운동:0.008,1718,성인;유소년;청소년,,
밴드머리뒤로들어올리기,밴드 머리 뒤로 들어올리기,밴드 머리 뒤로 들어올리기,,낱개,준비운동:0.084;본운동:0.841;정리운동:0.075,1699,성인;어르신;유소년;유아기;청소년,,
서서다리모으고벌리기,서서 다리 모으고 벌리기,서서 다리 모으고 벌리기,,낱개,준비운동:0.101;본운동:0.824;정리운동:0.075,1679,성인;어르신;유아기,,
한쪽다리펴고상체숙이기,한쪽 다리펴고 상체 숙이기,한쪽 다리펴고 상체 숙이기,,낱개,준비운동:0.116;본운동:0.319;정리운동:0.565,1675,성인;어르신;청소년,,
V자버티기,V자 버티기,V자 버티기,,낱개,준비운동:0.410;본운동:0.588;정리운동:0.002,1654,성인;어르신;유소년;유아기,,
뒷발교차뛰기,뒷발 교차 뛰기,뒷발 교차 뛰기,,낱개,준비운동:0.086;본운동:0.884;정리운동:0.030,1642,청소년,,
공위로던지고제자리돌아받기,공 위로 던지고 제자리 돌아 받기,공 위로 던지고 제자리 돌아 받기,,낱개,준비운동:0.119;본운동:0.831;정리운동:0.050,1638,어르신;유소년,,
굽힘밸런스운동-60~120도사이,굽힘 밸런스운동-60~120도 사이,굽힘 밸런스운동-60~120도 사이,,낱개,준비운동:0.235;본운동:0.758;정리운동:0.008,1598,성인;어르신;유아기,,
서서균형잡기,서서 균형잡기,서서 균형잡기,,낱개,준비운동:0.076;본운동:0.853;정리운동:0.070,1582,성인;어르신;유아기;청소년,,
탄력밴드후방으로당기기,탄력밴드 후방으로 당기기,탄력밴드 후방으로 당기기,,낱개,준비운동:0.121;본운동:0.868;정리운동:0.010,1581,어르신;유소년;유아기,,
벌림밸런스운동-60~120도사이,벌림 밸런스 운동-60~120도 사이,벌림 밸런스 운동-60~120도 사이,,낱개,준비운동:0.255;본운동:0.737;정리운동:0.008,1579,성인;어르신;유아기,,
공받고던져요,공 받고 던져요,공 받고 던져요,,낱개,준비운동:0.157;본운동:0.779;정리운동:0.064,1563,성인;어르신;유아기,,
점프해서발바닥치기,점프해서 발바닥 치기,점프해서 발바닥 치기,,낱개,준비운동:0.157;본운동:0.830;정리운동:0.012,1557,성인;어르신;유소년;유아기,,
앉은산자세,앉은 산 자세,앉은 산 자세,,낱개,준비운동:0.488;본운동:0.082;정리운동:0.430,1524,성인;어르신;청소년,,
공을옮겨요(앞),공을 옮겨요(앞),공을 옮겨요(앞),,낱개,준비운동:0.307;본운동:0.627;정리운동:0.066,1523,성인;어르신;유아기,공을 옮겨요(옆),
한발앞뒤교차뛰기,한발 앞뒤 교차 뛰기,한발 앞뒤 교차 뛰기,,낱개,준비운동:0.080;본운동:0.901;정리운동:0.019,1508,유소년;청소년,,
탄력밴드전방으로당기기,탄력밴드 전방으로 당기기,탄력밴드 전방으로 당기기,,낱개,준비운동:0.130;본운동:0.859;정리운동:0.011,1476,어르신;유아기,,
팔빨리흔들기,팔 빨리 흔들기,팔 빨리 흔들기,,낱개,준비운동:0.251;본운동:0.727;정리운동:0.022,1466,성인;유소년;유아기,,
누워서막대잡고팔회전하기,누워서 막대 잡고 팔 회전하기,누워서 막대 잡고 팔 회전하기,,낱개,준비운동:0.886;본운동:0.073;정리운동:0.041,1434,성인;유아기,,
조심조심걸어요,조심조심 걸어요,조심조심 걸어요,,낱개,준비운동:0.118;본운동:0.808;정리운동:0.073,1430,성인;어르신;유아기,,
전신비틀며전진하기,전신 비틀며 전진하기,전신 비틀며 전진하기,,낱개,준비운동:0.522;본운동:0.111;정리운동:0.367,1429,성인;어르신;유소년;유아기;청소년,,
콘뛰어넘기,콘 뛰어넘기,콘 뛰어넘기,,낱개,준비운동:0.108;본운동:0.884;정리운동:0.009,1409,유소년;유아기,,
물병옆으로들어올리기,물병 옆으로 들어올리기,물병 옆으로 들어올리기,,낱개,준비운동:0.097;본운동:0.721;정리운동:0.181,1407,성인;어르신;유아기;청소년,,
다리모아뒤로눕기,다리 모아 뒤로 눕기,다리 모아 뒤로 눕기,,낱개,준비운동:0.111;본운동:0.037;정리운동:0.853,1391,어르신;유소년;유아기,,
복부스트레칭,복부 스트레칭,복부 스트레칭,,낱개,준비운동:0.208;본운동:0.142;정리운동:0.650,1391,성인;어르신;유소년;유아기;청소년,,
옆으로걷기,옆으로 걷기,옆으로 걷기,,낱개,준비운동:0.116;본운동:0.841;정리운동:0.043,1391,성인;어르신;유소년;유아기;청소년,,
탄력밴드측면으로당기기,탄력밴드 측면으로 당기기,탄력밴드 측면으로 당기기,,낱개,준비운동:0.158;본운동:0.832;정리운동:0.010,1367,어르신;유소년;유아기,,
누워서전신뻗기,누워서 전신 뻗기,누워서 전신 뻗기,,낱개,준비운동:0.239;본운동:0.214;정리운동:0.547,1364,성인;어르신;유소년;유아기,,
앉아서어깨위로밀기,앉아서 어깨 위로 밀기,앉아서 어깨 위로 밀기,,낱개,준비운동:0.179;본운동:0.793;정리운동:0.028,1363,성인;어르신;유아기;청소년,,
파워클린,파워클린,파워클린,,낱개,준비운동:0.010;본운동:0.985;정리운동:0.006,1360,성인;유아기;청소년,,
한발무릎위올려차기,한 발 무릎위 올려차기,한 발 무릎위 올려차기,,낱개,준비운동:0.296;본운동:0.692;정리운동:0.012,1327,성인;어르신;유소년;유아기;청소년,,
밴드앞으로당기기,밴드 앞으로 당기기,밴드 앞으로 당기기,,낱개,준비운동:0.518;본운동:0.480;정리운동:0.002,1311,성인;어르신;유소년;유아기;청소년,,
등스트레칭,등 스트레칭,등 스트레칭,,낱개,준비운동:0.224;본운동:0.154;정리운동:0.622,1305,성인;어르신;유아기;청소년,,
크게다리벌려교차뛰기,크게 다리벌려 교차 뛰기,크게 다리벌려 교차 뛰기,,낱개,준비운동:0.065;본운동:0.921;정리운동:0.014,1298,성인;유소년;청소년,,
양발벌려무릎밀어내기,양발 벌려 무릎 밀어내기,양발 벌려 무릎 밀어내기,,낱개,준비운동:0.261;본운동:0.182;정리운동:0.557,1295,성인;어르신;유소년;청소년,,
옆으로팔대고버티기,옆으로 팔 대고 버티기,옆으로 팔 대고 버티기,,낱개,준비운동:0.162;본운동:0.835;정리운동:0.003,1267,어르신;유소년;유아기;청소년,,
풍선튕기기,풍선 튕기기,풍선 튕기기,,낱개,준비운동:0.089;본운동:0.882;정리운동:0.029,1259,성인;어르신;유아기;청소년,,
몸통앞으로굽혀걷기,몸통 앞으로 굽혀 걷기,몸통 앞으로 굽혀 걷기,,낱개,준비운동:0.193;본운동:0.038;정리운동:0.769,1251,어르신;유소년;유아기;청소년,,
짐볼이용해앉았다일어서기,짐볼 이용해 앉았다 일어서기,짐볼 이용해 앉았다 일어서기,,낱개,준비운동:0.090;본운동:0.854;정리운동:0.056,1243,성인;어르신;유아기,,
공잡고들어올리기,공 잡고 들어올리기,공 잡고 들어올리기,,낱개,준비운동:0.062;본운동:0.825;정리운동:0.113,1228,어르신;유아기,,
옆으로펀치하기,옆으로 펀치하기,옆으로 펀치하기,,낱개,준비운동:0.090;본운동:0.833;정리운동:0.076,1219,성인;어르신;유아기;청소년,,
팔꿈치-무릎교차닿기,팔꿈치-무릎 교차 닿기,팔꿈치-무릎 교차 닿기,,낱개,준비운동:0.317;본운동:0.682;정리운동:0.001,1211,성인;유소년,,
척추스트레칭,척추 스트레칭,척추 스트레칭,,낱개,준비운동:0.206;본운동:0.115;정리운동:0.679,1209,성인;어르신;유아기;청소년,,
밴드잡고누워서다리밀기,밴드 잡고 누워서 다리 밀기,밴드 잡고 누워서 다리 밀기,,낱개,준비운동:0.067;본운동:0.880;정리운동:0.052,1208,성인;어르신;유아기,,
연속무릎올리기,연속 무릎 올리기,연속 무릎 올리기,,낱개,준비운동:0.135;본운동:0.854;정리운동:0.011,1203,성인;유소년;유아기,,
아령뒤로들어올리기,아령 뒤로 들어올리기,아령 뒤로 들어올리기,,낱개,준비운동:0.301;본운동:0.689;정리운동:0.009,1191,유소년,,
덤벨잡고한발내밀어굽혔다펴기,덤벨 잡고 한발 내밀어 굽혔다 펴기,덤벨 잡고 한발 내밀어 굽혔다 펴기,,낱개,준비운동:0.026;본운동:0.969;정리운동:0.004,1182,성인;어르신;유아기;청소년,,
밴드걸고옆으로누워다리올리기,밴드 걸고 옆으로 누워 다리 올리기,밴드 걸고 옆으로 누워 다리 올리기,,낱개,준비운동:0.058;본운동:0.889;정리운동:0.053,1181,성인;어르신;유소년;유아기,,
팔돌리며점프하기,팔 돌리며 점프하기,팔 돌리며 점프하기,,낱개,준비운동:0.444;본운동:0.238;정리운동:0.318,1166,유소년;유아기;청소년,,
탄력밴드후방측면으로당기기,탄력밴드 후방 측면으로 당기기,탄력밴드 후방 측면으로 당기기,,낱개,준비운동:0.169;본운동:0.819;정리운동:0.012,1151,어르신;유아기;청소년,,
물병들고한발앞으로내밀고앉았다일어서기,물병 들고 한발 앞으로 내밀고 앉았다 일어서기,물병 들고 한발 앞으로 내밀고 앉았다 일어서기,,낱개,준비운동:0.015;본운동:0.985,1151,성인;어르신;유소년;유아기,,
덤벨잡고몸통옆으로굽히기,덤벨 잡고 몸통 옆으로 굽히기,덤벨 잡고 몸통 옆으로 굽히기,,낱개,준비운동:0.017;본운동:0.959;정리운동:0.024,1150,어르신;유아기,,
누워서다리펴고원그리기,누워서 다리 펴고 원 그리기,누워서 다리 펴고 원 그리기,,낱개,준비운동:0.321;본운동:0.676;정리운동:0.003,1148,어르신;유소년;유아기,,
머리위로공넘기기,머리 위로 공 넘기기,머리 위로 공 넘기기,,낱개,준비운동:0.117;본운동:0.853;정리운동:0.030,1141,성인;어르신;유소년;유아기,,
막대잡고대각선으로팔들어올리기,막대 잡고 대각선으로 팔 들어올리기,막대 잡고 대각선으로 팔 들어올리기,,낱개,준비운동:0.938;본운동:0.043;정리운동:0.018,1137,성인;어르신;유아기,,
앉아서다리굽히기,앉아서 다리 굽히기,앉아서 다리 굽히기,,낱개,준비운동:0.047;본운동:0.771;정리운동:0.181,1137,성인;어르신;유아기;청소년,,
앉아서다리펴서들어올리기,앉아서 다리 펴서 들어올리기,앉아서 다리 펴서 들어올리기,,낱개,준비운동:0.282;본운동:0.715;정리운동:0.003,1137,성인;어르신;유소년;유아기,,
상체감아올리기,상체 감아올리기,상체 감아올리기,,낱개,준비운동:0.070;본운동:0.906;정리운동:0.025,1135,성인;유소년;청소년,,
엎드려양팔및다리들어올리기,엎드려 양팔 및 다리 들어올리기,엎드려 양팔 및 다리 들어올리기,,낱개,준비운동:0.061;본운동:0.793;정리운동:0.145,1125,성인;어르신;유소년;유아기,,
앞뒤로한발씩걷기,앞뒤로 한발씩 걷기,앞뒤로 한발씩 걷기,,낱개,준비운동:0.108;본운동:0.824;정리운동:0.068,1090,어르신;유아기;청소년,,
뒤꿈치들기,뒤꿈치 들기,뒤꿈치 들기,,낱개,준비운동:0.015;본운동:0.398;정리운동:0.588,1084,성인;어르신;유아기;청소년,,
양팔벌려높이뛰기,양팔 벌려 높이 뛰기,양팔 벌려 높이 뛰기,,낱개,준비운동:0.022;본운동:0.963;정리운동:0.015,1070,성인;청소년,,
십(十)자드리블,십(十)자 드리블,십(十)자 드리블,,낱개,준비운동:0.154;본운동:0.811;정리운동:0.036,1066,유소년,,
무릎높이들어뛰기,무릎 높이 들어 뛰기,무릎 높이 들어 뛰기,,낱개,준비운동:0.024;본운동:0.943;정리운동:0.034,1062,성인;유소년;청소년,,
누워서공들고몸기울이기,누워서 공들고 몸 기울이기,누워서 공들고 몸 기울이기,,낱개,준비운동:0.095;본운동:0.815;정리운동:0.090,1059,성인;유소년;유아기;청소년,,
팔꿈치고정후벌리기,팔꿈치 고정 후 벌리기,팔꿈치 고정 후 벌리기,,낱개,준비운동:0.292;본운동:0.679;정리운동:0.030,1046,성인;청소년,,
뽁뽁이를눌러요,뽁뽁이를 눌러요,뽁뽁이를 눌러요,,낱개,준비운동:0.045;본운동:0.830;정리운동:0.125,1040,성인;어르신;유아기,,
엉덩관절회전하기,엉덩관절 회전하기,엉덩관절 회전하기,,낱개,준비운동:0.206;본운동:0.734;정리운동:0.060,1033,성인;어르신;유아기;청소년,,
짐볼앉아중심잡기루틴운동,짐볼 앉아 중심 잡기 루틴 운동,짐볼 앉아 중심 잡기 루틴 운동,,묶음,준비운동:0.073;본운동:0.900;정리운동:0.027,1020,성인;어르신;유아기,,
밴드걸고앉아서발등굽힘,밴드 걸고 앉아서 발등 굽힘,밴드 걸고 앉아서 발등 굽힘,,낱개,준비운동:0.031;본운동:0.918;정리운동:0.051,1020,성인;어르신;유소년;유아기,,
앉아서상체앞옆으로기울기,앉아서 상체 앞 옆으로 기울기,앉아서 상체 앞 옆으로 기울기,,낱개,준비운동:0.145;본운동:0.292;정리운동:0.563,1018,성인;어르신;청소년,,
탄력밴드어깨가쪽돌림,탄력밴드 어깨 가쪽 돌림,탄력밴드 어깨 가쪽 돌림,,낱개,준비운동:0.189;본운동:0.562;정리운동:0.249,1011,성인;어르신;유소년;유아기;청소년,,
엎드려무릎당기기,엎드려 무릎 당기기,엎드려 무릎 당기기,,낱개,준비운동:0.061;본운동:0.918;정리운동:0.022,1007,성인;유소년;유아기,,
반복옆뛰기,반복 옆뛰기,반복 옆뛰기,,낱개,준비운동:0.293;본운동:0.688;정리운동:0.019,1006,성인;유소년;유아기;청소년,,
분리배출해요,분리배출 해요,분리배출 해요,,낱개,준비운동:0.045;본운동:0.841;정리운동:0.114,1003,성인;어르신;유아기,,
서서탄력밴드당겨내리기/올리기,서서 탄력밴드 당겨내리기/올리기,서서 탄력밴드 당겨내리기/올리기,,낱개,준비운동:0.141;본운동:0.638;정리운동:0.222,1002,성인;어르신;유소년;유아기;청소년,,
앉아서밀기,앉아서 밀기,앉아서 밀기,,낱개,준비운동:0.006;본운동:0.966;정리운동:0.028,999,성인;어르신;유아기;청소년,,
밸런스보드에서요,밸런스 보드에 서요,밸런스 보드에 서요,,낱개,준비운동:0.123;본운동:0.729;정리운동:0.148,994,성인;어르신;유아기,,
뒤로팔뻗기,뒤로 팔 뻗기,뒤로 팔 뻗기,,낱개,준비운동:0.335;본운동:0.623;정리운동:0.043,983,성인;청소년,,
무릎구부려상체비틀기,무릎 구부려 상체 비틀기,무릎 구부려 상체 비틀기,,낱개,준비운동:0.488;본운동:0.509;정리운동:0.003,967,성인;유소년,,
누워서팔밀기,누워서 팔 밀기,누워서 팔 밀기,,낱개,준비운동:0.062;본운동:0.924;정리운동:0.014,961,어르신;청소년,,
허리숙여양팔돌리기,허리숙여 양팔 돌리기,허리숙여 양팔 돌리기,,낱개,준비운동:0.397;본운동:0.208;정리운동:0.395,959,성인;유소년;청소년,,
네발기기자세에서손바닥으로바닥밀기,네발기기 자세에서 손바닥으로 바닥밀기,네발기기 자세에서 손바닥으로 바닥밀기,,낱개,준비운동:0.140;본운동:0.701;정리운동:0.159,938,성인;어르신;유소년;유아기;청소년,,
계단한발뛰기,계단 한발 뛰기,계단 한발 뛰기,,낱개,준비운동:0.081;본운동:0.891;정리운동:0.028,934,성인;유아기;청소년,,
베개밟고교차서기,베개 밟고 교차 서기,베개 밟고 교차 서기,,낱개,준비운동:0.461;본운동:0.502;정리운동:0.037,920,어르신;유아기,,
공잡고상체들어올리기,공 잡고 상체 들어올리기,공 잡고 상체 들어올리기,,낱개,준비운동:0.380;본운동:0.618;정리운동:0.002,916,성인;유소년;유아기,,
밴드다리올려버티기,밴드 다리 올려 버티기,밴드 다리 올려 버티기,,낱개,준비운동:0.292;본운동:0.706;정리운동:0.002,907,성인;어르신;유소년;유아기,,
허리굽혀팔뒤로들기,허리 굽혀 팔 뒤로 들기,허리 굽혀 팔 뒤로 들기,,낱개,준비운동:0.038;본운동:0.808;정리운동:0.154,897,성인;어르신;유아기;청소년,,
다리올려의자넘기,다리 올려 의자넘기,다리 올려 의자넘기,,낱개,준비운동:0.064;본운동:0.920;정리운동:0.016,893,성인;유소년;유아기,,
대(大)자점프뛰기,대(大)자 점프 뛰기,대(大)자 점프 뛰기,,낱개,준비운동:0.134;본운동:0.860;정리운동:0.007,890,어르신;유소년;유아기,,
앉아서밴드당기기,앉아서 밴드 당기기,앉아서 밴드 당기기,,낱개,준비운동:0.259;본운동:0.738;정리운동:0.002,883,성인;어르신;유소년;유아기;청소년,,
누워다리들어올리기,누워 다리 들어올리기,누워 다리 들어올리기,,낱개,준비운동:0.017;본운동:0.699;정리운동:0.284,880,성인;어르신;유소년;청소년,,
다리감아올리기,다리 감아올리기,다리 감아올리기,,낱개,준비운동:0.053;본운동:0.926;정리운동:0.020,879,성인;유소년;청소년,,
아쿠아로빅운동프로그램루틴,아쿠아로빅 운동 프로그램 루틴,아쿠아로빅 운동 프로그램 루틴,,묶음,준비운동:0.065;본운동:0.863;정리운동:0.073,870,성인;어르신;유소년;유아기;청소년,,
베개밟고두발모아서기,베개 밟고 두발 모아 서기,베개 밟고 두발 모아 서기,,낱개,준비운동:0.577;본운동:0.363;정리운동:0.060,868,어르신;유아기,,
폼롤러밀며몸앞으로숙이기,폼롤러 밀며 몸 앞으로 숙이기,폼롤러 밀며 몸 앞으로 숙이기,,낱개,준비운동:0.082;본운동:0.436;정리운동:0.482,856,성인;어르신;유아기,,
교차다리굽히기,교차 다리 굽히기,교차 다리 굽히기,,낱개,준비운동:0.343;본운동:0.653;정리운동:0.004,845,성인;유소년;유아기,,
전진점프하며발바닥찍기,전진 점프하며 발바닥 찍기,전진 점프하며 발바닥 찍기,,낱개,준비운동:0.044;본운동:0.690;정리운동:0.266,843,성인;청소년,,
목돌림스트레칭,목 돌림 스트레칭,목 돌림 스트레칭,,낱개,준비운동:0.087;본운동:0.014;정리운동:0.898,838,성인;어르신;유아기,,
앉았다일어나며점프하기,앉았다 일어나며 점프하기,앉았다 일어나며 점프하기,,낱개,준비운동:0.008;본운동:0.989;정리운동:0.002,826,성인;유소년;청소년,,
밴드로다리들어올려버티기,밴드로 다리 들어 올려 버티기,밴드로 다리 들어 올려 버티기,,낱개,준비운동:0.335;본운동:0.663;정리운동:0.002,816,유소년;유아기,,
옆으로팔벌리며점프하기,옆으로 팔 벌리며 점프하기,옆으로 팔 벌리며 점프하기,,낱개,준비운동:0.332;본운동:0.290;정리운동:0.377,816,성인;유소년;청소년,,
엎드려뒤로다리올리기,엎드려 뒤로 다리 올리기,엎드려 뒤로 다리 올리기,,낱개,준비운동:0.113;본운동:0.832;정리운동:0.054,813,어르신;유아기,,
누워서다리굽히기,누워서 다리 굽히기,누워서 다리 굽히기,,낱개,준비운동:0.112;본운동:0.683;정리운동:0.205,811,성인;어르신;청소년,,
네발걷기,네발 걷기,네발 걷기,,낱개,준비운동:0.384;본운동:0.263;정리운동:0.353,810,성인;어르신;유소년;청소년,,
앉아서다리올리기,앉아서 다리 올리기,앉아서 다리 올리기,,낱개,준비운동:0.088;본운동:0.689;정리운동:0.224,809,성인;어르신;청소년,,
네발기기자세에서다리위로뻗어올리기,네발기기 자세에서 다리 위로 뻗어올리기,네발기기 자세에서 다리 위로 뻗어올리기,,낱개,준비운동:0.060;본운동:0.861;정리운동:0.079,799,성인;어르신;청소년,,
의자에앉아등굽혔다펴기,의자에 앉아 등 굽혔다 펴기,의자에 앉아 등 굽혔다 펴기,,낱개,준비운동:0.067;본운동:0.842;정리운동:0.091,789,성인;어르신;유아기,,
팔구부려등모으기,팔 구부려 등 모으기,팔 구부려 등 모으기,,낱개,준비운동:0.265;본운동:0.735,789,어르신;유소년,,
S자달리기,S자 달리기,S자 달리기,,낱개,준비운동:0.089;본운동:0.891;정리운동:0.020,786,성인;어르신;유소년;유아기;청소년,,
엉덩이늘리기,엉덩이 늘리기,엉덩이 늘리기,,낱개,준비운동:0.037;본운동:0.289;정리운동:0.674,785,성인;유소년;청소년,,
점프하며뛰기,점프하며 뛰기,점프하며 뛰기,,낱개,준비운동:0.038;본운동:0.943;정리운동:0.019,783,성인;유소년;청소년,,
빠르게무릎올려찍기,빠르게 무릎 올려 찍기,빠르게 무릎 올려 찍기,,낱개,준비운동:0.115;본운동:0.755;정리운동:0.130,777,성인;어르신;청소년,,
탄력밴드걸고서기,탄력밴드 걸고 서기,탄력밴드 걸고 서기,,낱개,준비운동:0.287;본운동:0.691;정리운동:0.022,773,어르신;유아기,,
팔꿈치머리뒤로젖히기,팔꿈치 머리 뒤로 젖히기,팔꿈치 머리 뒤로 젖히기,,낱개,준비운동:0.500;본운동:0.206;정리운동:0.294,768,성인;청소년,,
사이드지그재그뛰기,사이드 지그재그 뛰기,사이드 지그재그 뛰기,,낱개,준비운동:0.095;본운동:0.856;정리운동:0.048,765,성인;유소년;청소년,,
앉아서양팔당기기,앉아서 양팔 당기기,앉아서 양팔 당기기,,낱개,준비운동:0.048;본운동:0.927;정리운동:0.025,765,청소년,,
양팔벌려전신비틀기,양팔 벌려 전신 비틀기,양팔 벌려 전신 비틀기,,낱개,준비운동:0.346;본운동:0.308;정리운동:0.347,764,성인;어르신;유소년;유아기,,
다리들어올리기,다리 들어올리기,다리 들어올리기,,낱개,준비운동:0.418;본운동:0.239;정리운동:0.343,763,성인;청소년,,
수동적관절가동범위운동,수동적 관절가동범위 운동,수동적 관절가동범위 운동,,낱개,준비운동:0.828;본운동:0.108;정리운동:0.064,761,성인;어르신;유소년,,
다리로짐볼들어올리기,다리로 짐볼 들어올리기,다리로 짐볼 들어올리기,,낱개,준비운동:0.033;본운동:0.947;정리운동:0.020,759,성인;어르신;유소년;유아기,,
목당기기,목 당기기,목 당기기,,낱개,준비운동:0.427;본운동:0.236;정리운동:0.337,754,성인;어르신;청소년,,
깍지끼고목들어올리기,깍지끼고 목 들어올리기,깍지끼고 목 들어올리기,,낱개,준비운동:0.557;본운동:0.140;정리운동:0.303,750,성인;어르신;청소년,,
런지하며상체비틀기,런지하며 상체 비틀기,런지하며 상체 비틀기,,낱개,준비운동:0.012;본운동:0.952;정리운동:0.036,750,성인;청소년,,
탄력밴드당기면서팔들어올리기,탄력밴드 당기면서 팔 들어올리기,탄력밴드 당기면서 팔 들어올리기,,낱개,준비운동:0.823;본운동:0.099;정리운동:0.079,750,성인;어르신,,
앉아서위로밀기,앉아서 위로 밀기,앉아서 위로 밀기,,낱개,준비운동:0.019;본운동:0.839;정리운동:0.142,744,성인;어르신;유아기;청소년,,
옆으로다리뻗기,옆으로 다리 뻗기,옆으로 다리 뻗기,,낱개,준비운동:0.322;본운동:0.665;정리운동:0.014,737,유소년;유아기,,
수건이용하여장딴지늘리기,수건 이용하여 장딴지 늘리기,수건 이용하여 장딴지 늘리기,,낱개,준비운동:0.902;본운동:0.056;정리운동:0.042,733,성인;어르신,,
순간반응콘찍기,순간반응 콘 찍기,순간반응 콘 찍기,,낱개,준비운동:0.077;본운동:0.859;정리운동:0.064,729,성인;청소년,순간반응 콘 찍기 2,
밸런스볼에서요,밸런스 볼에 서요,밸런스 볼에 서요,,낱개,준비운동:0.113;본운동:0.700;정리운동:0.188,720,성인;어르신;유아기,,
뒤꿈치높이들어뛰기,뒤꿈치 높이들어 뛰기,뒤꿈치 높이들어 뛰기,,낱개,준비운동:0.027;본운동:0.926;정리운동:0.047,716,성인;유소년;청소년,,
짐볼에서몸통돌리기,짐볼에서 몸통 돌리기,짐볼에서 몸통 돌리기,,낱개,준비운동:0.017;본운동:0.930;정리운동:0.053,715,어르신;유아기,,
서서균형잡으며몸통회전하기,서서 균형잡으며 몸통 회전하기,서서 균형잡으며 몸통 회전하기,,낱개,준비운동:0.073;본운동:0.903;정리운동:0.024,714,성인;유아기,,
앞으로나가며앉았다일어서기,앞으로 나가며 앉았다 일어서기,앞으로 나가며 앉았다 일어서기,,낱개,준비운동:0.263;본운동:0.725;정리운동:0.011,714,유소년;유아기,,
어깨양옆으로돌리기,어깨 양 옆으로 돌리기,어깨 양 옆으로 돌리기,,낱개,준비운동:0.114;본운동:0.035;정리운동:0.851,691,성인;어르신;유아기,,
어깨올리기,어깨 올리기,어깨 올리기,,낱개,준비운동:0.369;본운동:0.096;정리운동:0.534,685,어르신;유아기,,
옆으로굽히기,옆으로 굽히기,옆으로 굽히기,,낱개,준비운동:0.146;본운동:0.839;정리운동:0.015,676,성인;청소년,,
다리벌려풍차돌기,다리벌려 풍차돌기,다리벌려 풍차돌기,,낱개,준비운동:0.378;본운동:0.307;정리운동:0.315,674,성인;청소년,,
지게발걸어요,지게발 걸어요,지게발 걸어요,,낱개,준비운동:0.096;본운동:0.737;정리운동:0.167,665,성인;어르신;유아기,,
줄따라걷기,줄 따라 걷기,줄 따라 걷기,,낱개,준비운동:0.104;본운동:0.812;정리운동:0.083,665,어르신;유아기;청소년,,
빠르게무릎들어뛰기,빠르게 무릎들어 뛰기,빠르게 무릎들어 뛰기,,낱개,준비운동:0.051;본운동:0.884;정리운동:0.065,663,성인;유소년;청소년,,
다리넓게벌려앉았다일어서기,다리 넓게 벌려 앉았다 일어서기,다리 넓게 벌려 앉았다 일어서기,,낱개,준비운동:0.155;본운동:0.789;정리운동:0.056,660,성인;어르신;유소년;청소년,,
발에밴드걸고윗몸일으키기,발에 밴드걸고 윗몸일으키기,발에 밴드걸고 윗몸일으키기,,낱개,준비운동:0.080;본운동:0.903;정리운동:0.017,660,성인;유소년;청소년,,
깍지끼고상체숙이기,깍지 끼고 상체 숙이기,깍지 끼고 상체 숙이기,,낱개,준비운동:0.454;본운동:0.095;정리운동:0.451,658,어르신;유아기,,
짐볼옆에두고어깨누르기,짐볼 옆에 두고 어깨 누르기,짐볼 옆에 두고 어깨 누르기,,낱개,준비운동:0.218;본운동:0.117;정리운동:0.665,658,성인;어르신;유아기,,
풍선차기,풍선차기,풍선차기,,낱개,준비운동:0.096;본운동:0.887;정리운동:0.017,658,어르신;유아기,,
머리뒤로깍지끼고상체숙이기,머리 뒤로 깍지 끼고 상체 숙이기,머리 뒤로 깍지 끼고 상체 숙이기,,낱개,준비운동:0.108;본운동:0.865;정리운동:0.027,657,성인;어르신;유소년,,
짐볼앞으로밀기,짐볼 앞으로 밀기,짐볼 앞으로 밀기,,낱개,준비운동:0.136;본운동:0.142;정리운동:0.722,655,어르신;유아기,,
의자앉아다리로짐볼쥐기,의자 앉아 다리로 짐볼 쥐기,의자 앉아 다리로 짐볼 쥐기,,낱개,준비운동:0.059;본운동:0.858;정리운동:0.083,644,어르신;유아기,,
다리앞뒤로벌려굽혔다펴기,다리 앞뒤로 벌려 굽혔다 펴기,다리 앞뒤로 벌려 굽혔다 펴기,,낱개,준비운동:0.484;본운동:0.508;정리운동:0.008,642,유소년,,
무릎굽혀엉덩이들어올리기,무릎 굽혀 엉덩이 들어올리기,무릎 굽혀 엉덩이 들어올리기,,낱개,준비운동:0.114;본운동:0.873;정리운동:0.013,639,성인;어르신;유소년;유아기,,
라켓으로공치며앞으로가기,라켓으로 공 치며 앞으로 가기,라켓으로 공 치며 앞으로 가기,,낱개,준비운동:0.135;본운동:0.838;정리운동:0.027,637,유소년,,
앉아서무릎굽히기,앉아서 무릎 굽히기,앉아서 무릎 굽히기,,낱개,준비운동:0.090;본운동:0.681;정리운동:0.230,623,성인;어르신;유소년;청소년,,
앉았다일어서며팔들어올리기,앉았다 일어서며 팔 들어올리기,앉았다 일어서며 팔 들어올리기,,낱개,준비운동:0.015;본운동:0.974;정리운동:0.011,617,성인;어르신;청소년,,
마주보고종아리펴기,마주보고 종아리 펴기,마주보고 종아리 펴기,,낱개,준비운동:0.148;본운동:0.240;정리운동:0.612,616,성인;어르신;청소년,,
앉아서밴드잡고몸통돌리기,앉아서 밴드 잡고 몸통 돌리기,앉아서 밴드 잡고 몸통 돌리기,,낱개,준비운동:0.073;본운동:0.785;정리운동:0.142,613,성인;어르신;유아기,,
옆으로누워무릎벌리기,옆으로 누워 무릎 벌리기,옆으로 누워 무릎 벌리기,,낱개,준비운동:0.248;본운동:0.748;정리운동:0.003,604,성인;유소년;유아기,,
V자싸이클,V자 싸이클,V자 싸이클,,낱개,준비운동:0.022;본운동:0.940;정리운동:0.038,601,성인;청소년,,
수건잡고팔들어올리기,수건잡고 팔 들어올리기,수건잡고 팔 들어올리기,,낱개,준비운동:0.822;본운동:0.085;정리운동:0.093,601,성인,,
머리위로볼돌리기,머리 위로 볼 돌리기,머리 위로 볼 돌리기,,낱개,준비운동:0.101;본운동:0.841;정리운동:0.059,597,청소년,,
자세낮춰이동하기,자세낮춰 이동하기,자세낮춰 이동하기,,낱개,준비운동:0.428;본운동:0.286;정리운동:0.286,591,청소년,,
의자에앉아볼돌리기,의자에 앉아 볼 돌리기,의자에 앉아 볼 돌리기,,낱개,준비운동:0.043;본운동:0.904;정리운동:0.053,583,성인;어르신;유아기,,
옆으로누워폼롤러굴려주기,옆으로 누워 폼롤러 굴려주기,옆으로 누워 폼롤러 굴려주기,,낱개,준비운동:0.040;본운동:0.633;정리운동:0.327,577,어르신;유아기,,
어깨누르기,어깨 누르기,어깨 누르기,,낱개,준비운동:0.440;본운동:0.219;정리운동:0.341,575,성인;청소년,,
써클휠로다리끌어당기기,써클휠로 다리 끌어당기기,써클휠로 다리 끌어당기기,,낱개,준비운동:0.292;본운동:0.704;정리운동:0.003,575,성인;유소년;유아기;청소년,,
겨드랑이늘리기,겨드랑이 늘리기,겨드랑이 늘리기,,낱개,준비운동:0.355;본운동:0.210;정리운동:0.435,572,성인;청소년,,
짐볼에서윗몸일으키기,짐볼에서 윗몸 일으키기,짐볼에서 윗몸 일으키기,,낱개,준비운동:0.026;본운동:0.947;정리운동:0.026,568,성인;어르신;유소년;유아기;청소년,,
탄력밴드무릎으로당기기,탄력밴드 무릎으로 당기기,탄력밴드 무릎으로 당기기,,낱개,준비운동:0.288;본운동:0.701;정리운동:0.011,562,어르신;유아기;청소년,,
무릎올려공닿기,무릎 올려 공 닿기,무릎 올려 공 닿기,,낱개,준비운동:0.438;본운동:0.555;정리운동:0.007,560,유소년;유아기,,
짐볼에서엉덩이돌리기,짐볼에서 엉덩이 돌리기,짐볼에서 엉덩이 돌리기,,낱개,준비운동:0.011;본운동:0.971;정리운동:0.018,551,어르신;유아기;청소년,,
점프하며앞으로나가기,점프하며 앞으로 나가기,점프하며 앞으로 나가기,,낱개,준비운동:0.156;본운동:0.835;정리운동:0.009,550,성인;유소년;유아기,,
폼롤러앞으로굴리기,폼롤러 앞으로 굴리기,폼롤러 앞으로 굴리기,,낱개,준비운동:0.112;본운동:0.589;정리운동:0.299,549,성인;어르신;유아기,,
밴드잡고머리위에서팔꿈치펴기,밴드잡고 머리 위에서 팔꿈치 펴기,밴드잡고 머리 위에서 팔꿈치 펴기,,낱개,준비운동:0.867;본운동:0.080;정리운동:0.053,549,성인;어르신;유소년;청소년,,
다리옆으로들어올리기,다리 옆으로 들어올리기,다리 옆으로 들어올리기,,낱개,준비운동:0.367;본운동:0.626;정리운동:0.007,548,어르신;유소년;유아기,,
한발들어좌우돌리기,한발들어 좌우 돌리기,한발들어 좌우 돌리기,,낱개,준비운동:0.348;본운동:0.270;정리운동:0.383,538,어르신;청소년,,
짐볼앉기,짐볼 앉기,짐볼 앉기,,낱개,준비운동:0.407;본운동:0.537;정리운동:0.056,533,어르신;유아기,,
전후교차뛰기,전후 교차 뛰기,전후 교차 뛰기,,낱개,준비운동:0.184;본운동:0.759;정리운동:0.056,532,성인;청소년,,
뒷발의자올려굽히기,뒷발 의자 올려 굽히기,뒷발 의자 올려 굽히기,,낱개,준비운동:0.334;본운동:0.657;정리운동:0.009,530,유소년;유아기,,
팔당기기,팔 당기기,팔 당기기,,낱개,준비운동:0.516;본운동:0.233;정리운동:0.250,523,성인;청소년,,
베개밟고대각방향으로서기,베개 밟고 대각방향으로 서기,베개 밟고 대각방향으로 서기,,낱개,준비운동:0.636;본운동:0.346;정리운동:0.018,516,성인;어르신;유아기,,
팔교대로올리기,팔 교대로 올리기,팔 교대로 올리기,,낱개,준비운동:0.236;본운동:0.145;정리운동:0.619,511,어르신;유아기,,
뛰어밀기,뛰어 밀기,뛰어 밀기,,낱개,준비운동:0.028;본운동:0.951;정리운동:0.022,508,성인;청소년,,
무릎아래에서양옆으로굴리기,무릎 아래에서 양옆으로 굴리기,무릎 아래에서 양옆으로 굴리기,,낱개,준비운동:0.189;본운동:0.058;정리운동:0.753,502,어르신;유아기,,
밴드잡고몸통옆으로굽히기,밴드 잡고 몸통 옆으로 굽히기,밴드 잡고 몸통 옆으로 굽히기,,낱개,준비운동:0.048;본운동:0.830;정리운동:0.122,500,성인;어르신;유아기;청소년,,
짐볼에엎드려서팔다리들기,짐볼에 엎드려서 팔 다리 들기,짐볼에 엎드려서 팔 다리 들기,,낱개,준비운동:0.041;본운동:0.878;정리운동:0.081,491,성인;어르신;유아기,,
짐볼양옆으로굴리기,짐볼 양옆으로 굴리기,짐볼 양옆으로 굴리기,,낱개,준비운동:0.164;본운동:0.166;정리운동:0.669,487,어르신;유아기,,
밴드잡고다리옆으로벌리기,밴드 잡고 다리 옆으로 벌리기,밴드 잡고 다리 옆으로 벌리기,,낱개,준비운동:0.484;본운동:0.506;정리운동:0.010,486,유소년;유아기;청소년,,
아쿠아로빅-엉덩관절회전하기,아쿠아로빅-엉덩관절 회전하기,아쿠아로빅-엉덩관절 회전하기,,낱개,준비운동:0.121;본운동:0.851;정리운동:0.027,482,어르신;유아기,,
앞굽이뛰기,앞굽이 뛰기,앞굽이 뛰기,,낱개,준비운동:0.077;본운동:0.887;정리운동:0.035,479,청소년,,
바로서서상체숙이기,바로서서 상체 숙이기,바로서서 상체 숙이기,,낱개,준비운동:0.017;본운동:0.921;정리운동:0.062,471,성인;어르신;유아기;청소년,,
사다리걷기,사다리 걷기,사다리 걷기,,낱개,준비운동:0.064;본운동:0.882;정리운동:0.054,466,어르신;유소년;유아기;청소년,,
한발들기,한발 들기,한발 들기,,낱개,준비운동:0.137;본운동:0.810;정리운동:0.052,460,성인;어르신;유아기,,
의자에앉아다리펴서들어올리기,의자에 앉아 다리 펴서 들어올리기,의자에 앉아 다리 펴서 들어올리기,,낱개,준비운동:0.250;본운동:0.737;정리운동:0.013,460,어르신;유소년;유아기,,
볼잡고몸통기울이기,볼 잡고 몸통 기울이기,볼 잡고 몸통 기울이기,,낱개,준비운동:0.100;본운동:0.824;정리운동:0.076,449,청소년,,
앞발의자올려굽히기,앞발 의자 올려 굽히기,앞발 의자 올려 굽히기,,낱개,준비운동:0.238;본운동:0.762,449,성인;유소년;유아기,,
짐볼에다리올리고엉덩이들어올리기,짐볼에 다리 올리고 엉덩이 들어올리기,짐볼에 다리 올리고 엉덩이 들어올리기,,낱개,준비운동:0.025;본운동:0.955;정리운동:0.020,448,성인;청소년,,
한발들어올리기,한 발 들어올리기,한 발 들어올리기,,낱개,준비운동:0.080;본운동:0.759;정리운동:0.161,448,어르신;청소년,,
짐볼양팔로밀기,짐볼 양팔로 밀기,짐볼 양팔로 밀기,,낱개,준비운동:0.112;본운동:0.260;정리운동:0.629,447,어르신;유아기,,
발뒤꿈치들어올리기,발 뒤꿈치 들어올리기,발 뒤꿈치 들어올리기,,낱개,준비운동:0.370;본운동:0.625;정리운동:0.005,435,성인;어르신;유소년;유아기,,
다리들어옆으로올리기,다리들어 옆으로 올리기,다리들어 옆으로 올리기,,낱개,준비운동:0.251;본운동:0.171;정리운동:0.578,434,성인;청소년,,
짝운동,짝 운동,짝 운동,,낱개,준비운동:0.174;본운동:0.799;정리운동:0.028,432,성인;유소년;유아기,,
옆으로누워가슴열기,옆으로 누워 가슴 열기,옆으로 누워 가슴 열기,,낱개,준비운동:0.155;본운동:0.125;정리운동:0.719,431,성인;어르신;유아기,,
양팔크게벌리기,양팔 크게 벌리기,양팔 크게 벌리기,,낱개,준비운동:0.019;본운동:0.946;정리운동:0.035,428,성인;청소년,,
물당기기/밀기,물당기기/밀기,물당기기/밀기,,낱개,준비운동:0.242;본운동:0.683;정리운동:0.075,427,성인;어르신,,
의자잡고반복옆뛰기,의자 잡고 반복 옆 뛰기,의자 잡고 반복 옆 뛰기,,낱개,준비운동:0.377;본운동:0.614;정리운동:0.009,427,성인;유소년;유아기,,
의자앉아공밀기,의자 앉아 공 밀기,의자 앉아 공 밀기,,낱개,준비운동:0.077;본운동:0.889;정리운동:0.034,421,어르신;유아기,,
가슴어깨펴기,가슴 어깨 펴기,가슴 어깨 펴기,,낱개,준비운동:0.057;본운동:0.206;정리운동:0.737,418,성인;어르신;청소년,,
밴드잡고무릎펴기,밴드 잡고 무릎펴기,밴드 잡고 무릎펴기,,낱개,준비운동:0.410;본운동:0.580;정리운동:0.010,412,성인;어르신;유소년;유아기,,
공던져색깔맞추기,공 던져 색깔 맞추기,공 던져 색깔 맞추기,,낱개,준비운동:0.247;본운동:0.719;정리운동:0.034,409,유소년,,
볼위에앉아밴드양옆으로당기기,볼 위에 앉아 밴드 양옆으로 당기기,볼 위에 앉아 밴드 양옆으로 당기기,,낱개,준비운동:0.010;본운동:0.967;정리운동:0.023,399,어르신;유아기,,
두발모아걷기,두발모아 걷기,두발모아 걷기,,낱개,준비운동:0.048;본운동:0.902;정리운동:0.050,399,어르신;유아기;청소년,,
누워서밀기,누워서 밀기,누워서 밀기,,낱개,준비운동:0.035;본운동:0.907;정리운동:0.058,398,성인;어르신;유아기;청소년,,
허리비틀어앉았다일어서기,허리 비틀어 앉았다 일어서기,허리 비틀어 앉았다 일어서기,,낱개,준비운동:0.531;본운동:0.466;정리운동:0.003,397,어르신;유소년;유아기,,
스카프저글링,스카프 저글링,스카프 저글링,,낱개,준비운동:0.062;본운동:0.907;정리운동:0.031,389,어르신;유아기,,
시소우,시소우,시소우,,낱개,준비운동:0.126;본운동:0.716;정리운동:0.158,380,성인;청소년,,
발등동시에늘리기,발등 동시에 늘리기,발등 동시에 늘리기,,낱개,준비운동:0.278;본운동:0.214;정리운동:0.508,374,청소년,,
아쿠아로빅-물당기기/밀기,아쿠아로빅-물당기기/밀기,아쿠아로빅-물당기기/밀기,,낱개,준비운동:0.134;본운동:0.811;정리운동:0.055,368,어르신;유아기,,
앞발들어올리기,앞발 들어올리기,앞발 들어올리기,,낱개,준비운동:0.318;본운동:0.674;정리운동:0.008,365,어르신;유소년;유아기,,
밴드한발뒤로들기,밴드 한 발 뒤로 들기,밴드 한 발 뒤로 들기,,낱개,준비운동:0.341;본운동:0.640;정리운동:0.019,364,성인;어르신;유소년;유아기,,
짐볼에다리올리고좌우로움직이기,짐볼에 다리 올리고 좌우로 움직이기,짐볼에 다리 올리고 좌우로 움직이기,,낱개,준비운동:0.064;본운동:0.827;정리운동:0.109,358,성인;어르신;유아기,,
고양이자세,고양이 자세,고양이 자세,,낱개,준비운동:0.076;본운동:0.048;정리운동:0.876,354,성인;어르신;청소년,,
나무자세,나무자세,나무자세,,낱개,준비운동:0.102;본운동:0.375;정리운동:0.523,352,성인;청소년,,
점프후버티기,점프 후 버티기,점프 후 버티기,,낱개,준비운동:0.020;본운동:0.826;정리운동:0.154,350,성인;청소년,,
짐볼들고양옆으로돌리기,짐볼 들고 양옆으로 돌리기,짐볼 들고 양옆으로 돌리기,,낱개,준비운동:0.003;본운동:0.971;정리운동:0.026,347,어르신;유아기,,
순간반응콘찍기2,순간반응 콘 찍기 2,순간반응 콘 찍기 2,,낱개,준비운동:0.086;본운동:0.891;정리운동:0.024,338,성인;유소년;청소년,순간반응 콘 찍기,
앉아서모으기,앉아서 모으기,앉아서 모으기,,낱개,준비운동:0.030;본운동:0.856;정리운동:0.114,333,성인;유아기,,
베개밟고위로양팔들기,베개 밟고 위로 양팔 들기,베개 밟고 위로 양팔 들기,,낱개,준비운동:0.417;본운동:0.547;정리운동:0.036,331,성인;어르신;유아기,,
아쿠아로빅-발닿기,아쿠아로빅-발 닿기,아쿠아로빅-발 닿기,,낱개,준비운동:0.052;본운동:0.909;정리운동:0.039,330,어르신;유아기,,
베개밟고측면으로양팔들기,베개 밟고 측면으로 양팔 들기,베개 밟고 측면으로 양팔 들기,,낱개,준비운동:0.577;본운동:0.411;정리운동:0.013,319,어르신;유아기,,
목돌리기,목 돌리기,목 돌리기,,낱개,준비운동:0.322;본운동:0.236;정리운동:0.443,314,성인;청소년,,
비스듬히누워서밀기,비스듬히 누워서 밀기,비스듬히 누워서 밀기,,낱개,준비운동:0.016;본운동:0.914;정리운동:0.070,313,성인;어르신;유아기;청소년,,
한발끌어당기기,한 발 끌어당기기,한 발 끌어당기기,,낱개,준비운동:0.084;본운동:0.835;정리운동:0.081,309,어르신;유소년;청소년,,
팔들어올리며런지,팔 들어 올리며 런지,팔 들어 올리며 런지,,낱개,준비운동:0.020;본운동:0.801;정리운동:0.179,307,청소년,,
아쿠아로빅-옆구리늘리기,아쿠아로빅-옆구리 늘리기,아쿠아로빅-옆구리 늘리기,,낱개,준비운동:0.064;본운동:0.909;정리운동:0.027,300,어르신;유아기,,
무릎들어올리기,무릎 들어올리기,무릎 들어올리기,,낱개,준비운동:0.232;본운동:0.255;정리운동:0.513,298,성인;어르신;청소년,,
발로공주고받기,발로 공주고 받기,발로 공주고 받기,,낱개,준비운동:0.034;본운동:0.922;정리운동:0.044,296,어르신;유아기,,
의자잡고한발들기,의자 잡고 한발 들기,의자 잡고 한발 들기,,낱개,준비운동:0.068;본운동:0.901;정리운동:0.031,295,어르신;유아기,,
십(十)자달리기,십(十)자 달리기,십(十)자 달리기,,낱개,준비운동:0.110;본운동:0.886;정리운동:0.003,290,성인;유소년;유아기;청소년,,
팔꿈치원그리기,팔꿈치 원 그리기,팔꿈치 원 그리기,,낱개,준비운동:0.345;본운동:0.303;정리운동:0.352,284,어르신;청소년,,
짐볼앉아뒤꿈치들기,짐볼 앉아 뒤꿈치 들기,짐볼 앉아 뒤꿈치 들기,,낱개,준비운동:0.330;본운동:0.663;정리운동:0.007,282,어르신;유아기,,
복식호흡,복식호흡,복식호흡,,낱개,준비운동:0.128;본운동:0.085;정리운동:0.787,282,성인;청소년,,
짐볼에엎드려서몸통젖히기,짐볼에 엎드려서 몸통 젖히기,짐볼에 엎드려서 몸통 젖히기,,낱개,준비운동:0.088;본운동:0.839;정리운동:0.073,273,성인,,
아쿠아로빅-몸기울이기/회전하기,아쿠아로빅-몸 기울이기/회전하기,아쿠아로빅-몸 기울이기/회전하기,,낱개,준비운동:0.026;본운동:0.818;정리운동:0.156,272,어르신;유아기,,
볼튕기면서스쿼트,볼 튕기면서 스쿼트,볼 튕기면서 스쿼트,,낱개,준비운동:0.056;본운동:0.910;정리운동:0.034,268,유소년;청소년,,
짐볼앉아몸통돌리기,짐볼 앉아 몸통 돌리기,짐볼 앉아 몸통 돌리기,,낱개,준비운동:0.370;본운동:0.555;정리운동:0.075,266,어르신;유아기;청소년,,
발닿기,발 닿기,발 닿기,,낱개,준비운동:0.125;본운동:0.813;정리운동:0.062,257,성인;어르신;유소년;청소년,,
사이드스텝점프하기,사이드 스텝 점프하기,사이드 스텝 점프하기,,낱개,준비운동:0.074;본운동:0.661;정리운동:0.265,257,성인;청소년,,
허리감아볼돌리기,허리 감아 볼 돌리기,허리 감아 볼 돌리기,,낱개,준비운동:0.144;본운동:0.642;정리운동:0.214,257,어르신;청소년,,
물누르기/올리기,물누르기/올리기,물누르기/올리기,,낱개,준비운동:0.176;본운동:0.776;정리운동:0.047,255,성인;어르신,,
누워서공뒤로내리고당기기,누워서 공 뒤로 내리고 당기기,누워서 공 뒤로 내리고 당기기,,낱개,준비운동:0.020;본운동:0.913;정리운동:0.067,254,어르신;유아기,,
웅크리고앉아손잡고상체숙이기,웅크리고 앉아 손잡고 상체 숙이기,웅크리고 앉아 손잡고 상체 숙이기,,낱개,준비운동:0.068;본운동:0.245;정리운동:0.687,249,청소년,,
한발로점프하기,한발로 점프하기,한발로 점프하기,,낱개,준비운동:0.041;본운동:0.510;정리운동:0.449,245,성인;청소년,,
무릎굽혀원그리기,무릎굽혀 원 그리기,무릎굽혀 원 그리기,,낱개,준비운동:0.158;본운동:0.116;정리운동:0.726,241,성인;청소년,,
짐볼앉아상체숙이기,짐볼 앉아 상체 숙이기,짐볼 앉아 상체 숙이기,,낱개,준비운동:0.367;본운동:0.578;정리운동:0.055,238,성인;어르신;유아기,,
하프콘투호,하프콘 투호,하프콘 투호,,낱개,준비운동:0.060;본운동:0.867;정리운동:0.073,234,어르신;유아기,,
좌우찍기,좌우 찍기,좌우 찍기,,낱개,준비운동:0.034;본운동:0.862;정리운동:0.103,233,어르신;유아기,,
아쿠아로빅-물누르기/올리기,아쿠아로빅-물누르기/올리기,아쿠아로빅-물누르기/올리기,,낱개,준비운동:0.061;본운동:0.878;정리운동:0.061,232,어르신;유아기,,
거꾸로누워서밀기,거꾸로 누워서 밀기,거꾸로 누워서 밀기,,낱개,준비운동:0.031;본운동:0.908;정리운동:0.061,229,성인;유아기,,
양손모아균형잡기,양손 모아 균형 잡기,양손 모아 균형 잡기,,낱개,준비운동:0.066;본운동:0.345;정리운동:0.590,229,청소년,,
의자잡고서기,의자 잡고 서기,의자 잡고 서기,,낱개,준비운동:0.045;본운동:0.901;정리운동:0.054,225,어르신;유아기,,
양발점프착지하기,양발 점프 착지하기,양발 점프 착지하기,,낱개,준비운동:0.009;본운동:0.694;정리운동:0.297,222,성인;청소년,,
마주보고상체좌우비틀기,마주보고 상체 좌우 비틀기,마주보고 상체 좌우 비틀기,,낱개,준비운동:0.132;본운동:0.329;정리운동:0.539,219,청소년,,
소머리자세,소머리 자세,소머리 자세,,낱개,준비운동:0.155;본운동:0.274;정리운동:0.571,219,청소년,,
짐볼앉아한발들기,짐볼 앉아 한발 들기,짐볼 앉아 한발 들기,,낱개,준비운동:0.229;본운동:0.729;정리운동:0.041,218,어르신;유아기,,
성화봉송,성화봉송,성화봉송,,낱개,준비운동:0.085;본운동:0.897;정리운동:0.019,213,어르신;유아기,,
전사자세,전사자세,전사자세,,낱개,준비운동:0.175;본운동:0.160;정리운동:0.665,206,성인;청소년,,
반달자세,반달자세,반달자세,,낱개,준비운동:0.320;본운동:0.135;정리운동:0.545,200,성인;청소년,,
사이드한발뛰기,사이드 한발 뛰기,사이드 한발 뛰기,,낱개,준비운동:0.040;본운동:0.850;정리운동:0.110,200,성인;청소년,,
짐볼앉아한손측면으로들기,짐볼 앉아 한손 측면으로 들기,짐볼 앉아 한손 측면으로 들기,,낱개,준비운동:0.333;본운동:0.641;정리운동:0.026,199,어르신;유아기,,
짐볼윗몸일으키기,짐볼 윗몸일으키기,짐볼 윗몸일으키기,,낱개,준비운동:0.081;본운동:0.766;정리운동:0.152,197,성인;청소년,,
짐볼앉아양손가슴교차,짐볼 앉아 양 손 가슴 교차,짐볼 앉아 양 손 가슴 교차,,낱개,준비운동:0.408;본운동:0.520;정리운동:0.071,196,어르신;유아기,,
의자잡고측면으로한발들기,의자 잡고 측면으로 한발 들기,의자 잡고 측면으로 한발 들기,,낱개,준비운동:0.128;본운동:0.805;정리운동:0.067,196,어르신;유아기,,
한칸건너뛰며걷기,한 칸 건너뛰며 걷기,한 칸 건너뛰며 걷기,,낱개,준비운동:0.111;본운동:0.821;정리운동:0.068,190,어르신;유아기;청소년,,
앉아서다리벌리기,앉아서 다리 벌리기,앉아서 다리 벌리기,,낱개,준비운동:0.055;본운동:0.820;정리운동:0.126,183,성인;어르신;유아기;청소년,,
나란히서서손잡고끌어당기기,나란히 서서 손잡고 끌어당기기,나란히 서서 손잡고 끌어당기기,,낱개,준비운동:0.061;본운동:0.268;정리운동:0.670,179,청소년,,
빠르게앞무릎올리기,빠르게 앞무릎 올리기,빠르게 앞무릎 올리기,,낱개,준비운동:0.056;본운동:0.777;정리운동:0.168,179,성인;어르신;청소년,,
앉아서다리모으기,앉아서 다리 모으기,앉아서 다리 모으기,,낱개,준비운동:0.039;본운동:0.747;정리운동:0.213,178,성인;어르신;유아기;청소년,,
몸기울이기/회전하기,몸 기울이기/회전하기,몸 기울이기/회전하기,,낱개,준비운동:0.079;본운동:0.768;정리운동:0.153,177,성인;어르신;유소년;청소년,,
양발교차올리기,양발 교차 올리기,양발 교차 올리기,,낱개,준비운동:0.109;본운동:0.672;정리운동:0.218,174,청소년,,
짐볼앉아한발내딛기,짐볼 앉아 한발 내딛기,짐볼 앉아 한발 내딛기,,낱개,준비운동:0.138;본운동:0.810;정리운동:0.052,174,어르신;유아기,,
레그스윙,레그 스윙,레그 스윙,,낱개,준비운동:0.185;본운동:0.272;정리운동:0.543,173,청소년,,
다리뻗어점프하기,다리 뻗어 점프하기,다리 뻗어 점프하기,,낱개,준비운동:0.035;본운동:0.877;정리운동:0.088,171,성인;유소년;청소년,,
양발나란히서기,양발 나란히 서기,양발 나란히 서기,,낱개,준비운동:0.012;본운동:0.924;정리운동:0.064,171,성인;어르신;유아기,,
좌우양발모아점프하기,좌우 양발모아 점프하기,좌우 양발모아 점프하기,,낱개,준비운동:0.106;본운동:0.841;정리운동:0.053,170,성인;청소년,,
다리교대로들어올리기,다리 교대로 들어올리기,다리 교대로 들어올리기,,낱개,준비운동:0.091;본운동:0.707;정리운동:0.201,164,성인;유소년;청소년,,
의자에앉아물병들고몸통돌리기,의자에 앉아 물병 들고 몸통 돌리기,의자에 앉아 물병 들고 몸통 돌리기,,낱개,본운동:0.873;정리운동:0.127,157,어르신;청소년,,
한발뒤로들어올리기,한 발 뒤로 들어올리기,한 발 뒤로 들어올리기,,낱개,준비운동:0.070;본운동:0.809;정리운동:0.121,157,청소년,,
짐볼앉아양손대각방향으로들기,짐볼 앉아 양손 대각방향으로 들기,짐볼 앉아 양손 대각방향으로 들기,,낱개,준비운동:0.321;본운동:0.635;정리운동:0.045,156,어르신;유아기,,
짐볼앉아양손측면으로들기,짐볼 앉아 양손 측면으로 들기,짐볼 앉아 양손 측면으로 들기,,낱개,준비운동:0.401;본운동:0.599,152,어르신;유아기,,
팔굽혀펴기후점프하기,팔굽혀펴기 후 점프하기,팔굽혀펴기 후 점프하기,,낱개,준비운동:0.007;본운동:0.966;정리운동:0.027,148,성인;청소년,,
합장하여앞으로숙이기,합장하여 앞으로 숙이기,합장하여 앞으로 숙이기,,낱개,준비운동:0.021;본운동:0.159;정리운동:0.821,145,성인;청소년,,
스타투니풀,스타 투 니 풀,스타 투 니 풀,,낱개,준비운동:0.182;본운동:0.292;정리운동:0.526,137,청소년,,
앞차기하며뛰기,앞차기하며 뛰기,앞차기하며 뛰기,,낱개,준비운동:0.088;본운동:0.788;정리운동:0.124,137,청소년,,
백슬라이드,백 슬라이드,백 슬라이드,,낱개,준비운동:0.022;본운동:0.597;정리운동:0.381,134,청소년,,
누워무릎교차올리기,누워 무릎 교차 올리기,누워 무릎 교차 올리기,,낱개,준비운동:0.195;본운동:0.594;정리운동:0.211,133,청소년,,
짐볼전완대고버티기,짐볼 전완대고 버티기,짐볼 전완대고 버티기,,낱개,준비운동:0.068;본운동:0.780;정리운동:0.152,132,성인;청소년,,
볼잡고점프하기,볼 잡고 점프하기,볼 잡고 점프하기,,낱개,준비운동:0.079;본운동:0.677;정리운동:0.244,127,청소년,,
스카프라인,스카프 라인,스카프 라인,,낱개,준비운동:0.063;본운동:0.898;정리운동:0.039,127,어르신;유아기,,
목굽힘/폄I,목 굽힘/ 폄 I,목 굽힘/ 폄 I,,낱개,준비운동:0.017;본운동:0.940;정리운동:0.043,116,성인;어르신;청소년,목 굽힘/ 폄 II;목 굽힘/ 폄 III,
측면팔대고버티기,측면 팔대고 버티기,측면 팔대고 버티기,,낱개,준비운동:0.055;본운동:0.373;정리운동:0.573,110,성인;청소년,,
회전초승달자세,회전 초승달 자세,회전 초승달 자세,,낱개,준비운동:0.065;본운동:0.287;정리운동:0.648,108,청소년,,
물고기자세,물고기 자세,물고기 자세,,낱개,준비운동:0.196;본운동:0.168;정리운동:0.636,107,청소년,,
종아리사이감아돌리기,종아리 사이 감아 돌리기,종아리 사이 감아 돌리기,,낱개,준비운동:0.037;본운동:0.935;정리운동:0.028,107,청소년,,
좌우이동하며팔굽혀펴기,좌우 이동하며 팔굽혀펴기,좌우 이동하며 팔굽혀펴기,,낱개,준비운동:0.019;본운동:0.943;정리운동:0.038,105,성인;청소년,,
연속하향점프하기,연속 하향 점프하기,연속 하향 점프하기,,낱개,준비운동:0.081;본운동:0.869;정리운동:0.051,99,청소년,,
회전근개스트레칭2,회전근개 스트레칭2,회전근개 스트레칭2,,낱개,준비운동:0.286;본운동:0.102;정리운동:0.612,98,성인;어르신,회전근개 스트레칭,
허리비틀어볼주고받기,허리 비틀어 볼 주고받기,허리 비틀어 볼 주고받기,,낱개,준비운동:0.117;본운동:0.755;정리운동:0.128,94,청소년,,
계이름치기,계이름 치기,계이름 치기,,낱개,준비운동:0.422;본운동:0.556;정리운동:0.022,90,유소년,,
짐볼배에대고버티기,짐볼 배에 대고 버티기,짐볼 배에 대고 버티기,,낱개,준비운동:0.189;본운동:0.689;정리운동:0.122,90,성인;청소년,,
전갈자세,전갈자세,전갈자세,,낱개,준비운동:0.048;본운동:0.301;정리운동:0.651,83,청소년,,
목굽힘/폄III,목 굽힘/ 폄 III,목 굽힘/ 폄 III,,낱개,준비운동:0.025;본운동:0.797;정리운동:0.177,79,성인;어르신;유아기,목 굽힘/ 폄 I;목 굽힘/ 폄 II,
누워한발원그리기,누워 한발 원 그리기,누워 한발 원 그리기,,낱개,본운동:0.139;정리운동:0.861,72,성인;청소년,,
목굽힘/폄II,목 굽힘/ 폄 II,목 굽힘/ 폄 II,,낱개,준비운동:0.058;본운동:0.928;정리운동:0.014,69,성인;어르신;유아기,목 굽힘/ 폄 I;목 굽힘/ 폄 III,
메디신볼잡고팔굽혀펴기,메디신 볼 잡고 팔굽혀펴기,메디신 볼 잡고 팔굽혀펴기,,낱개,준비운동:0.154;본운동:0.723;정리운동:0.123,65,청소년,,
메디신볼잡고런지하며상체비틀기,메디신 볼 잡고 런지하며 상체비틀기,메디신 볼 잡고 런지하며 상체비틀기,,낱개,준비운동:0.096;본운동:0.712;정리운동:0.192,52,유소년;청소년,,
좌우굴곡(목좌우굴곡),좌 우 굴곡(목 좌 우 굴곡),좌 우 굴곡(목 좌 우 굴곡),,낱개,정리운동:1.000,9,성인,,
공에엎드려서상체들어올리기,공에 엎드려서 상체 들어올리기,공에 엎드려서 상체 들어올리기,,낱개,본운동:0.125;정리운동:0.875,8,성인,,
좌우회전(목좌우회전),좌 우 회전(목 좌 우 회전),좌 우 회전(목 좌 우 회전),,낱개,준비운동:0.333;정리운동:0.667,6,성인,,
앞뒤굴곡(목앞뒤굴곡),앞 뒤 굴곡(목 앞 뒤 굴곡),앞 뒤 굴곡(목 앞 뒤 굴곡),,낱개,준비운동:1.000,2,성인,,
