exercise_name,raw_forms,count,phases,age_groups,fitness_factors
전신 루틴 스트레칭,전신 루틴 스트레칭,173099,준비운동;본운동;정리운동,성인;어르신;유소년;유아기;청소년,
달리기,달리기,130461,준비운동;본운동;정리운동,성인;어르신;유소년;유아기;청소년,
하지 루틴 스트레칭2,하지 루틴 스트레칭2,111937,준비운동;본운동;정리운동,성인;어르신;유소년;유아기;청소년,
하지 루틴 스트레칭1,하지 루틴 스트레칭1,94231,준비운동;본운동;정리운동,성인;어르신;유소년;유아기;청소년,
유산소 운동 전 동적 루틴 스트레칭,유산소 운동 전 동적 루틴 스트레칭,93975,준비운동;본운동;정리운동,성인;어르신;유소년;유아기;청소년,
상지 루틴 스트레칭,상지 루틴 스트레칭,91847,준비운동;본운동;정리운동,성인;어르신;유소년;유아기;청소년,
정적 스트레칭  루틴프로그램,정적 스트레칭  루틴프로그램,79512,준비운동;본운동;정리운동,성인;어르신;유소년;유아기;청소년,
동적 스트레칭 루틴프로그램,동적 스트레칭 루틴프로그램,76069,준비운동;본운동;정리운동,성인;어르신;유소년;유아기;청소년,
걷기,걷기,73652,준비운동;본운동;정리운동,성인;어르신;유소년;유아기;청소년,
조깅,조깅,70290,준비운동;본운동;정리운동,성인;어르신;유소년;유아기;청소년,
실내 자전거타기,실내 자전거타기,67020,준비운동;본운동;정리운동,성인;어르신;유소년;유아기;청소년,
앉았다 일어서기,앉았다 일어서기,66188,준비운동;본운동;정리운동,성인;어르신;유소년;유아기;청소년,
넙다리 뒤쪽 스트레칭,넙다리 뒤쪽 스트레칭,65044,준비운동;본운동;정리운동,성인;어르신;유소년;유아기;청소년,
맨몸운동  루틴프로그램,맨몸운동  루틴프로그램,63767,준비운동;본운동;정리운동,성인;어르신;유소년;유아기;청소년,
수영,수영,58163,준비운동;본운동;정리운동,성인;어르신;유소년;유아기;청소년,
엉덩이 스트레칭,엉덩이 스트레칭,53663,준비운동;본운동;정리운동,성인;어르신;유소년;유아기;청소년,
엎드려 버티기,엎드려 버티기,49958,준비운동;본운동;정리운동,성인;어르신;유소년;유아기;청소년,
등/어깨 뒤쪽 스트레칭,등/어깨 뒤쪽 스트레칭,49059,준비운동;본운동;정리운동,성인;어르신;유소년;유아기;청소년,
계단 올라갔다 내려오기,계단 올라갔다 내려오기,48882,준비운동;본운동;정리운동,성인;어르신;유소년;유아기;청소년,
자가근막이완술 루틴 스트레칭,자가근막이완술 루틴 스트레칭,47883,준비운동;본운동;정리운동,성인;어르신;유소년;유아기;청소년,
넙다리 안쪽 스트레칭,넙다리 안쪽 스트레칭,46608,준비운동;본운동;정리운동,성인;어르신;유소년;유아기;청소년,
웨이트 트레이닝  루틴프로그램,웨이트 트레이닝  루틴프로그램,46059,준비운동;본운동;정리운동,성인;어르신;유소년;유아기;청소년,
허리 스트레칭,허리 스트레칭,45922,준비운동;본운동;정리운동,성인;어르신;유소년;유아기;청소년,
윗몸 말아 올리기,윗몸 말아 올리기;윗몸말아올리기,44060,준비운동;본운동;정리운동,성인;어르신;유소년;유아기;청소년,
줄넘기 운동,줄넘기 운동,44024,준비운동;본운동;정리운동,성인;어르신;유소년;유아기;청소년,
팔굽혀펴기,팔굽혀 펴기;팔굽혀펴기,41937,준비운동;본운동;정리운동,성인;어르신;유소년;유아기;청소년,
턱걸이,턱걸이,40733,준비운동;본운동;정리운동,성인;어르신;유소년;유아기;청소년,
버피운동,버피운동,40622,준비운동;본운동;정리운동,성인;어르신;유소년;유아기;청소년,
윗몸올리기,윗몸올리기,39309,준비운동;본운동;정리운동,성인;어르신;유소년;유아기;청소년,
배스트레칭,배 스트레칭;배스트레칭,38897,준비운동;본운동;정리운동,성인;어르신;유소년;유아기;청소년,
줄넘기,줄넘기,38574,준비운동;본운동;정리운동,성인;어르신;유소년;유아기;청소년,
자전거타기,자전거타기,37608,준비운동;본운동;정리운동,성인;어르신;유소년;유아기;청소년,
가슴/어깨 앞쪽 스트레칭,가슴/어깨 앞쪽 스트레칭,36875,준비운동;본운동;정리운동,성인;어르신;유소년;유아기;청소년,
트레드밀에서 걷기,트레드밀에서 걷기,35927,준비운동;본운동;정리운동,성인;어르신;유소년;유아기;청소년,
목 스트레칭,목 스트레칭,32552,준비운동;본운동;정리운동,성인;어르신;유소년;유아기;청소년,
저항밴드 운동  루틴프로그램,저항밴드 운동  루틴프로그램,32212,준비운동;본운동;정리운동,성인;어르신;유소년;유아기;청소년,
발목 돌리기,발목 돌리기,30739,준비운동;본운동;정리운동,성인;어르신;유소년;유아기;청소년,
계단 뛰어 오르기,계단 뛰어 오르기,30355,준비운동;본운동;정리운동,성인;어르신;유소년;유아기;청소년,
요가 및 필라테스  루틴프로그램,요가 및 필라테스  루틴프로그램,27858,준비운동;본운동;정리운동,성인;어르신;유소년;유아기;청소년,
고정식 자전거 타기,고정식 자전거 타기,26979,준비운동;본운동;정리운동,성인;어르신;유소년;유아기;청소년,
발 끝 당기기,발 끝 당기기,26938,준비운동;본운동;정리운동,성인;어르신;유소년;유아기;청소년,
넙다리 앞쪽 스트레칭,넙다리 앞쪽 스트레칭,26880,준비운동;본운동;정리운동,성인;어르신;유소년;유아기;청소년,
옆구리 스트레칭,옆구리 스트레칭,25838,준비운동;본운동;정리운동,성인;어르신;유소년;유아기;청소년,
아래 팔 스트레칭,아래 팔 스트레칭,24923,준비운동;본운동;정리운동,성인;어르신;유소년;유아기;청소년,
왕복달리기,왕복달리기,24287,준비운동;본운동;정리운동,성인;어르신;유소년;유아기;청소년,
팔벌려뛰기,팔 벌려 뛰기;팔벌려뛰기,23740,준비운동;본운동;정리운동,성인;어르신;유소년;유아기;청소년,
실외 자전거타기,실외 자전거타기,22618,준비운동;본운동;정리운동,성인;어르신;유소년;유아기;청소년,
누워서 다리 들어올리기,누워서 다리 들어올리기,21956,준비운동;본운동;정리운동,성인;어르신;유소년;유아기;청소년,
한발 앞으로 내밀고 앉았다 일어서기,한발 앞으로 내밀고 앉았다 일어서기,21341,준비운동;본운동;정리운동,성인;어르신;유소년;유아기;청소년,
누워서 배가로근 수축 II,누워서 배가로근 수축 II,20821,준비운동;본운동;정리운동,성인;어르신;유소년;유아기;청소년,
바벨 끌어당기기,바벨 끌어당기기,19640,준비운동;본운동;정리운동,성인;어르신;유소년;유아기;청소년,
매달려서 다리 들기,매달려서 다리 들기,19469,준비운동;본운동;정리운동,성인;어르신;유소년;유아기;청소년,
고정식 트레드밀에서 걷기,고정식 트레드밀에서 걷기,19336,준비운동;본운동;정리운동,성인;어르신;유소년;유아기;청소년,
거북이 스트레칭,거북이 스트레칭,19332,준비운동;본운동;정리운동,성인;어르신;유소년;유아기,
몸통 비틀기,몸통 비틀기,19119,준비운동;본운동;정리운동,성인;어르신;유소년;유아기;청소년,
나비자세,나비자세,18508,준비운동;본운동;정리운동,성인;어르신;유소년;유아기;청소년,
앉아서 다리 펴기,앉아서 다리 펴기,17696,준비운동;본운동;정리운동,성인;어르신;유아기;청소년,
윗몸 일으키기,윗몸 일으키기,17578,준비운동;본운동;정리운동,성인;어르신;유소년;유아기;청소년,
버피 테스트,버피 테스트,16902,준비운동;본운동;정리운동,성인;어르신;유소년;유아기;청소년,
흔들어 체조,흔들어 체조,16841,준비운동;본운동;정리운동,성인;어르신;유소년;유아기,
엎드려 한발 원 그리기,엎드려 한발 원 그리기,16767,준비운동;본운동;정리운동,성인;어르신;유소년;유아기;청소년,
스텝박스,스텝박스,16361,준비운동;본운동;정리운동,성인;어르신;유소년;유아기;청소년,
제자리 뛰기,제자리 뛰기,15878,준비운동;본운동;정리운동,성인;어르신;유소년;유아기;청소년,
고관절 스트레칭,고관절 스트레칭,15797,준비운동;본운동;정리운동,성인;어르신;유소년;유아기;청소년,
박스 운동  루틴프로그램,박스 운동  루틴프로그램,15576,준비운동;본운동;정리운동,성인;어르신;유소년;유아기;청소년,
대퇴사두근 스트레칭,대퇴사두근 스트레칭,15060,준비운동;본운동;정리운동,성인;어르신;유소년;유아기;청소년,
어깨 스트레칭,어깨 스트레칭,14923,준비운동;본운동;정리운동,성인;어르신;유소년;유아기;청소년,
전완대고 버티기,전완대고 버티기,14651,준비운동;본운동;정리운동,성인;어르신;유소년;유아기;청소년,
스텝박스 오르내리기,스텝박스 오르내리기,14515,준비운동;본운동;정리운동,성인;어르신;유소년;유아기;청소년,
옆으로 누워서팔 앞으로 당기기,옆으로 누워서팔 앞으로 당기기,14230,준비운동;본운동;정리운동,성인;어르신;유아기,
엎드려 상체 들어올리기,엎드려 상체 들어올리기,14144,준비운동;본운동;정리운동,성인;어르신;유소년;유아기;청소년,
옆으로 누워 버티기,옆으로 누워 버티기,13851,준비운동;본운동;정리운동,성인;어르신;유소년;유아기;청소년,
앉았다 일어서면서 점프하기,앉았다 일어서면서 점프하기,13836,준비운동;본운동;정리운동,성인;어르신;유소년;유아기;청소년,
앉아서 다리 밀기,앉아서 다리 밀기,13707,준비운동;본운동;정리운동,성인;어르신;유아기;청소년,
바운딩 운동  루틴프로그램,바운딩 운동  루틴프로그램,13024,준비운동;본운동;정리운동,성인;어르신;유소년;유아기;청소년,
사다리 운동  루틴프로그램,사다리 운동  루틴프로그램,12891,준비운동;본운동;정리운동,성인;어르신;유소년;유아기;청소년,
대퇴이두근 스트레칭,대퇴이두근 스트레칭,12676,준비운동;본운동;정리운동,성인;어르신;유소년;유아기;청소년,
테이블 이용하여 팔 들어 올리기,테이블 이용하여 팔 들어 올리기,12365,준비운동;본운동;정리운동,성인;어르신;유아기,
메디신볼 운동  루틴프로그램,메디신볼 운동  루틴프로그램,12357,준비운동;본운동;정리운동,성인;어르신;유소년;유아기;청소년,
무릎 높여 제자리 달리기,무릎 높여 제자리 달리기,12136,준비운동;본운동;정리운동,성인;어르신;유소년;유아기;청소년,
좌식생활자를 위한 동적 루틴 스트레칭,좌식생활자를 위한 동적 루틴 스트레칭,12050,준비운동;본운동;정리운동,성인;어르신;유소년;유아기;청소년,
덤벨 잡고 앉았다 일어서기,덤벨 잡고 앉았다 일어서기,11991,준비운동;본운동;정리운동,성인;어르신;유소년;유아기;청소년,
진자운동,진자운동,11847,준비운동;본운동;정리운동,성인;어르신;유아기,
작은 공을 이용한 동적 루틴 스트레칭,작은 공을 이용한 동적 루틴 스트레칭,11688,준비운동;본운동;정리운동,성인;어르신;유소년;유아기;청소년,
다리 모아 상체 숙이기,다리 모아 상체 숙이기,11518,준비운동;본운동;정리운동,성인;어르신;유소년;유아기;청소년,
엎드려서 다리 굽히기,엎드려서 다리 굽히기,11444,준비운동;본운동;정리운동,성인;어르신;유아기,
누워서 뒤로 팔굽혀펴기,누워서 뒤로 팔굽혀펴기,11435,준비운동;본운동;정리운동,성인;유소년;유아기;청소년,
계단 오르기,계단 오르기,11414,준비운동;본운동;정리운동,성인;어르신;유소년;유아기;청소년,
누워서 팔 다리 동시에 들어올리기,누워서 팔 다리 동시에 들어올리기,11182,준비운동;본운동;정리운동,성인;어르신;유소년;유아기;청소년,
의자 이용 중심 잡기 루틴 운동,의자 이용 중심 잡기 루틴 운동,11146,준비운동;본운동;정리운동,성인;어르신;유아기,
소파를 이용한 윗몸올리기,소파를 이용한 윗몸올리기,11112,준비운동;본운동;정리운동,성인;어르신;유소년;유아기;청소년,
누워서 엉덩이 들어올리기,누워서 엉덩이 들어올리기,10392,준비운동;본운동;정리운동,성인;어르신;유아기;청소년,
손 뻗어 윗몸 일으키기,손 뻗어 윗몸 일으키기,10143,준비운동;본운동;정리운동,성인;어르신;유소년;유아기;청소년,
가슴 스트레칭,가슴 스트레칭,9826,준비운동;본운동;정리운동,성인;어르신;유소년;유아기;청소년,
후굴자세 해봐요,후굴자세 해봐요,9815,준비운동;본운동;정리운동,성인;어르신;유아기,
다리 벌려 앞으로 상체 숙이기,다리 벌려 앞으로 상체 숙이기,9630,준비운동;본운동;정리운동,성인;어르신;유소년;유아기;청소년,
엎드려 팔 대고 버티기,엎드려 팔 대고 버티기,9546,준비운동;본운동;정리운동,성인;어르신;유소년;유아기;청소년,
왜가리 자세,왜가리 자세,9294,준비운동;본운동;정리운동,성인;어르신;유소년;유아기;청소년,
엎드려 팔로 걷기,엎드려 팔로 걷기,9249,준비운동;본운동;정리운동,성인;어르신;유소년;유아기;청소년,
엎드려 무릎 연속 차기,엎드려 무릎 연속 차기,9152,준비운동;본운동;정리운동,성인;어르신;유소년;유아기;청소년,
손목 펴기/굽히기,손목 펴기/굽히기,9122,준비운동;본운동;정리운동,성인;어르신;유소년;유아기;청소년,
앉아서 당겨 내리기,앉아서 당겨 내리기,8965,준비운동;본운동;정리운동,성인;어르신;유소년;유아기;청소년,
1단 줄넘기,1단 줄넘기,8847,준비운동;본운동;정리운동,성인;어르신;유소년;유아기;청소년,
누워서 배가로근 수축 I,누워서 배가로근 수축 I,8739,준비운동;본운동;정리운동,성인;어르신;유소년;유아기;청소년,
밴드를 당겨요,밴드를 당겨요,8708,준비운동;본운동;정리운동,성인;어르신;유아기,
짝 스트레칭  루틴프로그램,짝 스트레칭  루틴프로그램,8565,준비운동;본운동;정리운동,성인;어르신;유소년;유아기;청소년,
등 대고 대퇴이두근 스트레칭,등 대고 대퇴이두근 스트레칭,8500,준비운동;본운동;정리운동,성인;어르신;유소년;유아기;청소년,
종아리 스트레칭,종아리 스트레칭,8337,준비운동;본운동;정리운동,성인;어르신;유소년;유아기;청소년,
다리 굽혀(W자) 상체 뒤로 눕기,다리 굽혀(W자) 상체 뒤로 눕기,8323,준비운동;본운동;정리운동,성인;어르신;유소년;유아기;청소년,
내전근 스트레칭,내전근 스트레칭,8174,준비운동;본운동;정리운동,성인;어르신;유소년;유아기;청소년,
발바닥 마주대고 끌어당기기,발바닥 마주대고 끌어당기기,8168,준비운동;본운동;정리운동,성인;어르신;유소년;유아기,
앉아서 엉덩이 들고 이동하기,앉아서 엉덩이 들고 이동하기,8037,준비운동;본운동;정리운동,성인;유소년;유아기;청소년,
빠르게 걷기,빠르게 걷기,7775,준비운동;본운동;정리운동,성인;어르신;유소년;유아기;청소년,
바벨들어올리기,바벨들어올리기,7749,준비운동;본운동;정리운동,성인;어르신;유소년;유아기;청소년,
테이블 이용하여 팔 옆으로 벌리기,테이블 이용하여 팔 옆으로 벌리기,7727,준비운동;본운동;정리운동,성인;어르신;유아기,
영차영차 올라요,영차영차 올라요,7580,준비운동;본운동;정리운동,성인;어르신;유아기,
서서 뒤꿈치 들기,서서 뒤꿈치 들기,7517,준비운동;본운동;정리운동,성인;어르신;유소년;유아기;청소년,
허리 굽혀 덤벨 들기,허리 굽혀 덤벨 들기,7387,준비운동;본운동;정리운동,성인;어르신;유소년;유아기;청소년,
의자 잡고 후방으로 한발 뻗어 들기,의자 잡고 후방으로 한발 뻗어 들기,7376,준비운동;본운동;정리운동,성인;어르신;유아기;청소년,
누워서 하늘 자전거,누워서 하늘 자전거,7303,준비운동;본운동;정리운동,성인;어르신;유소년;유아기;청소년,
몸통 옆으로 굽히기,몸통 옆으로 굽히기,7234,준비운동;본운동;정리운동,성인;어르신;유소년;유아기;청소년,
의자잡고 후방으로 무릎 굽혀 들기,의자잡고 후방으로 무릎 굽혀 들기,7145,준비운동;본운동;정리운동,성인;어르신;유아기;청소년,
누워 무릎 기울기,누워 무릎 기울기,7144,준비운동;본운동;정리운동,성인;청소년,
발목 얹고 다리 잡아당기기,발목 얹고 다리 잡아당기기,7134,준비운동;본운동;정리운동,성인;어르신;유소년;유아기;청소년,
무릎 굽혀 가슴 닿기,무릎 굽혀 가슴 닿기,7107,준비운동;본운동;정리운동,성인;어르신;유소년;유아기;청소년,
점핑점핑해요,점핑점핑해요,7095,준비운동;본운동;정리운동,성인;어르신;유소년;유아기,
의자에 앉아 다리 뻗어 올리기,의자에 앉아 다리 뻗어 올리기,6955,준비운동;본운동;정리운동,성인;어르신;유아기;청소년,
짐볼을 이용한 동적 루틴 스트레칭,짐볼을 이용한 동적 루틴 스트레칭,6949,준비운동;본운동;정리운동,성인;어르신;유소년;유아기;청소년,
스텝퍼 옆으로 뛰어넘기,스텝퍼 옆으로 뛰어넘기,6911,준비운동;본운동;정리운동,성인;어르신;유소년;유아기;청소년,
바벨 잡고 들어올리기,바벨 잡고 들어올리기,6870,준비운동;본운동;정리운동,성인;어르신;유소년;유아기;청소년,
몸통 들어올리기,몸통 들어올리기,6718,준비운동;본운동;정리운동,성인;어르신;유아기;청소년,
엉덩이 스트레칭2,엉덩이 스트레칭2,6702,준비운동;본운동;정리운동,성인;어르신;유소년;유아기;청소년,
짐볼 운동  루틴프로그램,짐볼 운동  루틴프로그램,6488,준비운동;본운동;정리운동,성인;어르신;유소년;청소년,
벽패스,벽패스,6487,준비운동;본운동;정리운동,성인;어르신;유소년;유아기;청소년,
스텝퍼 뛰어서 오르내리기,스텝퍼 뛰어서 오르내리기,6448,준비운동;본운동;정리운동,성인;어르신;유소년;유아기;청소년,
스텝퍼 오르내리기,스텝퍼 오르내리기,6412,준비운동;본운동;정리운동,성인;어르신;유아기;청소년,
마주 앉아 대퇴이두근 스트레칭,마주 앉아 대퇴이두근 스트레칭,6389,준비운동;본운동;정리운동,성인;어르신;유소년;유아기;청소년,
의자 잡고 전방으로 무릎 굽혀 들기,의자 잡고 전방으로 무릎 굽혀 들기,6332,준비운동;본운동;정리운동,어르신;유아기;청소년,
물속에서 걷기,물속에서 걷기,6184,준비운동;본운동;정리운동,성인;어르신;유소년;유아기;청소년,
다리 뻗어 올리기,다리 뻗어 올리기,6031,준비운동;본운동;정리운동,성인;어르신;유소년;유아기;청소년,
꼬리를 떼어요,꼬리를 떼어요,5998,준비운동;본운동;정리운동,성인;어르신;유아기,
서서 다리 뒤로 차기,서서 다리 뒤로 차기,5981,준비운동;본운동;정리운동,성인;어르신;유소년;유아기;청소년,
양발 교차하여 서서 몸통 숙이기,양발 교차하여 서서 몸통 숙이기,5908,준비운동;본운동;정리운동,성인;어르신;유소년;청소년,
짐볼 윗몸올리기,짐볼 윗몸올리기,5878,준비운동;본운동;정리운동,성인;어르신;유소년;유아기;청소년,
덤벨 옆으로 들어올리기,덤벨 옆으로 들어올리기,5843,준비운동;본운동;정리운동,성인;어르신;유소년;유아기;청소년,
팔꿈치 맞닿아 원그리기,팔꿈치 맞닿아 원그리기,5703,준비운동;본운동;정리운동,성인;어르신;유소년;유아기,
서서 바벨 위로 밀기,서서 바벨 위로 밀기,5678,준비운동;본운동;정리운동,성인;어르신;유소년;유아기;청소년,
줄넘기 해요,줄넘기 해요,5662,준비운동;본운동;정리운동,성인;어르신;유소년;유아기,
앉아서 엉덩관절 굽히기,앉아서 엉덩관절 굽히기,5555,준비운동;본운동;정리운동,성인;어르신;유아기;청소년,
대퇴이두근 스트레칭2,대퇴이두근 스트레칭2,5537,준비운동;본운동;정리운동,성인;어르신;유소년;유아기;청소년,
몸통 스트레칭,몸통 스트레칭,5515,준비운동;본운동;정리운동,성인;어르신;유소년;청소년,
의자에 한 다리 올리고 앉앗다 일어서기,의자에 한 다리 올리고 앉앗다 일어서기,5492,준비운동;본운동;정리운동,성인;어르신;유소년;유아기;청소년,
몸 앞으로 굽히기,몸 앞으로 굽히기,5462,준비운동;본운동;정리운동,어르신;유아기,
공 양손으로 주고 받기,공 양손으로 주고 받기,5329,준비운동;본운동;정리운동,어르신;유소년;유아기;청소년,
동물처럼 걸어요,동물처럼 걸어요,5299,준비운동;본운동;정리운동,성인;어르신;유아기,
바벨 들어 팔꿈치 굽히기,바벨 들어 팔꿈치 굽히기,5271,준비운동;본운동;정리운동,성인;어르신;유소년;유아기;청소년,
누워서 덤벨 들어올리기,누워서 덤벨 들어올리기,5264,준비운동;본운동;정리운동,성인;어르신;유소년;유아기;청소년,
다리 벌려 옆으로 상체 숙이기,다리 벌려 옆으로 상체 숙이기,5183,준비운동;본운동;정리운동,성인;어르신;유소년;유아기,
엎드려서 균형잡기,엎드려서 균형잡기,5067,준비운동;본운동;정리운동,성인;어르신;유소년;유아기;청소년,
점프 팔굽혀펴기,점프 팔굽혀펴기,5020,준비운동;본운동;정리운동,성인;유아기;청소년,
덤벨 잡고 뒤꿈치 들기,덤벨 잡고 뒤꿈치 들기,4993,준비운동;본운동;정리운동,성인;어르신;유아기;청소년,
한발 연속 뛰기,한발 연속 뛰기,4880,준비운동;본운동;정리운동,성인;유소년;청소년,
스텝퍼 뛰어서 넘어가기,스텝퍼 뛰어서 넘어가기,4843,준비운동;본운동;정리운동,성인;유소년;유아기;청소년,
50M 달리기,50M 달리기,4823,준비운동;본운동;정리운동,성인;어르신;유소년;유아기;청소년,
아쿠아로빅,아쿠아로빅,4823,준비운동;본운동;정리운동,성인;어르신;유소년;유아기;청소년,
서서 상체 일으키기,서서 상체 일으키기,4777,준비운동;본운동;정리운동,성인;어르신;유소년;유아기;청소년,
엇박자 뛰기,엇박자 뛰기,4758,준비운동;본운동;정리운동,성인;유소년;청소년,
앉아서 몸통 움츠리기,앉아서 몸통 움츠리기,4720,준비운동;본운동;정리운동,성인;어르신;유소년;유아기;청소년,
다리뻗어 상체 숙이기,다리뻗어 상체 숙이기,4688,준비운동;본운동;정리운동,성인;어르신;유소년;청소년,
회전근개 스트레칭,회전근개 스트레칭,4569,준비운동;본운동;정리운동,성인;어르신;유아기,
마주 앉아 대퇴이두근 스트레칭2,마주 앉아 대퇴이두근 스트레칭2,4505,준비운동;본운동;정리운동,성인;어르신;유아기;청소년,
양발 모아 좌우 뛰기,양발 모아 좌우 뛰기,4492,준비운동;본운동;정리운동,성인;유소년;청소년,
누워서 수직으로 다리 들어올리기,누워서 수직으로 다리 들어올리기,4474,준비운동;본운동;정리운동,성인;유소년;유아기;청소년,
골반 스트레칭,골반 스트레칭,4469,준비운동;본운동;정리운동,성인;어르신;유소년;유아기;청소년,
팔다리 교차 버티기,팔다리 교차 버티기,4453,준비운동;본운동;정리운동,성인;어르신;유소년;유아기;청소년,
앉아서 뒤로 당기기,앉아서 뒤로 당기기,4429,준비운동;본운동;정리운동,성인;어르신;유소년;유아기;청소년,
잔발치기,잔발치기,4417,준비운동;본운동;정리운동,성인;어르신;유소년;유아기;청소년,
엎드려서 다리 차올리기,엎드려서 다리 차올리기,4366,준비운동;본운동;정리운동,성인;어르신;유소년;유아기;청소년,
발 바꿔 뛰기,발 바꿔 뛰기,4352,준비운동;본운동;정리운동,성인;어르신;유소년;유아기;청소년,
빌리보를 밀어요,빌리보를 밀어요,4348,준비운동;본운동;정리운동,성인;어르신;유아기,
슈퍼맨자세,슈퍼맨자세,4298,준비운동;본운동;정리운동,성인;어르신;유소년;유아기,
콘운동  루틴프로그램,콘운동  루틴프로그램,4295,준비운동;본운동;정리운동,성인;유소년;유아기;청소년,
지그재그 달려요,지그재그 달려요,4271,준비운동;본운동;정리운동,성인;어르신;유아기,
팔꿈치 굽히기,팔꿈치 굽히기,4236,준비운동;본운동;정리운동,성인;어르신;유아기;청소년,
전진 점프하며 발 뒤꿈치 찍기,전진 점프하며 발 뒤꿈치 찍기,4222,준비운동;본운동;정리운동,성인;어르신;유소년;청소년,
다리 꼬아 상체 앞으로 숙이기,다리 꼬아 상체 앞으로 숙이기,4190,준비운동;본운동;정리운동,성인;어르신;유소년;유아기;청소년,
사다리 안팎 뛰기,사다리 안팎 뛰기,4181,준비운동;본운동;정리운동,성인;유아기;청소년,
온 몸 뻗어주기,온 몸 뻗어주기,4164,준비운동;본운동;정리운동,성인;어르신;유소년;유아기;청소년,
휴식자세,휴식자세,4077,준비운동;본운동;정리운동,성인;어르신;유아기;청소년,
네발기기 자세로 팔 다리 들기,네발기기 자세로 팔 다리 들기,4060,준비운동;본운동;정리운동,성인;어르신;유아기;청소년,
서서 발목 누르기,서서 발목 누르기,4047,준비운동;본운동;정리운동,성인;어르신;유소년;청소년,
빠른 발 뛰기,빠른 발 뛰기,4040,준비운동;본운동;정리운동,성인;유소년;청소년,
연속 사이드 스쿼드,연속 사이드 스쿼드,4015,준비운동;본운동;정리운동,성인;어르신;유소년;유아기;청소년,
스텝퍼 올라가서 점프하여 착지하기,스텝퍼 올라가서 점프하여 착지하기,3982,준비운동;본운동;정리운동,성인;유소년;유아기;청소년,
막대 잡고 팔 안쪽/바깥 돌림,막대 잡고 팔 안쪽/바깥 돌림,3937,준비운동;본운동;정리운동,성인;유아기,
앉아서 팔꿈치 굽히기/펴기,앉아서 팔꿈치 굽히기/펴기,3825,준비운동;본운동;정리운동,성인;어르신;유소년;유아기;청소년,
계단 두 칸씩 뛰기,계단 두 칸씩 뛰기,3815,준비운동;본운동;정리운동,성인;유아기;청소년,
누워서 다리 좌우로 움직이기,누워서 다리 좌우로 움직이기,3807,준비운동;본운동;정리운동,성인;어르신;유소년;유아기;청소년,
알을 낳아요,알을 낳아요,3789,준비운동;본운동;정리운동,성인;어르신;유아기,
훌라후프로 공 끌고 가기,훌라후프로 공 끌고 가기,3760,준비운동;본운동;정리운동,유소년;유아기;청소년,
사다리 좌우 뛰기,사다리 좌우 뛰기,3753,준비운동;본운동;정리운동,성인;유아기;청소년,
후다닥 붙여요,후다닥 붙여요,3735,준비운동;본운동;정리운동,성인;어르신;유아기;청소년,
척추 들어올리기,척추 들어올리기,3705,준비운동;본운동;정리운동,성인;어르신;유아기;청소년,
앞굽이 앉았다 일어서기,앞굽이 앉았다 일어서기,3673,준비운동;본운동;정리운동,성인;어르신;유소년;청소년,
누워 발목 당겨주기,누워 발목 당겨주기,3672,준비운동;본운동;정리운동,성인;어르신;유소년;유아기;청소년,
엎드려 교차 발 잡아당기기,엎드려 교차 발 잡아당기기,3653,준비운동;본운동;정리운동,성인;어르신;유소년;유아기,
의자 앞에서 앉았다 일어서기,의자 앞에서 앉았다 일어서기,3647,준비운동;본운동;정리운동,성인;어르신;유아기;청소년,
훌라후프하며 앞으로 가기,훌라후프하며 앞으로 가기,3638,준비운동;본운동;정리운동,유소년;유아기;청소년,
다리굽혀 허리 비틀기,다리굽혀 허리 비틀기,3598,준비운동;본운동;정리운동,성인;어르신;청소년,
아기자세,아기자세,3594,준비운동;본운동;정리운동,성인;어르신;유소년;유아기;청소년,
한 발 뒤로 빼고 앞으로 굽히기,한 발 뒤로 빼고 앞으로 굽히기,3558,준비운동;본운동;정리운동,성인;어르신;유소년;유아기;청소년,
뛰어 내렸다가 바로 점프하기,뛰어 내렸다가 바로 점프하기,3556,준비운동;본운동;정리운동,성인;유소년;유아기;청소년,
사이드 스텝,사이드 스텝,3547,준비운동;본운동;정리운동,성인;유소년;청소년,
팔로 써클링 누르기,팔로 써클링 누르기,3539,준비운동;본운동;정리운동,어르신;유소년;유아기,
크런치 사이클,크런치 사이클,3529,준비운동;본운동;정리운동,성인;청소년,
매달려서 뒤로 팔굽혀 펴기,매달려서 뒤로 팔굽혀 펴기,3515,준비운동;본운동;정리운동,성인;어르신;유소년;유아기;청소년,
박스 오르내리기,박스 오르내리기,3478,준비운동;본운동;정리운동,성인;어르신;유소년;유아기;청소년,
앉아 윗몸 앞으로 굽히기,앉아 윗몸 앞으로 굽히기,3466,준비운동;본운동;정리운동,성인;어르신;유소년;유아기,
엎드려서 팔 다리 들기,엎드려서 팔 다리 들기,3454,준비운동;본운동;정리운동,성인;어르신;유아기;청소년,
힘차게 던져요,힘차게 던져요,3414,준비운동;본운동;정리운동,성인;어르신;유아기,
발바닥 치기,발바닥 치기,3407,준비운동;본운동;정리운동,성인;어르신;유소년;유아기,
후다닥 집어요,후다닥 집어요,3381,준비운동;본운동;정리운동,성인;어르신;유아기,
낚시를 해요,낚시를 해요,3315,준비운동;본운동;정리운동,성인;어르신;유아기,
알록달록 공을 옮겨요,알록달록 공을 옮겨요,3298,준비운동;본운동;정리운동,성인;어르신;유아기,
앉아서 한 발 앞으로 굽히기,앉아서 한 발 앞으로 굽히기,3283,준비운동;본운동;정리운동,성인;어르신;유소년;유아기,
앉아서 옆구리 늘려주기,앉아서 옆구리 늘려주기,3249,준비운동;본운동;정리운동,성인;어르신;유소년;유아기,
무릎 대고 옆으로 기울이기,무릎 대고 옆으로 기울이기,3220,준비운동;본운동;정리운동,성인;어르신;유소년;유아기,
서서 어깨  들어올리기,서서 어깨  들어올리기,3189,준비운동;본운동;정리운동,성인;어르신;유아기;청소년,
양발 모았다 벌려뛰기,양발 모았다 벌려뛰기,3185,준비운동;본운동;정리운동,성인;청소년,
비복근 스트레칭,비복근 스트레칭,3146,준비운동;본운동;정리운동,성인;어르신;유소년;유아기;청소년,
우리 모두 다같이,우리 모두 다같이,3127,준비운동;본운동;정리운동,성인;어르신;유아기,
엎드려 팔다리 교차올리기,엎드려 팔다리 교차올리기,3123,준비운동;본운동;정리운동,성인;어르신;유소년;청소년,
사다리 이용 루틴 운동,사다리 이용 루틴 운동,3105,준비운동;본운동;정리운동,성인;어르신;유소년;유아기;청소년,
무릎 대고 상체 뒤로 젖히기,무릎 대고 상체 뒤로 젖히기,3091,준비운동;본운동;정리운동,성인;어르신;유소년;유아기,
양 손 번갈아 공 튀기기,양 손 번갈아 공 튀기기,3084,준비운동;본운동;정리운동,어르신;유소년;청소년,
앞뒤로 선넘기,앞뒤로 선넘기,3068,준비운동;본운동;정리운동,성인;어르신;유소년;유아기;청소년,
의자에 앉아 가슴 몸통 말아주기,의자에 앉아 가슴 몸통 말아주기,3064,준비운동;본운동;정리운동,성인;청소년,
누워서 덤벨 모아들기,누워서 덤벨 모아들기,3045,준비운동;본운동;정리운동,성인;어르신;유소년;유아기;청소년,
가슴/어깨 스트레칭,가슴/어깨 스트레칭,3002,준비운동;본운동;정리운동,성인;어르신;유아기;청소년,
균형 걷기,균형 걷기,2969,준비운동;본운동;정리운동,성인;어르신;유소년;유아기;청소년,
벽에서 팔굽혀 펴기,벽에서 팔굽혀 펴기,2942,준비운동;본운동;정리운동,성인;어르신;유아기;청소년,
계단 두발 뛰기,계단 두발 뛰기,2937,준비운동;본운동;정리운동,성인;유아기;청소년,
좌우로 선넘기,좌우로 선넘기,2920,준비운동;본운동;정리운동,성인;어르신;유소년;유아기;청소년,
의자에 앉아 몸통비틀기,의자에 앉아 몸통비틀기,2859,준비운동;본운동;정리운동,성인;어르신;청소년,
상체 앞으로 숙이기,상체 앞으로 숙이기,2847,준비운동;본운동;정리운동,성인;어르신;청소년,
한 발 앞굽이 팔 위로 뻗어 가슴 내밀기,한 발 앞굽이 팔 위로 뻗어 가슴 내밀기,2829,준비운동;본운동;정리운동,성인;어르신;유소년;유아기,
엎드려 다리 들어올리기,엎드려 다리 들어올리기,2814,준비운동;본운동;정리운동,성인;어르신;유소년;유아기;청소년,
누워서 굽힌 다리 펴기,누워서 굽힌 다리 펴기,2804,준비운동;본운동;정리운동,성인;어르신;유소년;유아기;청소년,
윗몸 말며 공을 전달해요,윗몸 말며 공을 전달해요,2789,준비운동;본운동;정리운동,성인;어르신;유아기,
벽잡고 빨리 뛰기,벽잡고 빨리 뛰기,2761,준비운동;본운동;정리운동,성인;어르신;유소년;유아기;청소년,
서서 다리로 탄력밴드 당기기 I,서서 다리로 탄력밴드 당기기 I,2758,준비운동;본운동;정리운동,성인;어르신;유아기;청소년,
끌어요 당겨요,끌어요 당겨요,2748,준비운동;본운동;정리운동,성인;어르신;유아기,
앉아서 팔꿈치 굽히기,앉아서 팔꿈치 굽히기,2743,준비운동;본운동;정리운동,성인;어르신;유아기,
서서 한팔 들어 오른쪽 왼쪽 뻗기,서서 한팔 들어 오른쪽 왼쪽 뻗기,2742,준비운동;본운동;정리운동,성인;어르신;유아기;청소년,
사다리 옆으로 발 옮기기,사다리 옆으로 발 옮기기,2672,준비운동;본운동;정리운동,성인;유아기;청소년,
뒤로 팔굽혀펴기,뒤로 팔굽혀펴기,2639,준비운동;본운동;정리운동,성인;어르신;유아기;청소년,
의자에 앉아 가슴 뒤로 젖히기,의자에 앉아 가슴 뒤로 젖히기,2637,준비운동;본운동;정리운동,성인;어르신;유아기;청소년,
앉아서 가슴 모으기,앉아서 가슴 모으기,2619,준비운동;본운동;정리운동,성인;어르신;유아기;청소년,
다리모아 무릎 누르기,다리모아 무릎 누르기,2592,준비운동;본운동;정리운동,성인;청소년,
다리자세,다리자세,2591,준비운동;본운동;정리운동,성인;어르신;청소년,
서서 다리로 탄력밴드 당기기 II,서서 다리로 탄력밴드 당기기 II,2554,준비운동;본운동;정리운동,성인;어르신;유소년;유아기;청소년,
플렉스 바 비틀기,플렉스 바 비틀기,2525,준비운동;본운동;정리운동,성인;어르신;유아기;청소년,
연속 상향 점프하기,연속 상향 점프하기,2517,준비운동;본운동;정리운동,성인;유아기;청소년,
무릎 당겨올리기,무릎 당겨올리기,2498,준비운동;본운동;정리운동,성인;어르신;유아기;청소년,
서서 팔꿈치 펴기,서서 팔꿈치 펴기,2481,준비운동;본운동;정리운동,성인;어르신;유아기,
한발 서서 균형잡기,한발 서서 균형잡기,2480,준비운동;본운동;정리운동,성인;어르신;유아기;청소년,
허리 굽혀 덤벨 뒤로 들기,허리 굽혀 덤벨 뒤로 들기,2447,준비운동;본운동;정리운동,성인;어르신;유소년;유아기;청소년,
엎드려 어깨 늘리기,엎드려 어깨 늘리기,2438,준비운동;본운동;정리운동,성인;어르신;유소년;유아기,
팔굽혀펴기(무릎대고 실시),팔굽혀펴기(무릎대고 실시),2422,준비운동;본운동;정리운동,성인;어르신;유아기;청소년,
베개 밟고 서기,베개 밟고 서기,2416,준비운동;본운동;정리운동,어르신;유아기,
목봉잡고 앉았다 일어나기,목봉잡고 앉았다 일어나기,2399,준비운동;본운동;정리운동,성인;어르신;유아기,
알록달록 붙여요,알록달록 붙여요,2396,준비운동;본운동;정리운동,성인;어르신;유아기,
공을 옮겨요(옆),공을 옮겨요(옆),2302,준비운동;본운동;정리운동,성인;어르신;유아기,
점프해서 손 발끝 닿기,점프해서 손 발끝 닿기,2296,준비운동;본운동;정리운동,성인;어르신;유소년;유아기,
양발 연속 뛰기,양발 연속 뛰기,2276,준비운동;본운동;정리운동,성인;유소년;청소년,
서서 발목 뒤로 당기기,서서 발목 뒤로 당기기,2250,준비운동;본운동;정리운동,성인;어르신;유소년;청소년,
빠른 발 안팎 뛰기,빠른 발 안팎 뛰기,2224,준비운동;본운동;정리운동,성인;유소년;청소년,
소방훈련 해요,소방훈련 해요,2211,준비운동;본운동;정리운동,성인;어르신;유아기,
누워서 막대 잡고 팔 들어올리기,누워서 막대 잡고 팔 들어올리기,2200,준비운동;본운동;정리운동,성인;유아기,
누워서 머리 위로 팔꿈치 펴기,누워서 머리 위로 팔꿈치 펴기,2200,준비운동;본운동;정리운동,성인;어르신;유소년;유아기;청소년,
서서 다리로 탄력밴드 당겨 중심 잡기 루틴 운동,서서 다리로 탄력밴드 당겨 중심 잡기 루틴 운동,2194,준비운동;본운동;정리운동,성인;어르신;유아기;청소년,
등척성운동-바깥돌림,등척성운동-바깥돌림,2159,준비운동;본운동;정리운동,성인;유아기,
힘차게 맞춰요,힘차게 맞춰요,2141,준비운동;본운동;정리운동,성인;어르신;유아기,
의자에 앉아 옆구리 숙이기,의자에 앉아 옆구리 숙이기,2135,준비운동;본운동;정리운동,성인;어르신;청소년,
누워서 가슴 밀기,누워서 가슴 밀기,2131,준비운동;본운동;정리운동,어르신;유아기,
박스 옆으로 번갈아 뛰기,박스 옆으로 번갈아 뛰기,2129,준비운동;본운동;정리운동,성인;유소년;유아기;청소년,
무릎당겨 다리 올리기,무릎당겨 다리 올리기,2125,준비운동;본운동;정리운동,성인;청소년,
다리 모았다 벌려 뛰기,다리 모았다 벌려 뛰기,2123,준비운동;본운동;정리운동,성인;어르신;유소년;유아기;청소년,
무릎-허리 높이로 공 튀기기,무릎-허리 높이로 공 튀기기,2119,준비운동;본운동;정리운동,유소년,
앉아서 덤벨로 손목 굽히기,앉아서 덤벨로 손목 굽히기,2118,준비운동;본운동;정리운동,성인;어르신;유아기;청소년,
W 스텝,W 스텝,2108,준비운동;본운동;정리운동,성인;유소년;청소년,
옆으로 누워 다리 들어올리기,옆으로 누워 다리 들어올리기,2097,준비운동;본운동;정리운동,유소년;유아기;청소년,
등척성운동-안쪽 돌림,등척성운동-안쪽 돌림,2079,준비운동;본운동;정리운동,성인;유아기,
물통으로 양팔 들어올리기,물통으로 양팔 들어올리기,2075,준비운동;본운동;정리운동,성인;어르신;유아기,
원판던지기,원판던지기,2075,준비운동;본운동;정리운동,성인;어르신;유소년;유아기;청소년,
제자리 멀리 뛰기,제자리 멀리 뛰기,2067,준비운동;본운동;정리운동,성인;어르신;유소년;유아기;청소년,
인사 체조,인사 체조,2064,준비운동;본운동;정리운동,성인;어르신;유아기,
엉금엉금 기어요,엉금엉금 기어요,2055,준비운동;본운동;정리운동,성인;어르신;유아기,
활 자세,활 자세,2046,준비운동;본운동;정리운동,성인;어르신;유소년;유아기,
앞뒤 지그재그 뛰기,앞뒤 지그재그 뛰기,2043,준비운동;본운동;정리운동,성인;유소년;청소년,
고정한 상태에서 덤벨 들고 팔꿈치 굽히기,고정한 상태에서 덤벨 들고 팔꿈치 굽히기,2036,준비운동;본운동;정리운동,성인;어르신;유소년;유아기;청소년,
등척성운동-벌림,등척성운동-벌림,2023,준비운동;본운동;정리운동,성인;유아기,
무릎 들어 연속 뛰기,무릎 들어 연속 뛰기,1979,준비운동;본운동;정리운동,성인;유소년;청소년,
밴드 앞 옆으로 들어올리기,밴드 앞 옆으로 들어올리기,1972,준비운동;본운동;정리운동,성인;어르신;유소년;유아기;청소년,
옆구리늘리기,옆구리늘리기,1956,준비운동;본운동;정리운동,성인;유아기;청소년,
모관운동,모관운동,1945,준비운동;본운동;정리운동,어르신;유소년;유아기;청소년,
발가락 폄근 스트레칭,발가락 폄근 스트레칭,1918,준비운동;본운동;정리운동,성인;어르신;유아기,
어깨 뒤쪽 스트레칭,어깨 뒤쪽 스트레칭,1913,준비운동;본운동;정리운동,성인;어르신;유아기,
밴드 어깨 뒤로 들어올리기,밴드 어깨 뒤로 들어올리기,1900,준비운동;본운동;정리운동,성인;어르신;유소년;유아기;청소년,
밴드 걸고 누워서 다리 들어올리기,밴드 걸고 누워서 다리 들어올리기,1886,준비운동;본운동;정리운동,성인;어르신;유아기,
결가부좌,결가부좌,1874,준비운동;본운동;정리운동,성인;어르신;유아기;청소년,
딩딩링을 끼워요,딩딩링을 끼워요,1841,준비운동;본운동;정리운동,성인;어르신;유아기,
의자 이용하기,의자 이용하기,1833,준비운동;본운동;정리운동,성인;어르신;유아기;청소년,
바벨 당겨 올리기,바벨 당겨 올리기,1827,준비운동;본운동;정리운동,성인;어르신;유소년;유아기;청소년,
양발 교차 뛰기,양발 교차 뛰기,1819,준비운동;본운동;정리운동,성인;청소년,
4방향 콘 찍고 달리기,4방향 콘 찍고 달리기,1801,준비운동;본운동;정리운동,성인;유소년;유아기;청소년,
의자 잡고 팔 뒤로 굽히기,의자 잡고 팔 뒤로 굽히기,1770,준비운동;본운동;정리운동,성인;어르신;유소년;유아기,
밴드 걸고 엎드려서 다리 구부리기,밴드 걸고 엎드려서 다리 구부리기,1755,준비운동;본운동;정리운동,성인;어르신;유아기,
발등굽힘/발바닥굽힘,발등굽힘/발바닥굽힘,1746,준비운동;본운동;정리운동,성인;어르신;유소년;유아기;청소년,
골반 스트레칭2,골반 스트레칭2,1734,준비운동;본운동;정리운동,성인;어르신;유아기;청소년,
전신 틀어 손벽 마주치기,전신 틀어 손벽 마주치기,1727,준비운동;본운동;정리운동,어르신;유아기,
아령 앞으로 들어올리기,아령 앞으로 들어올리기,1720,준비운동;본운동;정리운동,성인;어르신;유소년;유아기;청소년,
2단 줄넘기,2단 줄넘기,1718,준비운동;본운동;정리운동,성인;유소년;청소년,
밴드 머리 뒤로 들어올리기,밴드 머리 뒤로 들어올리기,1699,준비운동;본운동;정리운동,성인;어르신;유소년;유아기;청소년,
서서 다리 모으고 벌리기,서서 다리 모으고 벌리기,1679,준비운동;본운동;정리운동,성인;어르신;유아기,
한쪽 다리펴고 상체 숙이기,한쪽 다리펴고 상체 숙이기,1675,준비운동;본운동;정리운동,성인;어르신;청소년,
V자 버티기,V자 버티기,1654,준비운동;본운동;정리운동,성인;어르신;유소년;유아기,
뒷발 교차 뛰기,뒷발 교차 뛰기,1642,준비운동;본운동;정리운동,청소년,
공 위로 던지고 제자리 돌아 받기,공 위로 던지고 제자리 돌아 받기,1638,준비운동;본운동;정리운동,어르신;유소년,
굽힘 밸런스운동-60~120도 사이,굽힘 밸런스운동-60~120도 사이,1598,준비운동;본운동;정리운동,성인;어르신;유아기,
서서 균형잡기,서서 균형잡기,1582,준비운동;본운동;정리운동,성인;어르신;유아기;청소년,
탄력밴드 후방으로 당기기,탄력밴드 후방으로 당기기,1581,준비운동;본운동;정리운동,어르신;유소년;유아기,
벌림 밸런스 운동-60~120도 사이,벌림 밸런스 운동-60~120도 사이,1579,준비운동;본운동;정리운동,성인;어르신;유아기,
공 받고 던져요,공 받고 던져요,1563,준비운동;본운동;정리운동,성인;어르신;유아기,
점프해서 발바닥 치기,점프해서 발바닥 치기,1557,준비운동;본운동;정리운동,성인;어르신;유소년;유아기,
앉은 산 자세,앉은 산 자세,1524,준비운동;본운동;정리운동,성인;어르신;청소년,
공을 옮겨요(앞),공을 옮겨요(앞),1523,준비운동;본운동;정리운동,성인;어르신;유아기,
한발 앞뒤 교차 뛰기,한발 앞뒤 교차 뛰기,1508,준비운동;본운동;정리운동,유소년;청소년,
탄력밴드 전방으로 당기기,탄력밴드 전방으로 당기기,1476,준비운동;본운동;정리운동,어르신;유아기,
팔 빨리 흔들기,팔 빨리 흔들기,1466,준비운동;본운동;정리운동,성인;유소년;유아기,
누워서 막대 잡고 팔 회전하기,누워서 막대 잡고 팔 회전하기,1434,준비운동;본운동;정리운동,성인;유아기,
조심조심 걸어요,조심조심 걸어요,1430,준비운동;본운동;정리운동,성인;어르신;유아기,
전신 비틀며 전진하기,전신 비틀며 전진하기,1429,준비운동;본운동;정리운동,성인;어르신;유소년;유아기;청소년,
콘 뛰어넘기,콘 뛰어넘기,1409,준비운동;본운동;정리운동,유소년;유아기,
물병 옆으로 들어올리기,물병 옆으로 들어올리기,1407,준비운동;본운동;정리운동,성인;어르신;유아기;청소년,
다리 모아 뒤로 눕기,다리 모아 뒤로 눕기,1391,준비운동;본운동;정리운동,어르신;유소년;유아기,
복부 스트레칭,복부 스트레칭,1391,준비운동;본운동;정리운동,성인;어르신;유소년;유아기;청소년,
옆으로 걷기,옆으로 걷기,1391,준비운동;본운동;정리운동,성인;어르신;유소년;유아기;청소년,
탄력밴드 측면으로 당기기,탄력밴드 측면으로 당기기,1367,준비운동;본운동;정리운동,어르신;유소년;유아기,
누워서 전신 뻗기,누워서 전신 뻗기,1364,준비운동;본운동;정리운동,성인;어르신;유소년;유아기,
앉아서 어깨 위로 밀기,앉아서 어깨 위로 밀기,1363,준비운동;본운동;정리운동,성인;어르신;유아기;청소년,
파워클린,파워클린,1360,준비운동;본운동;정리운동,성인;유아기;청소년,
한 발 무릎위 올려차기,한 발 무릎위 올려차기,1327,준비운동;본운동;정리운동,성인;어르신;유소년;유아기;청소년,
밴드 앞으로 당기기,밴드 앞으로 당기기,1311,준비운동;본운동;정리운동,성인;어르신;유소년;유아기;청소년,
등 스트레칭,등 스트레칭,1305,준비운동;본운동;정리운동,성인;어르신;유아기;청소년,
크게 다리벌려 교차 뛰기,크게 다리벌려 교차 뛰기,1298,준비운동;본운동;정리운동,성인;유소년;청소년,
양발 벌려 무릎 밀어내기,양발 벌려 무릎 밀어내기,1295,준비운동;본운동;정리운동,성인;어르신;유소년;청소년,
옆으로 팔 대고 버티기,옆으로 팔 대고 버티기,1267,준비운동;본운동;정리운동,어르신;유소년;유아기;청소년,
풍선 튕기기,풍선 튕기기,1259,준비운동;본운동;정리운동,성인;어르신;유아기;청소년,
몸통 앞으로 굽혀 걷기,몸통 앞으로 굽혀 걷기,1251,준비운동;본운동;정리운동,어르신;유소년;유아기;청소년,
짐볼 이용해 앉았다 일어서기,짐볼 이용해 앉았다 일어서기,1243,준비운동;본운동;정리운동,성인;어르신;유아기,
공 잡고 들어올리기,공 잡고 들어올리기,1228,준비운동;본운동;정리운동,어르신;유아기,
옆으로 펀치하기,옆으로 펀치하기,1219,준비운동;본운동;정리운동,성인;어르신;유아기;청소년,
팔꿈치-무릎 교차 닿기,팔꿈치-무릎 교차 닿기,1211,준비운동;본운동;정리운동,성인;유소년,
척추 스트레칭,척추 스트레칭,1209,준비운동;본운동;정리운동,성인;어르신;유아기;청소년,
밴드 잡고 누워서 다리 밀기,밴드 잡고 누워서 다리 밀기,1208,준비운동;본운동;정리운동,성인;어르신;유아기,
연속 무릎 올리기,연속 무릎 올리기,1203,준비운동;본운동;정리운동,성인;유소년;유아기,
아령 뒤로 들어올리기,아령 뒤로 들어올리기,1191,준비운동;본운동;정리운동,유소년,
덤벨 잡고 한발 내밀어 굽혔다 펴기,덤벨 잡고 한발 내밀어 굽혔다 펴기,1182,준비운동;본운동;정리운동,성인;어르신;유아기;청소년,
밴드 걸고 옆으로 누워 다리 올리기,밴드 걸고 옆으로 누워 다리 올리기,1181,준비운동;본운동;정리운동,성인;어르신;유소년;유아기,
팔 돌리며 점프하기,팔 돌리며 점프하기,1166,준비운동;본운동;정리운동,유소년;유아기;청소년,
물병 들고 한발 앞으로 내밀고 앉았다 일어서기,물병 들고 한발 앞으로 내밀고 앉았다 일어서기,1151,준비운동;본운동,성인;어르신;유소년;유아기,
탄력밴드 후방 측면으로 당기기,탄력밴드 후방 측면으로 당기기,1151,준비운동;본운동;정리운동,어르신;유아기;청소년,
덤벨 잡고 몸통 옆으로 굽히기,덤벨 잡고 몸통 옆으로 굽히기,1150,준비운동;본운동;정리운동,어르신;유아기,
누워서 다리 펴고 원 그리기,누워서 다리 펴고 원 그리기,1148,준비운동;본운동;정리운동,어르신;유소년;유아기,
머리 위로 공 넘기기,머리 위로 공 넘기기,1141,준비운동;본운동;정리운동,성인;어르신;유소년;유아기,
막대 잡고 대각선으로 팔 들어올리기,막대 잡고 대각선으로 팔 들어올리기,1137,준비운동;본운동;정리운동,성인;어르신;유아기,
앉아서 다리 굽히기,앉아서 다리 굽히기,1137,준비운동;본운동;정리운동,성인;어르신;유아기;청소년,
앉아서 다리 펴서 들어올리기,앉아서 다리 펴서 들어올리기,1137,준비운동;본운동;정리운동,성인;어르신;유소년;유아기,
상체 감아올리기,상체 감아올리기,1135,준비운동;본운동;정리운동,성인;유소년;청소년,
엎드려 양팔 및 다리 들어올리기,엎드려 양팔 및 다리 들어올리기,1125,준비운동;본운동;정리운동,성인;어르신;유소년;유아기,
앞뒤로 한발씩 걷기,앞뒤로 한발씩 걷기,1090,준비운동;본운동;정리운동,어르신;유아기;청소년,
뒤꿈치 들기,뒤꿈치 들기,1084,준비운동;본운동;정리운동,성인;어르신;유아기;청소년,
양팔 벌려 높이 뛰기,양팔 벌려 높이 뛰기,1070,준비운동;본운동;정리운동,성인;청소년,
십(十)자 드리블,십(十)자 드리블,1066,준비운동;본운동;정리운동,유소년,
무릎 높이 들어 뛰기,무릎 높이 들어 뛰기,1062,준비운동;본운동;정리운동,성인;유소년;청소년,
누워서 공들고 몸 기울이기,누워서 공들고 몸 기울이기,1059,준비운동;본운동;정리운동,성인;유소년;유아기;청소년,
팔꿈치 고정 후 벌리기,팔꿈치 고정 후 벌리기,1046,준비운동;본운동;정리운동,성인;청소년,
뽁뽁이를 눌러요,뽁뽁이를 눌러요,1040,준비운동;본운동;정리운동,성인;어르신;유아기,
엉덩관절 회전하기,엉덩관절 회전하기,1033,준비운동;본운동;정리운동,성인;어르신;유아기;청소년,
밴드 걸고 앉아서 발등 굽힘,밴드 걸고 앉아서 발등 굽힘,1020,준비운동;본운동;정리운동,성인;어르신;유소년;유아기,
짐볼 앉아 중심 잡기 루틴 운동,짐볼 앉아 중심 잡기 루틴 운동,1020,준비운동;본운동;정리운동,성인;어르신;유아기,
앉아서 상체 앞 옆으로 기울기,앉아서 상체 앞 옆으로 기울기,1018,준비운동;본운동;정리운동,성인;어르신;청소년,
탄력밴드 어깨 가쪽 돌림,탄력밴드 어깨 가쪽 돌림,1011,준비운동;본운동;정리운동,성인;어르신;유소년;유아기;청소년,
엎드려 무릎 당기기,엎드려 무릎 당기기,1007,준비운동;본운동;정리운동,성인;유소년;유아기,
반복 옆뛰기,반복 옆뛰기,1006,준비운동;본운동;정리운동,성인;유소년;유아기;청소년,
분리배출 해요,분리배출 해요,1003,준비운동;본운동;정리운동,성인;어르신;유아기,
서서 탄력밴드 당겨내리기/올리기,서서 탄력밴드 당겨내리기/올리기,1002,준비운동;본운동;정리운동,성인;어르신;유소년;유아기;청소년,
앉아서 밀기,앉아서 밀기,999,준비운동;본운동;정리운동,성인;어르신;유아기;청소년,
밸런스 보드에 서요,밸런스 보드에 서요,994,준비운동;본운동;정리운동,성인;어르신;유아기,
뒤로 팔 뻗기,뒤로 팔 뻗기,983,준비운동;본운동;정리운동,성인;청소년,
무릎 구부려 상체 비틀기,무릎 구부려 상체 비틀기,967,준비운동;본운동;정리운동,성인;유소년,
누워서 팔 밀기,누워서 팔 밀기,961,준비운동;본운동;정리운동,어르신;청소년,
허리숙여 양팔 돌리기,허리숙여 양팔 돌리기,959,준비운동;본운동;정리운동,성인;유소년;청소년,
네발기기 자세에서 손바닥으로 바닥밀기,네발기기 자세에서 손바닥으로 바닥밀기,938,준비운동;본운동;정리운동,성인;어르신;유소년;유아기;청소년,
계단 한발 뛰기,계단 한발 뛰기,934,준비운동;본운동;정리운동,성인;유아기;청소년,
베개 밟고 교차 서기,베개 밟고 교차 서기,920,준비운동;본운동;정리운동,어르신;유아기,
공 잡고 상체 들어올리기,공 잡고 상체 들어올리기,916,준비운동;본운동;정리운동,성인;유소년;유아기,
밴드 다리 올려 버티기,밴드 다리 올려 버티기,907,준비운동;본운동;정리운동,성인;어르신;유소년;유아기,
허리 굽혀 팔 뒤로 들기,허리 굽혀 팔 뒤로 들기,897,준비운동;본운동;정리운동,성인;어르신;유아기;청소년,
다리 올려 의자넘기,다리 올려 의자넘기,893,준비운동;본운동;정리운동,성인;유소년;유아기,
대(大)자 점프 뛰기,대(大)자 점프 뛰기,890,준비운동;본운동;정리운동,어르신;유소년;유아기,
앉아서 밴드 당기기,앉아서 밴드 당기기,883,준비운동;본운동;정리운동,성인;어르신;유소년;유아기;청소년,
누워 다리 들어올리기,누워 다리 들어올리기,880,준비운동;본운동;정리운동,성인;어르신;유소년;청소년,
다리 감아올리기,다리 감아올리기,879,준비운동;본운동;정리운동,성인;유소년;청소년,
아쿠아로빅 운동 프로그램 루틴,아쿠아로빅 운동 프로그램 루틴,870,준비운동;본운동;정리운동,성인;어르신;유소년;유아기;청소년,
베개 밟고 두발 모아 서기,베개 밟고 두발 모아 서기,868,준비운동;본운동;정리운동,어르신;유아기,
폼롤러 밀며 몸 앞으로 숙이기,폼롤러 밀며 몸 앞으로 숙이기,856,준비운동;본운동;정리운동,성인;어르신;유아기,
교차 다리 굽히기,교차 다리 굽히기,845,준비운동;본운동;정리운동,성인;유소년;유아기,
전진 점프하며 발바닥 찍기,전진 점프하며 발바닥 찍기,843,준비운동;본운동;정리운동,성인;청소년,
목 돌림 스트레칭,목 돌림 스트레칭,838,준비운동;본운동;정리운동,성인;어르신;유아기,
앉았다 일어나며 점프하기,앉았다 일어나며 점프하기,826,준비운동;본운동;정리운동,성인;유소년;청소년,
밴드로 다리 들어 올려 버티기,밴드로 다리 들어 올려 버티기,816,준비운동;본운동;정리운동,유소년;유아기,
옆으로 팔 벌리며 점프하기,옆으로 팔 벌리며 점프하기,816,준비운동;본운동;정리운동,성인;유소년;청소년,
엎드려 뒤로 다리 올리기,엎드려 뒤로 다리 올리기,813,준비운동;본운동;정리운동,어르신;유아기,
누워서 다리 굽히기,누워서 다리 굽히기,811,준비운동;본운동;정리운동,성인;어르신;청소년,
네발 걷기,네발 걷기,810,준비운동;본운동;정리운동,성인;어르신;유소년;청소년,
앉아서 다리 올리기,앉아서 다리 올리기,809,준비운동;본운동;정리운동,성인;어르신;청소년,
네발기기 자세에서 다리 위로 뻗어올리기,네발기기 자세에서 다리 위로 뻗어올리기,799,준비운동;본운동;정리운동,성인;어르신;청소년,
의자에 앉아 등 굽혔다 펴기,의자에 앉아 등 굽혔다 펴기,789,준비운동;본운동;정리운동,성인;어르신;유아기,
팔 구부려 등 모으기,팔 구부려 등 모으기,789,준비운동;본운동,어르신;유소년,
S자 달리기,S자 달리기,786,준비운동;본운동;정리운동,성인;어르신;유소년;유아기;청소년,
엉덩이 늘리기,엉덩이 늘리기,785,준비운동;본운동;정리운동,성인;유소년;청소년,
점프하며 뛰기,점프하며 뛰기,783,준비운동;본운동;정리운동,성인;유소년;청소년,
빠르게 무릎 올려 찍기,빠르게 무릎 올려 찍기,777,준비운동;본운동;정리운동,성인;어르신;청소년,
탄력밴드 걸고 서기,탄력밴드 걸고 서기,773,준비운동;본운동;정리운동,어르신;유아기,
팔꿈치 머리 뒤로 젖히기,팔꿈치 머리 뒤로 젖히기,768,준비운동;본운동;정리운동,성인;청소년,
사이드 지그재그 뛰기,사이드 지그재그 뛰기,765,준비운동;본운동;정리운동,성인;유소년;청소년,
앉아서 양팔 당기기,앉아서 양팔 당기기,765,준비운동;본운동;정리운동,청소년,
양팔 벌려 전신 비틀기,양팔 벌려 전신 비틀기,764,준비운동;본운동;정리운동,성인;어르신;유소년;유아기,
다리 들어올리기,다리 들어올리기,763,준비운동;본운동;정리운동,성인;청소년,
수동적 관절가동범위 운동,수동적 관절가동범위 운동,761,준비운동;본운동;정리운동,성인;어르신;유소년,
다리로 짐볼 들어올리기,다리로 짐볼 들어올리기,759,준비운동;본운동;정리운동,성인;어르신;유소년;유아기,
목 당기기,목 당기기,754,준비운동;본운동;정리운동,성인;어르신;청소년,
깍지끼고 목 들어올리기,깍지끼고 목 들어올리기,750,준비운동;본운동;정리운동,성인;어르신;청소년,
런지하며 상체 비틀기,런지하며 상체 비틀기,750,준비운동;본운동;정리운동,성인;청소년,
탄력밴드 당기면서 팔 들어올리기,탄력밴드 당기면서 팔 들어올리기,750,준비운동;본운동;정리운동,성인;어르신,
앉아서 위로 밀기,앉아서 위로 밀기,744,준비운동;본운동;정리운동,성인;어르신;유아기;청소년,
옆으로 다리 뻗기,옆으로 다리 뻗기,737,준비운동;본운동;정리운동,유소년;유아기,
수건 이용하여 장딴지 늘리기,수건 이용하여 장딴지 늘리기,733,준비운동;본운동;정리운동,성인;어르신,
순간반응 콘 찍기,순간반응 콘 찍기,729,준비운동;본운동;정리운동,성인;청소년,
밸런스 볼에 서요,밸런스 볼에 서요,720,준비운동;본운동;정리운동,성인;어르신;유아기,
뒤꿈치 높이들어 뛰기,뒤꿈치 높이들어 뛰기,716,준비운동;본운동;정리운동,성인;유소년;청소년,
짐볼에서 몸통 돌리기,짐볼에서 몸통 돌리기,715,준비운동;본운동;정리운동,어르신;유아기,
서서 균형잡으며 몸통 회전하기,서서 균형잡으며 몸통 회전하기,714,준비운동;본운동;정리운동,성인;유아기,
앞으로 나가며 앉았다 일어서기,앞으로 나가며 앉았다 일어서기,714,준비운동;본운동;정리운동,유소년;유아기,
어깨 양 옆으로 돌리기,어깨 양 옆으로 돌리기,691,준비운동;본운동;정리운동,성인;어르신;유아기,
어깨 올리기,어깨 올리기,685,준비운동;본운동;정리운동,어르신;유아기,
옆으로 굽히기,옆으로 굽히기,676,준비운동;본운동;정리운동,성인;청소년,
다리벌려 풍차돌기,다리벌려 풍차돌기,674,준비운동;본운동;정리운동,성인;청소년,
줄 따라 걷기,줄 따라 걷기,665,준비운동;본운동;정리운동,어르신;유아기;청소년,
지게발 걸어요,지게발 걸어요,665,준비운동;본운동;정리운동,성인;어르신;유아기,
빠르게 무릎들어 뛰기,빠르게 무릎들어 뛰기,663,준비운동;본운동;정리운동,성인;유소년;청소년,
다리 넓게 벌려 앉았다 일어서기,다리 넓게 벌려 앉았다 일어서기,660,준비운동;본운동;정리운동,성인;어르신;유소년;청소년,
발에 밴드걸고 윗몸일으키기,발에 밴드걸고 윗몸일으키기,660,준비운동;본운동;정리운동,성인;유소년;청소년,
깍지 끼고 상체 숙이기,깍지 끼고 상체 숙이기,658,준비운동;본운동;정리운동,어르신;유아기,
짐볼 옆에 두고 어깨 누르기,짐볼 옆에 두고 어깨 누르기,658,준비운동;본운동;정리운동,성인;어르신;유아기,
풍선차기,풍선차기,658,준비운동;본운동;정리운동,어르신;유아기,
머리 뒤로 깍지 끼고 상체 숙이기,머리 뒤로 깍지 끼고 상체 숙이기,657,준비운동;본운동;정리운동,성인;어르신;유소년,
짐볼 앞으로 밀기,짐볼 앞으로 밀기,655,준비운동;본운동;정리운동,어르신;유아기,
의자 앉아 다리로 짐볼 쥐기,의자 앉아 다리로 짐볼 쥐기,644,준비운동;본운동;정리운동,어르신;유아기,
다리 앞뒤로 벌려 굽혔다 펴기,다리 앞뒤로 벌려 굽혔다 펴기,642,준비운동;본운동;정리운동,유소년,
무릎 굽혀 엉덩이 들어올리기,무릎 굽혀 엉덩이 들어올리기,639,준비운동;본운동;정리운동,성인;어르신;유소년;유아기,
라켓으로 공 치며 앞으로 가기,라켓으로 공 치며 앞으로 가기,637,준비운동;본운동;정리운동,유소년,
앉아서 무릎 굽히기,앉아서 무릎 굽히기,623,준비운동;본운동;정리운동,성인;어르신;유소년;청소년,
앉았다 일어서며 팔 들어올리기,앉았다 일어서며 팔 들어올리기,617,준비운동;본운동;정리운동,성인;어르신;청소년,
마주보고 종아리 펴기,마주보고 종아리 펴기,616,준비운동;본운동;정리운동,성인;어르신;청소년,
앉아서 밴드 잡고 몸통 돌리기,앉아서 밴드 잡고 몸통 돌리기,613,준비운동;본운동;정리운동,성인;어르신;유아기,
옆으로 누워 무릎 벌리기,옆으로 누워 무릎 벌리기,604,준비운동;본운동;정리운동,성인;유소년;유아기,
V자 싸이클,V자 싸이클,601,준비운동;본운동;정리운동,성인;청소년,
수건잡고 팔 들어올리기,수건잡고 팔 들어올리기,601,준비운동;본운동;정리운동,성인,
머리 위로 볼 돌리기,머리 위로 볼 돌리기,597,준비운동;본운동;정리운동,청소년,
자세낮춰 이동하기,자세낮춰 이동하기,591,준비운동;본운동;정리운동,청소년,
의자에 앉아 볼 돌리기,의자에 앉아 볼 돌리기,583,준비운동;본운동;정리운동,성인;어르신;유아기,
옆으로 누워 폼롤러 굴려주기,옆으로 누워 폼롤러 굴려주기,577,준비운동;본운동;정리운동,어르신;유아기,
써클휠로 다리 끌어당기기,써클휠로 다리 끌어당기기,575,준비운동;본운동;정리운동,성인;유소년;유아기;청소년,
어깨 누르기,어깨 누르기,575,준비운동;본운동;정리운동,성인;청소년,
겨드랑이 늘리기,겨드랑이 늘리기,572,준비운동;본운동;정리운동,성인;청소년,
짐볼에서 윗몸 일으키기,짐볼에서 윗몸 일으키기,568,준비운동;본운동;정리운동,성인;어르신;유소년;유아기;청소년,
탄력밴드 무릎으로 당기기,탄력밴드 무릎으로 당기기,562,준비운동;본운동;정리운동,어르신;유아기;청소년,
무릎 올려 공 닿기,무릎 올려 공 닿기,560,준비운동;본운동;정리운동,유소년;유아기,
짐볼에서 엉덩이 돌리기,짐볼에서 엉덩이 돌리기,551,준비운동;본운동;정리운동,어르신;유아기;청소년,
점프하며 앞으로 나가기,점프하며 앞으로 나가기,550,준비운동;본운동;정리운동,성인;유소년;유아기,
밴드잡고 머리 위에서 팔꿈치 펴기,밴드잡고 머리 위에서 팔꿈치 펴기,549,준비운동;본운동;정리운동,성인;어르신;유소년;청소년,
폼롤러 앞으로 굴리기,폼롤러 앞으로 굴리기,549,준비운동;본운동;정리운동,성인;어르신;유아기,
다리 옆으로 들어올리기,다리 옆으로 들어올리기,548,준비운동;본운동;정리운동,어르신;유소년;유아기,
한발들어 좌우 돌리기,한발들어 좌우 돌리기,538,준비운동;본운동;정리운동,어르신;청소년,
짐볼 앉기,짐볼 앉기,533,준비운동;본운동;정리운동,어르신;유아기,
전후 교차 뛰기,전후 교차 뛰기,532,준비운동;본운동;정리운동,성인;청소년,
뒷발 의자 올려 굽히기,뒷발 의자 올려 굽히기,530,준비운동;본운동;정리운동,유소년;유아기,
팔 당기기,팔 당기기,523,준비운동;본운동;정리운동,성인;청소년,
베개 밟고 대각방향으로 서기,베개 밟고 대각방향으로 서기,516,준비운동;본운동;정리운동,성인;어르신;유아기,
팔 교대로 올리기,팔 교대로 올리기,511,준비운동;본운동;정리운동,어르신;유아기,
뛰어 밀기,뛰어 밀기,508,준비운동;본운동;정리운동,성인;청소년,
무릎 아래에서 양옆으로 굴리기,무릎 아래에서 양옆으로 굴리기,502,준비운동;본운동;정리운동,어르신;유아기,
밴드 잡고 몸통 옆으로 굽히기,밴드 잡고 몸통 옆으로 굽히기,500,준비운동;본운동;정리운동,성인;어르신;유아기;청소년,
짐볼에 엎드려서 팔 다리 들기,짐볼에 엎드려서 팔 다리 들기,491,준비운동;본운동;정리운동,성인;어르신;유아기,
짐볼 양옆으로 굴리기,짐볼 양옆으로 굴리기,487,준비운동;본운동;정리운동,어르신;유아기,
밴드 잡고 다리 옆으로 벌리기,밴드 잡고 다리 옆으로 벌리기,486,준비운동;본운동;정리운동,유소년;유아기;청소년,
아쿠아로빅-엉덩관절 회전하기,아쿠아로빅-엉덩관절 회전하기,482,준비운동;본운동;정리운동,어르신;유아기,
앞굽이 뛰기,앞굽이 뛰기,479,준비운동;본운동;정리운동,청소년,
바로서서 상체 숙이기,바로서서 상체 숙이기,471,준비운동;본운동;정리운동,성인;어르신;유아기;청소년,
사다리 걷기,사다리 걷기,466,준비운동;본운동;정리운동,어르신;유소년;유아기;청소년,
의자에 앉아 다리 펴서 들어올리기,의자에 앉아 다리 펴서 들어올리기,460,준비운동;본운동;정리운동,어르신;유소년;유아기,
한발 들기,한발 들기,460,준비운동;본운동;정리운동,성인;어르신;유아기,
볼 잡고 몸통 기울이기,볼 잡고 몸통 기울이기,449,준비운동;본운동;정리운동,청소년,
앞발 의자 올려 굽히기,앞발 의자 올려 굽히기,449,준비운동;본운동,성인;유소년;유아기,
짐볼에 다리 올리고 엉덩이 들어올리기,짐볼에 다리 올리고 엉덩이 들어올리기,448,준비운동;본운동;정리운동,성인;청소년,
한 발 들어올리기,한 발 들어올리기,448,준비운동;본운동;정리운동,어르신;청소년,
짐볼 양팔로 밀기,짐볼 양팔로 밀기,447,준비운동;본운동;정리운동,어르신;유아기,
발 뒤꿈치 들어올리기,발 뒤꿈치 들어올리기,435,준비운동;본운동;정리운동,성인;어르신;유소년;유아기,
다리들어 옆으로 올리기,다리들어 옆으로 올리기,434,준비운동;본운동;정리운동,성인;청소년,
짝 운동,짝 운동,432,준비운동;본운동;정리운동,성인;유소년;유아기,
옆으로 누워 가슴 열기,옆으로 누워 가슴 열기,431,준비운동;본운동;정리운동,성인;어르신;유아기,
양팔 크게 벌리기,양팔 크게 벌리기,428,준비운동;본운동;정리운동,성인;청소년,
물당기기/밀기,물당기기/밀기,427,준비운동;본운동;정리운동,성인;어르신,
의자 잡고 반복 옆 뛰기,의자 잡고 반복 옆 뛰기,427,준비운동;본운동;정리운동,성인;유소년;유아기,
의자 앉아 공 밀기,의자 앉아 공 밀기,421,준비운동;본운동;정리운동,어르신;유아기,
가슴 어깨 펴기,가슴 어깨 펴기,418,준비운동;본운동;정리운동,성인;어르신;청소년,
밴드 잡고 무릎펴기,밴드 잡고 무릎펴기,412,준비운동;본운동;정리운동,성인;어르신;유소년;유아기,
공 던져 색깔 맞추기,공 던져 색깔 맞추기,409,준비운동;본운동;정리운동,유소년,
두발모아 걷기,두발모아 걷기,399,준비운동;본운동;정리운동,어르신;유아기;청소년,
볼 위에 앉아 밴드 양옆으로 당기기,볼 위에 앉아 밴드 양옆으로 당기기,399,준비운동;본운동;정리운동,어르신;유아기,
누워서 밀기,누워서 밀기,398,준비운동;본운동;정리운동,성인;어르신;유아기;청소년,
허리 비틀어 앉았다 일어서기,허리 비틀어 앉았다 일어서기,397,준비운동;본운동;정리운동,어르신;유소년;유아기,
스카프 저글링,스카프 저글링,389,준비운동;본운동;정리운동,어르신;유아기,
시소우,시소우,380,준비운동;본운동;정리운동,성인;청소년,
발등 동시에 늘리기,발등 동시에 늘리기,374,준비운동;본운동;정리운동,청소년,
아쿠아로빅-물당기기/밀기,아쿠아로빅-물당기기/밀기,368,준비운동;본운동;정리운동,어르신;유아기,
앞발 들어올리기,앞발 들어올리기,365,준비운동;본운동;정리운동,어르신;유소년;유아기,
밴드 한 발 뒤로 들기,밴드 한 발 뒤로 들기,364,준비운동;본운동;정리운동,성인;어르신;유소년;유아기,
짐볼에 다리 올리고 좌우로 움직이기,짐볼에 다리 올리고 좌우로 움직이기,358,준비운동;본운동;정리운동,성인;어르신;유아기,
고양이 자세,고양이 자세,354,준비운동;본운동;정리운동,성인;어르신;청소년,
나무자세,나무자세,352,준비운동;본운동;정리운동,성인;청소년,
점프 후 버티기,점프 후 버티기,350,준비운동;본운동;정리운동,성인;청소년,
짐볼 들고 양옆으로 돌리기,짐볼 들고 양옆으로 돌리기,347,준비운동;본운동;정리운동,어르신;유아기,
순간반응 콘 찍기 2,순간반응 콘 찍기 2,338,준비운동;본운동;정리운동,성인;유소년;청소년,
앉아서 모으기,앉아서 모으기,333,준비운동;본운동;정리운동,성인;유아기,
베개 밟고 위로 양팔 들기,베개 밟고 위로 양팔 들기,331,준비운동;본운동;정리운동,성인;어르신;유아기,
아쿠아로빅-발 닿기,아쿠아로빅-발 닿기,330,준비운동;본운동;정리운동,어르신;유아기,
베개 밟고 측면으로 양팔 들기,베개 밟고 측면으로 양팔 들기,319,준비운동;본운동;정리운동,어르신;유아기,
목 돌리기,목 돌리기,314,준비운동;본운동;정리운동,성인;청소년,
비스듬히 누워서 밀기,비스듬히 누워서 밀기,313,준비운동;본운동;정리운동,성인;어르신;유아기;청소년,
한 발 끌어당기기,한 발 끌어당기기,309,준비운동;본운동;정리운동,어르신;유소년;청소년,
팔 들어 올리며 런지,팔 들어 올리며 런지,307,준비운동;본운동;정리운동,청소년,
아쿠아로빅-옆구리 늘리기,아쿠아로빅-옆구리 늘리기,300,준비운동;본운동;정리운동,어르신;유아기,
무릎 들어올리기,무릎 들어올리기,298,준비운동;본운동;정리운동,성인;어르신;청소년,
발로 공주고 받기,발로 공주고 받기,296,준비운동;본운동;정리운동,어르신;유아기,
의자 잡고 한발 들기,의자 잡고 한발 들기,295,준비운동;본운동;정리운동,어르신;유아기,
십(十)자 달리기,십(十)자 달리기,290,준비운동;본운동;정리운동,성인;유소년;유아기;청소년,
팔꿈치 원 그리기,팔꿈치 원 그리기,284,준비운동;본운동;정리운동,어르신;청소년,
복식호흡,복식호흡,282,준비운동;본운동;정리운동,성인;청소년,
짐볼 앉아 뒤꿈치 들기,짐볼 앉아 뒤꿈치 들기,282,준비운동;본운동;정리운동,어르신;유아기,
짐볼에 엎드려서 몸통 젖히기,짐볼에 엎드려서 몸통 젖히기,273,준비운동;본운동;정리운동,성인,
아쿠아로빅-몸 기울이기/회전하기,아쿠아로빅-몸 기울이기/회전하기,272,준비운동;본운동;정리운동,어르신;유아기,
볼 튕기면서 스쿼트,볼 튕기면서 스쿼트,268,준비운동;본운동;정리운동,유소년;청소년,
짐볼 앉아 몸통 돌리기,짐볼 앉아 몸통 돌리기,266,준비운동;본운동;정리운동,어르신;유아기;청소년,
발 닿기,발 닿기,257,준비운동;본운동;정리운동,성인;어르신;유소년;청소년,
사이드 스텝 점프하기,사이드 스텝 점프하기,257,준비운동;본운동;정리운동,성인;청소년,
허리 감아 볼 돌리기,허리 감아 볼 돌리기,257,준비운동;본운동;정리운동,어르신;청소년,
물누르기/올리기,물누르기/올리기,255,준비운동;본운동;정리운동,성인;어르신,
누워서 공 뒤로 내리고 당기기,누워서 공 뒤로 내리고 당기기,254,준비운동;본운동;정리운동,어르신;유아기,
웅크리고 앉아 손잡고 상체 숙이기,웅크리고 앉아 손잡고 상체 숙이기,249,준비운동;본운동;정리운동,청소년,
한발로 점프하기,한발로 점프하기,245,준비운동;본운동;정리운동,성인;청소년,
무릎굽혀 원 그리기,무릎굽혀 원 그리기,241,준비운동;본운동;정리운동,성인;청소년,
짐볼 앉아 상체 숙이기,짐볼 앉아 상체 숙이기,238,준비운동;본운동;정리운동,성인;어르신;유아기,
하프콘 투호,하프콘 투호,234,준비운동;본운동;정리운동,어르신;유아기,
좌우 찍기,좌우 찍기,233,준비운동;본운동;정리운동,어르신;유아기,
아쿠아로빅-물누르기/올리기,아쿠아로빅-물누르기/올리기,232,준비운동;본운동;정리운동,어르신;유아기,
거꾸로 누워서 밀기,거꾸로 누워서 밀기,229,준비운동;본운동;정리운동,성인;유아기,
양손 모아 균형 잡기,양손 모아 균형 잡기,229,준비운동;본운동;정리운동,청소년,
의자 잡고 서기,의자 잡고 서기,225,준비운동;본운동;정리운동,어르신;유아기,
양발 점프 착지하기,양발 점프 착지하기,222,준비운동;본운동;정리운동,성인;청소년,
마주보고 상체 좌우 비틀기,마주보고 상체 좌우 비틀기,219,준비운동;본운동;정리운동,청소년,
소머리 자세,소머리 자세,219,준비운동;본운동;정리운동,청소년,
짐볼 앉아 한발 들기,짐볼 앉아 한발 들기,218,준비운동;본운동;정리운동,어르신;유아기,
성화봉송,성화봉송,213,준비운동;본운동;정리운동,어르신;유아기,
전사자세,전사자세,206,준비운동;본운동;정리운동,성인;청소년,
반달자세,반달자세,200,준비운동;본운동;정리운동,성인;청소년,
사이드 한발 뛰기,사이드 한발 뛰기,200,준비운동;본운동;정리운동,성인;청소년,
짐볼 앉아 한손 측면으로 들기,짐볼 앉아 한손 측면으로 들기,199,준비운동;본운동;정리운동,어르신;유아기,
짐볼 윗몸일으키기,짐볼 윗몸일으키기,197,준비운동;본운동;정리운동,성인;청소년,
의자 잡고 측면으로 한발 들기,의자 잡고 측면으로 한발 들기,196,준비운동;본운동;정리운동,어르신;유아기,
짐볼 앉아 양 손 가슴 교차,짐볼 앉아 양 손 가슴 교차,196,준비운동;본운동;정리운동,어르신;유아기,
한 칸 건너뛰며 걷기,한 칸 건너뛰며 걷기,190,준비운동;본운동;정리운동,어르신;유아기;청소년,
앉아서 다리 벌리기,앉아서 다리 벌리기,183,준비운동;본운동;정리운동,성인;어르신;유아기;청소년,
나란히 서서 손잡고 끌어당기기,나란히 서서 손잡고 끌어당기기,179,준비운동;본운동;정리운동,청소년,
빠르게 앞무릎 올리기,빠르게 앞무릎 올리기,179,준비운동;본운동;정리운동,성인;어르신;청소년,
앉아서 다리 모으기,앉아서 다리 모으기,178,준비운동;본운동;정리운동,성인;어르신;유아기;청소년,
몸 기울이기/회전하기,몸 기울이기/회전하기,177,준비운동;본운동;정리운동,성인;어르신;유소년;청소년,
양발 교차 올리기,양발 교차 올리기,174,준비운동;본운동;정리운동,청소년,
짐볼 앉아 한발 내딛기,짐볼 앉아 한발 내딛기,174,준비운동;본운동;정리운동,어르신;유아기,
레그 스윙,레그 스윙,173,준비운동;본운동;정리운동,청소년,
다리 뻗어 점프하기,다리 뻗어 점프하기,171,준비운동;본운동;정리운동,성인;유소년;청소년,
양발 나란히 서기,양발 나란히 서기,171,준비운동;본운동;정리운동,성인;어르신;유아기,
좌우 양발모아 점프하기,좌우 양발모아 점프하기,170,준비운동;본운동;정리운동,성인;청소년,
다리 교대로 들어올리기,다리 교대로 들어올리기,164,준비운동;본운동;정리운동,성인;유소년;청소년,
의자에 앉아 물병 들고 몸통 돌리기,의자에 앉아 물병 들고 몸통 돌리기,157,본운동;정리운동,어르신;청소년,
한 발 뒤로 들어올리기,한 발 뒤로 들어올리기,157,준비운동;본운동;정리운동,청소년,
짐볼 앉아 양손 대각방향으로 들기,짐볼 앉아 양손 대각방향으로 들기,156,준비운동;본운동;정리운동,어르신;유아기,
짐볼 앉아 양손 측면으로 들기,짐볼 앉아 양손 측면으로 들기,152,준비운동;본운동,어르신;유아기,
팔굽혀펴기 후 점프하기,팔굽혀펴기 후 점프하기,148,준비운동;본운동;정리운동,성인;청소년,
합장하여 앞으로 숙이기,합장하여 앞으로 숙이기,145,준비운동;본운동;정리운동,성인;청소년,
스타 투 니 풀,스타 투 니 풀,137,준비운동;본운동;정리운동,청소년,
앞차기하며 뛰기,앞차기하며 뛰기,137,준비운동;본운동;정리운동,청소년,
백 슬라이드,백 슬라이드,134,준비운동;본운동;정리운동,청소년,
누워 무릎 교차 올리기,누워 무릎 교차 올리기,133,준비운동;본운동;정리운동,청소년,
짐볼 전완대고 버티기,짐볼 전완대고 버티기,132,준비운동;본운동;정리운동,성인;청소년,
볼 잡고 점프하기,볼 잡고 점프하기,127,준비운동;본운동;정리운동,청소년,
스카프 라인,스카프 라인,127,준비운동;본운동;정리운동,어르신;유아기,
목 굽힘/ 폄 I,목 굽힘/ 폄 I,116,준비운동;본운동;정리운동,성인;어르신;청소년,
측면 팔대고 버티기,측면 팔대고 버티기,110,준비운동;본운동;정리운동,성인;청소년,
회전 초승달 자세,회전 초승달 자세,108,준비운동;본운동;정리운동,청소년,
물고기 자세,물고기 자세,107,준비운동;본운동;정리운동,청소년,
종아리 사이 감아 돌리기,종아리 사이 감아 돌리기,107,준비운동;본운동;정리운동,청소년,
좌우 이동하며 팔굽혀펴기,좌우 이동하며 팔굽혀펴기,105,준비운동;본운동;정리운동,성인;청소년,
연속 하향 점프하기,연속 하향 점프하기,99,준비운동;본운동;정리운동,청소년,
회전근개 스트레칭2,회전근개 스트레칭2,98,준비운동;본운동;정리운동,성인;어르신,
허리 비틀어 볼 주고받기,허리 비틀어 볼 주고받기,94,준비운동;본운동;정리운동,청소년,
계이름 치기,계이름 치기,90,준비운동;본운동;정리운동,유소년,
짐볼 배에 대고 버티기,짐볼 배에 대고 버티기,90,준비운동;본운동;정리운동,성인;청소년,
전갈자세,전갈자세,83,준비운동;본운동;정리운동,청소년,
목 굽힘/ 폄 III,목 굽힘/ 폄 III,79,준비운동;본운동;정리운동,성인;어르신;유아기,
누워 한발 원 그리기,누워 한발 원 그리기,72,본운동;정리운동,성인;청소년,
목 굽힘/ 폄 II,목 굽힘/ 폄 II,69,준비운동;본운동;정리운동,성인;어르신;유아기,
메디신 볼 잡고 팔굽혀펴기,메디신 볼 잡고 팔굽혀펴기,65,준비운동;본운동;정리운동,청소년,
메디신 볼 잡고 런지하며 상체비틀기,메디신 볼 잡고 런지하며 상체비틀기,52,준비운동;본운동;정리운동,유소년;청소년,
좌 우 굴곡(목 좌 우 굴곡),좌 우 굴곡(목 좌 우 굴곡),9,정리운동,성인,
공에 엎드려서 상체 들어올리기,공에 엎드려서 상체 들어올리기,8,본운동;정리운동,성인,
좌 우 회전(목 좌 우 회전),좌 우 회전(목 좌 우 회전),6,준비운동;정리운동,성인,
앞 뒤 굴곡(목 앞 뒤 굴곡),앞 뒤 굴곡(목 앞 뒤 굴곡),2,준비운동,성인,
