age_group,sex,age,grade,n,ratio
성인,F,19,1등급,472,0.0784
성인,F,19,2등급,798,0.1326
성인,F,19,3등급,1397,0.2321
성인,F,19,참가,1488,0.2472
성인,F,20,1등급,424,0.0838
성인,F,20,2등급,735,0.1452
성인,F,20,3등급,1211,0.2393
성인,F,20,참가,1295,0.2559
성인,F,21,1등급,403,0.0812
성인,F,21,2등급,830,0.1672
성인,F,21,3등급,1292,0.2603
성인,F,21,참가,1148,0.2313
성인,F,22,1등급,463,0.0723
성인,F,22,2등급,1160,0.1811
성인,F,22,3등급,1950,0.3044
성인,F,22,참가,1457,0.2274
성인,F,23,1등급,559,0.0722
성인,F,23,2등급,1374,0.1774
성인,F,23,3등급,2519,0.3252
성인,F,23,참가,1745,0.2252
성인,F,24,1등급,612,0.0731
성인,F,24,2등급,1516,0.1811
성인,F,24,3등급,2732,0.3263
성인,F,24,참가,1774,0.2119
성인,F,25,1등급,874,0.1258
성인,F,25,2등급,1506,0.2168
성인,F,25,3등급,2076,0.2989
성인,F,25,참가,1152,0.1659
성인,F,26,1등급,614,0.1194
성인,F,26,2등급,1197,0.2328
성인,F,26,3등급,1485,0.2889
성인,F,26,참가,784,0.1525
성인,F,27,1등급,446,0.1163
성인,F,27,2등급,792,0.2065
성인,F,27,3등급,1121,0.2923
성인,F,27,참가,585,0.1525
성인,F,28,1등급,351,0.1136
성인,F,28,2등급,624,0.2019
성인,F,28,3등급,801,0.2592
성인,F,28,참가,516,0.167
성인,F,29,1등급,238,0.0928
성인,F,29,2등급,512,0.1996
성인,F,29,3등급,651,0.2538
성인,F,29,참가,418,0.163
성인,F,30,1등급,237,0.1074
성인,F,30,2등급,435,0.1972
성인,F,30,3등급,550,0.2493
성인,F,30,참가,304,0.1378
성인,F,31,1등급,206,0.1078
성인,F,31,2등급,341,0.1784
성인,F,31,3등급,451,0.236
성인,F,31,참가,298,0.1559
성인,F,32,1등급,155,0.0917
성인,F,32,2등급,294,0.1739
성인,F,32,3등급,400,0.2365
성인,F,32,참가,285,0.1685
성인,F,33,1등급,170,0.1082
성인,F,33,2등급,249,0.1585
성인,F,33,3등급,378,0.2406
성인,F,33,참가,230,0.1464
성인,F,34,1등급,107,0.0782
성인,F,34,2등급,239,0.1747
성인,F,34,3등급,303,0.2215
성인,F,34,참가,224,0.1637
성인,F,35,1등급,113,0.0911
성인,F,35,2등급,240,0.1934
성인,F,35,3등급,258,0.2079
성인,F,35,참가,194,0.1563
성인,F,36,1등급,112,0.0914
성인,F,36,2등급,196,0.1599
성인,F,36,3등급,268,0.2186
성인,F,36,참가,209,0.1705
성인,F,37,1등급,116,0.0972
성인,F,37,2등급,174,0.1457
성인,F,37,3등급,259,0.2169
성인,F,37,참가,214,0.1792
성인,F,38,1등급,105,0.0859
성인,F,38,2등급,206,0.1684
성인,F,38,3등급,259,0.2118
성인,F,38,참가,204,0.1668
성인,F,39,1등급,96,0.0891
성인,F,39,2등급,147,0.1365
성인,F,39,3등급,223,0.2071
성인,F,39,참가,184,0.1708
성인,F,40,1등급,99,0.0835
성인,F,40,2등급,152,0.1282
성인,F,40,3등급,270,0.2277
성인,F,40,참가,196,0.1653
성인,F,41,1등급,93,0.073
성인,F,41,2등급,154,0.1209
성인,F,41,3등급,279,0.219
성인,F,41,참가,266,0.2088
성인,F,42,1등급,112,0.0765
성인,F,42,2등급,210,0.1434
성인,F,42,3등급,334,0.2281
성인,F,42,참가,264,0.1803
성인,F,43,1등급,113,0.0707
성인,F,43,2등급,231,0.1445
성인,F,43,3등급,320,0.2001
성인,F,43,참가,276,0.1726
성인,F,44,1등급,112,0.0702
성인,F,44,2등급,208,0.1304
성인,F,44,3등급,333,0.2088
성인,F,44,참가,339,0.2125
성인,F,45,1등급,127,0.0774
성인,F,45,2등급,239,0.1457
성인,F,45,3등급,346,0.211
성인,F,45,참가,306,0.1866
성인,F,46,1등급,105,0.0678
성인,F,46,2등급,234,0.1511
성인,F,46,3등급,322,0.2079
성인,F,46,참가,290,0.1872
성인,F,47,1등급,111,0.0773
성인,F,47,2등급,206,0.1435
성인,F,47,3등급,279,0.1943
성인,F,47,참가,282,0.1964
성인,F,48,1등급,99,0.0655
성인,F,48,2등급,227,0.1501
성인,F,48,3등급,305,0.2017
성인,F,48,참가,319,0.211
성인,F,49,1등급,93,0.0553
성인,F,49,2등급,249,0.148
성인,F,49,3등급,353,0.2097
성인,F,49,참가,383,0.2276
성인,F,50,1등급,162,0.0873
성인,F,50,2등급,282,0.1519
성인,F,50,3등급,388,0.2091
성인,F,50,참가,399,0.215
성인,F,51,1등급,181,0.0873
성인,F,51,2등급,310,0.1495
성인,F,51,3등급,393,0.1896
성인,F,51,참가,454,0.219
성인,F,52,1등급,144,0.0727
성인,F,52,2등급,276,0.1394
성인,F,52,3등급,374,0.1889
성인,F,52,참가,469,0.2369
성인,F,53,1등급,157,0.0711
성인,F,53,2등급,309,0.1399
성인,F,53,3등급,446,0.202
성인,F,53,참가,503,0.2278
성인,F,54,1등급,168,0.0674
성인,F,54,2등급,324,0.13
성인,F,54,3등급,497,0.1994
성인,F,54,참가,613,0.2459
성인,F,55,1등급,233,0.0918
성인,F,55,2등급,425,0.1675
성인,F,55,3등급,497,0.1958
성인,F,55,참가,538,0.212
성인,F,56,1등급,213,0.0867
성인,F,56,2등급,370,0.1506
성인,F,56,3등급,451,0.1836
성인,F,56,참가,498,0.2027
성인,F,57,1등급,170,0.0749
성인,F,57,2등급,328,0.1446
성인,F,57,3등급,428,0.1886
성인,F,57,참가,430,0.1895
성인,F,58,1등급,150,0.0739
성인,F,58,2등급,310,0.1527
성인,F,58,3등급,371,0.1828
성인,F,58,참가,425,0.2094
성인,F,59,1등급,128,0.066
성인,F,59,2등급,285,0.1471
성인,F,59,3등급,360,0.1858
성인,F,59,참가,422,0.2178
성인,F,60,1등급,207,0.0861
성인,F,60,2등급,353,0.1469
성인,F,60,3등급,454,0.1889
성인,F,60,참가,474,0.1973
성인,F,61,1등급,186,0.0858
성인,F,61,2등급,315,0.1453
성인,F,61,3등급,413,0.1905
성인,F,61,참가,471,0.2173
성인,F,62,1등급,134,0.0682
성인,F,62,2등급,273,0.139
성인,F,62,3등급,364,0.1853
성인,F,62,참가,461,0.2347
성인,F,63,1등급,151,0.0754
성인,F,63,2등급,260,0.1298
성인,F,63,3등급,348,0.1737
성인,F,63,참가,436,0.2177
성인,F,64,1등급,134,0.0617
성인,F,64,2등급,297,0.1367
성인,F,64,3등급,354,0.163
성인,F,64,참가,513,0.2362
성인,M,19,1등급,1037,0.044
성인,M,19,2등급,2835,0.1204
성인,M,19,3등급,4955,0.2104
성인,M,19,참가,6783,0.288
성인,M,20,1등급,531,0.0392
성인,M,20,2등급,1693,0.1249
성인,M,20,3등급,2938,0.2167
성인,M,20,참가,3472,0.2561
성인,M,21,1등급,294,0.039
성인,M,21,2등급,878,0.1165
성인,M,21,3등급,1585,0.2104
성인,M,21,참가,1853,0.2459
성인,M,22,1등급,227,0.0372
성인,M,22,2등급,702,0.115
성인,M,22,3등급,1285,0.2105
성인,M,22,참가,1610,0.2638
성인,M,23,1등급,184,0.0383
성인,M,23,2등급,545,0.1134
성인,M,23,3등급,999,0.2079
성인,M,23,참가,1463,0.3044
성인,M,24,1등급,161,0.031
성인,M,24,2등급,581,0.1119
성인,M,24,3등급,1126,0.2168
성인,M,24,참가,1540,0.2966
성인,M,25,1등급,269,0.0512
성인,M,25,2등급,724,0.1377
성인,M,25,3등급,1228,0.2335
성인,M,25,참가,1285,0.2444
성인,M,26,1등급,270,0.0554
성인,M,26,2등급,669,0.1371
성인,M,26,3등급,1134,0.2325
성인,M,26,참가,1109,0.2273
성인,M,27,1등급,255,0.0507
성인,M,27,2등급,700,0.1391
성인,M,27,3등급,1109,0.2204
성인,M,27,참가,1188,0.2361
성인,M,28,1등급,283,0.0565
성인,M,28,2등급,760,0.1518
성인,M,28,3등급,1106,0.2209
성인,M,28,참가,1062,0.2121
성인,M,29,1등급,235,0.0449
성인,M,29,2등급,735,0.1405
성인,M,29,3등급,1182,0.226
성인,M,29,참가,1161,0.2219
성인,M,30,1등급,398,0.0779
성인,M,30,2등급,919,0.18
성인,M,30,3등급,1059,0.2074
성인,M,30,참가,1041,0.2039
성인,M,31,1등급,391,0.0782
성인,M,31,2등급,853,0.1706
성인,M,31,3등급,1030,0.206
성인,M,31,참가,947,0.1894
성인,M,32,1등급,373,0.0775
성인,M,32,2등급,800,0.1661
성인,M,32,3등급,998,0.2073
성인,M,32,참가,931,0.1934
성인,M,33,1등급,336,0.0767
성인,M,33,2등급,743,0.1697
성인,M,33,3등급,870,0.1987
성인,M,33,참가,786,0.1795
성인,M,34,1등급,266,0.0688
성인,M,34,2등급,653,0.169
성인,M,34,3등급,786,0.2034
성인,M,34,참가,769,0.199
성인,M,35,1등급,286,0.0829
성인,M,35,2등급,614,0.178
성인,M,35,3등급,673,0.1951
성인,M,35,참가,652,0.189
성인,M,36,1등급,306,0.0951
성인,M,36,2등급,513,0.1594
성인,M,36,3등급,625,0.1942
성인,M,36,참가,659,0.2048
성인,M,37,1등급,230,0.0781
성인,M,37,2등급,492,0.1671
성인,M,37,3등급,591,0.2007
성인,M,37,참가,592,0.2011
성인,M,38,1등급,293,0.1038
성인,M,38,2등급,461,0.1633
성인,M,38,3등급,562,0.1991
성인,M,38,참가,544,0.1927
성인,M,39,1등급,240,0.0894
성인,M,39,2등급,459,0.171
성인,M,39,3등급,514,0.1915
성인,M,39,참가,512,0.1908
성인,M,40,1등급,244,0.0991
성인,M,40,2등급,409,0.1662
성인,M,40,3등급,445,0.1808
성인,M,40,참가,501,0.2036
성인,M,41,1등급,199,0.0799
성인,M,41,2등급,371,0.1489
성인,M,41,3등급,505,0.2026
성인,M,41,참가,548,0.2199
성인,M,42,1등급,185,0.0735
성인,M,42,2등급,422,0.1676
성인,M,42,3등급,520,0.2065
성인,M,42,참가,509,0.2021
성인,M,43,1등급,208,0.0792
성인,M,43,2등급,413,0.1573
성인,M,43,3등급,532,0.2026
성인,M,43,참가,555,0.2113
성인,M,44,1등급,164,0.0649
성인,M,44,2등급,370,0.1464
성인,M,44,3등급,546,0.2161
성인,M,44,참가,519,0.2054
성인,M,45,1등급,260,0.0929
성인,M,45,2등급,469,0.1676
성인,M,45,3등급,511,0.1826
성인,M,45,참가,611,0.2183
성인,M,46,1등급,182,0.0783
성인,M,46,2등급,371,0.1596
성인,M,46,3등급,473,0.2034
성인,M,46,참가,484,0.2082
성인,M,47,1등급,170,0.0835
성인,M,47,2등급,336,0.165
성인,M,47,3등급,406,0.1994
성인,M,47,참가,424,0.2083
성인,M,48,1등급,163,0.083
성인,M,48,2등급,295,0.1502
성인,M,48,3등급,351,0.1787
성인,M,48,참가,442,0.2251
성인,M,49,1등급,106,0.056
성인,M,49,2등급,256,0.1353
성인,M,49,3등급,370,0.1956
성인,M,49,참가,418,0.2209
성인,M,50,1등급,164,0.0827
성인,M,50,2등급,351,0.1769
성인,M,50,3등급,403,0.2031
성인,M,50,참가,406,0.2046
성인,M,51,1등급,130,0.0654
성인,M,51,2등급,302,0.1519
성인,M,51,3등급,423,0.2128
성인,M,51,참가,404,0.2032
성인,M,52,1등급,152,0.0722
성인,M,52,2등급,345,0.164
성인,M,52,3등급,468,0.2224
성인,M,52,참가,428,0.2034
성인,M,53,1등급,113,0.0549
성인,M,53,2등급,326,0.1583
성인,M,53,3등급,418,0.203
성인,M,53,참가,459,0.2229
성인,M,54,1등급,109,0.054
성인,M,54,2등급,294,0.1455
성인,M,54,3등급,430,0.2129
성인,M,54,참가,458,0.2267
성인,M,55,1등급,161,0.0791
성인,M,55,2등급,394,0.1935
성인,M,55,3등급,362,0.1778
성인,M,55,참가,450,0.221
성인,M,56,1등급,145,0.0741
성인,M,56,2등급,329,0.1681
성인,M,56,3등급,398,0.2034
성인,M,56,참가,405,0.2069
성인,M,57,1등급,117,0.0679
성인,M,57,2등급,290,0.1684
성인,M,57,3등급,362,0.2102
성인,M,57,참가,359,0.2085
성인,M,58,1등급,118,0.075
성인,M,58,2등급,240,0.1526
성인,M,58,3등급,337,0.2142
성인,M,58,참가,357,0.227
성인,M,59,1등급,132,0.067
성인,M,59,2등급,311,0.1579
성인,M,59,3등급,464,0.2357
성인,M,59,참가,410,0.2082
성인,M,60,1등급,440,0.1102
성인,M,60,2등급,943,0.2362
성인,M,60,3등급,893,0.2236
성인,M,60,참가,740,0.1853
성인,M,61,1등급,322,0.1021
성인,M,61,2등급,731,0.2318
성인,M,61,3등급,714,0.2264
성인,M,61,참가,565,0.1791
성인,M,62,1등급,296,0.0907
성인,M,62,2등급,794,0.2433
성인,M,62,3등급,742,0.2274
성인,M,62,참가,603,0.1848
성인,M,63,1등급,303,0.088
성인,M,63,2등급,810,0.2353
성인,M,63,3등급,794,0.2306
성인,M,63,참가,656,0.1905
성인,M,64,1등급,257,0.0753
성인,M,64,2등급,770,0.2256
성인,M,64,3등급,805,0.2359
성인,M,64,참가,742,0.2174
어르신,F,65,1등급,331,0.0921
어르신,F,65,2등급,839,0.2334
어르신,F,65,3등급,1017,0.2829
어르신,F,65,참가,448,0.1246
어르신,F,66,1등급,295,0.1014
어르신,F,66,2등급,642,0.2208
어르신,F,66,3등급,737,0.2534
어르신,F,66,참가,403,0.1386
어르신,F,67,1등급,251,0.089
어르신,F,67,2등급,588,0.2086
어르신,F,67,3등급,695,0.2465
어르신,F,67,참가,413,0.1465
어르신,F,68,1등급,202,0.0723
어르신,F,68,2등급,527,0.1888
어르신,F,68,3등급,741,0.2654
어르신,F,68,참가,442,0.1583
어르신,F,69,1등급,192,0.0704
어르신,F,69,2등급,504,0.1848
어르신,F,69,3등급,638,0.234
어르신,F,69,참가,464,0.1702
어르신,F,70,1등급,283,0.1117
어르신,F,70,2등급,584,0.2305
어르신,F,70,3등급,625,0.2466
어르신,F,70,참가,333,0.1314
어르신,F,71,1등급,274,0.1114
어르신,F,71,2등급,537,0.2184
어르신,F,71,3등급,588,0.2391
어르신,F,71,참가,311,0.1265
어르신,F,72,1등급,222,0.0941
어르신,F,72,2등급,537,0.2275
어르신,F,72,3등급,578,0.2449
어르신,F,72,참가,381,0.1614
어르신,F,73,1등급,172,0.0832
어르신,F,73,2등급,418,0.2022
어르신,F,73,3등급,471,0.2279
어르신,F,73,참가,327,0.1582
어르신,F,74,1등급,130,0.0668
어르신,F,74,2등급,363,0.1866
어르신,F,74,3등급,451,0.2319
어르신,F,74,참가,383,0.1969
어르신,F,75,1등급,290,0.1536
어르신,F,75,2등급,431,0.2283
어르신,F,75,3등급,431,0.2283
어르신,F,75,참가,287,0.152
어르신,F,76,1등급,264,0.1404
어르신,F,76,2등급,425,0.2261
어르신,F,76,3등급,399,0.2122
어르신,F,76,참가,284,0.1511
어르신,F,77,1등급,211,0.1175
어르신,F,77,2등급,352,0.196
어르신,F,77,3등급,384,0.2138
어르신,F,77,참가,294,0.1637
어르신,F,78,1등급,134,0.0864
어르신,F,78,2등급,298,0.1921
어르신,F,78,3등급,294,0.1896
어르신,F,78,참가,274,0.1767
어르신,F,79,1등급,90,0.0689
어르신,F,79,2등급,205,0.1568
어르신,F,79,3등급,268,0.205
어르신,F,79,참가,257,0.1966
어르신,F,80,1등급,138,0.1345
어르신,F,80,2등급,202,0.1969
어르신,F,80,3등급,195,0.1901
어르신,F,80,참가,173,0.1686
어르신,F,81,1등급,125,0.122
어르신,F,81,2등급,178,0.1737
어르신,F,81,3등급,196,0.1912
어르신,F,81,참가,202,0.1971
어르신,F,82,1등급,88,0.1
어르신,F,82,2등급,151,0.1716
어르신,F,82,3등급,159,0.1807
어르신,F,82,참가,209,0.2375
어르신,F,83,1등급,64,0.0744
어르신,F,83,2등급,136,0.1581
어르신,F,83,3등급,131,0.1523
어르신,F,83,참가,205,0.2384
어르신,F,84,1등급,31,0.0473
어르신,F,84,2등급,82,0.125
어르신,F,84,3등급,110,0.1677
어르신,F,84,참가,148,0.2256
어르신,F,85,1등급,47,0.0841
어르신,F,85,2등급,99,0.1771
어르신,F,85,3등급,85,0.1521
어르신,F,85,참가,127,0.2272
어르신,F,86,1등급,38,0.0793
어르신,F,86,2등급,60,0.1253
어르신,F,86,3등급,65,0.1357
어르신,F,86,참가,115,0.2401
어르신,F,87,1등급,21,0.0598
어르신,F,87,2등급,42,0.1197
어르신,F,87,3등급,50,0.1425
어르신,F,87,참가,82,0.2336
어르신,F,88,1등급,12,0.0463
어르신,F,88,2등급,31,0.1197
어르신,F,88,3등급,34,0.1313
어르신,F,88,참가,68,0.2625
어르신,F,89,1등급,3,0.0157
어르신,F,89,2등급,17,0.089
어르신,F,89,3등급,20,0.1047
어르신,F,89,참가,55,0.288
어르신,F,90,1등급,8,0.0556
어르신,F,90,2등급,7,0.0486
어르신,F,90,3등급,12,0.0833
어르신,F,90,참가,51,0.3542
어르신,F,91,1등급,2,0.0179
어르신,F,91,2등급,3,0.0268
어르신,F,91,3등급,10,0.0893
어르신,F,91,참가,23,0.2054
어르신,F,92,1등급,2,0.027
어르신,F,92,2등급,3,0.0405
어르신,F,92,3등급,5,0.0676
어르신,F,92,참가,19,0.2568
어르신,F,93,1등급,0,0.0
어르신,F,93,2등급,2,0.0526
어르신,F,93,3등급,4,0.1053
어르신,F,93,참가,16,0.4211
어르신,F,94,1등급,0,0.0
어르신,F,94,2등급,0,0.0
어르신,F,94,3등급,1,0.027
어르신,F,94,참가,20,0.5405
어르신,F,95,1등급,0,0.0
어르신,F,95,2등급,1,0.0345
어르신,F,95,3등급,3,0.1034
어르신,F,95,참가,8,0.2759
어르신,F,96,1등급,0,0.0
어르신,F,96,2등급,0,0.0
어르신,F,96,3등급,0,0.0
어르신,F,96,참가,4,0.4
어르신,F,97,1등급,0,0.0
어르신,F,97,2등급,0,0.0
어르신,F,97,3등급,0,0.0
어르신,F,97,참가,2,0.25
어르신,F,98,1등급,0,0.0
어르신,F,98,2등급,0,0.0
어르신,F,98,3등급,0,0.0
어르신,F,98,참가,3,0.375
어르신,F,99,1등급,0,0.0
어르신,F,99,2등급,0,0.0
어르신,F,99,3등급,0,0.0
어르신,F,99,참가,1,0.5
어르신,F,100,1등급,0,0.0
어르신,F,100,2등급,0,0.0
어르신,F,100,3등급,0,0.0
어르신,F,100,참가,0,0.0
어르신,F,101,1등급,0,0.0
어르신,F,101,2등급,0,0.0
어르신,F,101,3등급,0,0.0
어르신,F,101,참가,2,0.6667
어르신,F,102,1등급,0,0.0
어르신,F,102,2등급,0,0.0
어르신,F,102,3등급,0,0.0
어르신,F,102,참가,0,0.0
어르신,F,103,1등급,0,0.0
어르신,F,103,2등급,0,0.0
어르신,F,103,3등급,0,0.0
어르신,F,103,참가,0,0.0
어르신,F,377,1등급,0,0.0
어르신,F,377,2등급,0,0.0
어르신,F,377,3등급,0,0.0
어르신,F,377,참가,1,1.0
어르신,F,378,1등급,1,1.0
어르신,F,378,2등급,0,0.0
어르신,F,378,3등급,0,0.0
어르신,F,378,참가,0,0.0
어르신,F,972,1등급,1,1.0
어르신,F,972,2등급,0,0.0
어르신,F,972,3등급,0,0.0
어르신,F,972,참가,0,0.0
어르신,F,976,1등급,0,0.0
어르신,F,976,2등급,0,0.0
어르신,F,976,3등급,1,1.0
어르신,F,976,참가,0,0.0
어르신,F,984,1등급,0,0.0
어르신,F,984,2등급,0,0.0
어르신,F,984,3등급,0,0.0
어르신,F,984,참가,1,1.0
어르신,F,1081,1등급,0,0.0
어르신,F,1081,2등급,0,0.0
어르신,F,1081,3등급,0,0.0
어르신,F,1081,참가,0,0.0
어르신,M,65,1등급,965,0.1877
어르신,M,65,2등급,1633,0.3176
어르신,M,65,3등급,1354,0.2634
어르신,M,65,참가,477,0.0928
어르신,M,66,1등급,731,0.1791
어르신,M,66,2등급,1201,0.2943
어르신,M,66,3등급,1072,0.2627
어르신,M,66,참가,443,0.1086
어르신,M,67,1등급,676,0.1766
어르신,M,67,2등급,1120,0.2926
어르신,M,67,3등급,966,0.2524
어르신,M,67,참가,407,0.1063
어르신,M,68,1등급,538,0.1632
어르신,M,68,2등급,943,0.2861
어르신,M,68,3등급,877,0.2661
어르신,M,68,참가,341,0.1035
어르신,M,69,1등급,418,0.1437
어르신,M,69,2등급,757,0.2603
어르신,M,69,3등급,794,0.273
어르신,M,69,참가,387,0.1331
어르신,M,70,1등급,599,0.2224
어르신,M,70,2등급,754,0.28
어르신,M,70,3등급,604,0.2243
어르신,M,70,참가,259,0.0962
어르신,M,71,1등급,427,0.1916
어르신,M,71,2등급,602,0.2701
어르신,M,71,3등급,569,0.2553
어르신,M,71,참가,241,0.1081
어르신,M,72,1등급,331,0.156
어르신,M,72,2등급,543,0.2559
어르신,M,72,3등급,551,0.2597
어르신,M,72,참가,302,0.1423
어르신,M,73,1등급,274,0.142
어르신,M,73,2등급,450,0.2333
어르신,M,73,3등급,546,0.283
어르신,M,73,참가,232,0.1203
어르신,M,74,1등급,218,0.1359
어르신,M,74,2등급,382,0.2382
어르신,M,74,3등급,403,0.2512
어르신,M,74,참가,263,0.164
어르신,M,75,1등급,285,0.1865
어르신,M,75,2등급,389,0.2546
어르신,M,75,3등급,376,0.2461
어르신,M,75,참가,187,0.1224
어르신,M,76,1등급,230,0.1675
어르신,M,76,2등급,354,0.2578
어르신,M,76,3등급,312,0.2272
어르신,M,76,참가,176,0.1282
어르신,M,77,1등급,179,0.1441
어르신,M,77,2등급,292,0.2351
어르신,M,77,3등급,323,0.2601
어르신,M,77,참가,206,0.1659
어르신,M,78,1등급,150,0.1318
어르신,M,78,2등급,221,0.1942
어르신,M,78,3등급,286,0.2513
어르신,M,78,참가,182,0.1599
어르신,M,79,1등급,83,0.1057
어르신,M,79,2등급,158,0.2013
어르신,M,79,3등급,200,0.2548
어르신,M,79,참가,137,0.1745
어르신,M,80,1등급,112,0.1635
어르신,M,80,2등급,177,0.2584
어르신,M,80,3등급,151,0.2204
어르신,M,80,참가,109,0.1591
어르신,M,81,1등급,82,0.1285
어르신,M,81,2등급,143,0.2241
어르신,M,81,3등급,145,0.2273
어르신,M,81,참가,112,0.1755
어르신,M,82,1등급,72,0.1173
어르신,M,82,2등급,134,0.2182
어르신,M,82,3등급,133,0.2166
어르신,M,82,참가,126,0.2052
어르신,M,83,1등급,42,0.0888
어르신,M,83,2등급,94,0.1987
어르신,M,83,3등급,102,0.2156
어르신,M,83,참가,81,0.1712
어르신,M,84,1등급,25,0.0708
어르신,M,84,2등급,63,0.1785
어르신,M,84,3등급,79,0.2238
어르신,M,84,참가,69,0.1955
어르신,M,85,1등급,39,0.1489
어르신,M,85,2등급,44,0.1679
어르신,M,85,3등급,56,0.2137
어르신,M,85,참가,49,0.187
어르신,M,86,1등급,22,0.1063
어르신,M,86,2등급,38,0.1836
어르신,M,86,3등급,42,0.2029
어르신,M,86,참가,38,0.1836
어르신,M,87,1등급,10,0.0606
어르신,M,87,2등급,16,0.097
어르신,M,87,3등급,27,0.1636
어르신,M,87,참가,40,0.2424
어르신,M,88,1등급,17,0.1735
어르신,M,88,2등급,10,0.102
어르신,M,88,3등급,17,0.1735
어르신,M,88,참가,22,0.2245
어르신,M,89,1등급,6,0.0606
어르신,M,89,2등급,11,0.1111
어르신,M,89,3등급,15,0.1515
어르신,M,89,참가,30,0.303
어르신,M,90,1등급,0,0.0
어르신,M,90,2등급,5,0.0893
어르신,M,90,3등급,8,0.1429
어르신,M,90,참가,11,0.1964
어르신,M,91,1등급,1,0.0345
어르신,M,91,2등급,2,0.069
어르신,M,91,3등급,4,0.1379
어르신,M,91,참가,9,0.3103
어르신,M,92,1등급,0,0.0
어르신,M,92,2등급,3,0.1667
어르신,M,92,3등급,1,0.0556
어르신,M,92,참가,11,0.6111
어르신,M,93,1등급,1,0.0476
어르신,M,93,2등급,3,0.1429
어르신,M,93,3등급,0,0.0
어르신,M,93,참가,7,0.3333
어르신,M,94,1등급,1,0.0667
어르신,M,94,2등급,0,0.0
어르신,M,94,3등급,0,0.0
어르신,M,94,참가,4,0.2667
어르신,M,95,1등급,0,0.0
어르신,M,95,2등급,0,0.0
어르신,M,95,3등급,1,0.3333
어르신,M,95,참가,1,0.3333
어르신,M,96,1등급,0,0.0
어르신,M,96,2등급,1,0.5
어르신,M,96,3등급,0,0.0
어르신,M,96,참가,1,0.5
어르신,M,97,1등급,0,0.0
어르신,M,97,2등급,0,0.0
어르신,M,97,3등급,0,0.0
어르신,M,97,참가,12,0.9231
어르신,M,98,1등급,0,0.0
어르신,M,98,2등급,0,0.0
어르신,M,98,3등급,0,0.0
어르신,M,98,참가,1,1.0
어르신,M,99,1등급,0,0.0
어르신,M,99,2등급,0,0.0
어르신,M,99,3등급,0,0.0
어르신,M,99,참가,1,1.0
어르신,M,100,1등급,0,0.0
어르신,M,100,2등급,0,0.0
어르신,M,100,3등급,0,0.0
어르신,M,100,참가,2,1.0
어르신,M,1071,1등급,0,0.0
어르신,M,1071,2등급,0,0.0
어르신,M,1071,3등급,0,0.0
어르신,M,1071,참가,1,1.0
유소년,F,11,1등급,912,0.0322
유소년,F,11,2등급,2785,0.0983
유소년,F,11,3등급,6462,0.2282
유소년,F,11,참가,18164,0.6413
유소년,F,12,1등급,476,0.0428
유소년,F,12,2등급,1097,0.0987
유소년,F,12,3등급,1803,0.1623
유소년,F,12,참가,7733,0.6961
유소년,M,11,1등급,684,0.0229
유소년,M,11,2등급,2402,0.0806
유소년,M,11,3등급,4603,0.1544
유소년,M,11,참가,22124,0.7421
유소년,M,12,1등급,321,0.0255
유소년,M,12,2등급,965,0.0766
유소년,M,12,3등급,1925,0.1528
유소년,M,12,참가,9389,0.7452
유아기,F,48,1등급,2,0.014
유아기,F,48,2등급,6,0.042
유아기,F,48,3등급,22,0.1538
유아기,F,48,참가,113,0.7902
유아기,F,49,1등급,0,0.0
유아기,F,49,2등급,7,0.049
유아기,F,49,3등급,19,0.1329
유아기,F,49,참가,117,0.8182
유아기,F,50,1등급,0,0.0
유아기,F,50,2등급,8,0.0672
유아기,F,50,3등급,12,0.1008
유아기,F,50,참가,99,0.8319
유아기,F,51,1등급,2,0.0157
유아기,F,51,2등급,10,0.0787
유아기,F,51,3등급,19,0.1496
유아기,F,51,참가,96,0.7559
유아기,F,52,1등급,3,0.0204
유아기,F,52,2등급,7,0.0476
유아기,F,52,3등급,19,0.1293
유아기,F,52,참가,118,0.8027
유아기,F,53,1등급,4,0.0234
유아기,F,53,2등급,12,0.0702
유아기,F,53,3등급,27,0.1579
유아기,F,53,참가,128,0.7485
유아기,F,54,1등급,1,0.0048
유아기,F,54,2등급,4,0.0191
유아기,F,54,3등급,22,0.1053
유아기,F,54,참가,182,0.8708
유아기,F,55,1등급,1,0.0045
유아기,F,55,2등급,4,0.018
유아기,F,55,3등급,29,0.1306
유아기,F,55,참가,188,0.8468
유아기,F,56,1등급,0,0.0
유아기,F,56,2등급,12,0.0417
유아기,F,56,3등급,34,0.1181
유아기,F,56,참가,242,0.8403
유아기,F,57,1등급,5,0.0147
유아기,F,57,2등급,19,0.056
유아기,F,57,3등급,58,0.1711
유아기,F,57,참가,257,0.7581
유아기,F,58,1등급,4,0.0105
유아기,F,58,2등급,9,0.0236
유아기,F,58,3등급,47,0.123
유아기,F,58,참가,322,0.8429
유아기,F,59,1등급,5,0.0126
유아기,F,59,2등급,21,0.053
유아기,F,59,3등급,57,0.1439
유아기,F,59,참가,313,0.7904
유아기,F,60,1등급,2,0.0052
유아기,F,60,2등급,12,0.0313
유아기,F,60,3등급,60,0.1567
유아기,F,60,참가,309,0.8068
유아기,F,61,1등급,6,0.0137
유아기,F,61,2등급,10,0.0229
유아기,F,61,3등급,60,0.1373
유아기,F,61,참가,361,0.8261
유아기,F,62,1등급,7,0.0158
유아기,F,62,2등급,16,0.0362
유아기,F,62,3등급,68,0.1538
유아기,F,62,참가,351,0.7941
유아기,F,63,1등급,9,0.0223
유아기,F,63,2등급,16,0.0396
유아기,F,63,3등급,48,0.1188
유아기,F,63,참가,331,0.8193
유아기,F,64,1등급,10,0.0209
유아기,F,64,2등급,26,0.0544
유아기,F,64,3등급,72,0.1506
유아기,F,64,참가,370,0.7741
유아기,F,65,1등급,8,0.0182
유아기,F,65,2등급,40,0.0911
유아기,F,65,3등급,79,0.18
유아기,F,65,참가,312,0.7107
유아기,F,66,1등급,6,0.0137
유아기,F,66,2등급,27,0.0616
유아기,F,66,3등급,47,0.1073
유아기,F,66,참가,358,0.8174
유아기,F,67,1등급,6,0.0134
유아기,F,67,2등급,22,0.0491
유아기,F,67,3등급,63,0.1406
유아기,F,67,참가,357,0.7969
유아기,F,68,1등급,1,0.0021
유아기,F,68,2등급,19,0.04
유아기,F,68,3등급,74,0.1558
유아기,F,68,참가,381,0.8021
유아기,F,69,1등급,10,0.0195
유아기,F,69,2등급,26,0.0507
유아기,F,69,3등급,71,0.1384
유아기,F,69,참가,406,0.7914
유아기,F,70,1등급,4,0.0084
유아기,F,70,2등급,27,0.0566
유아기,F,70,3등급,68,0.1426
유아기,F,70,참가,378,0.7925
유아기,F,71,1등급,4,0.008
유아기,F,71,2등급,27,0.0542
유아기,F,71,3등급,83,0.1667
유아기,F,71,참가,384,0.7711
유아기,F,72,1등급,2,0.004
유아기,F,72,2등급,21,0.0417
유아기,F,72,3등급,60,0.1193
유아기,F,72,참가,420,0.835
유아기,F,73,1등급,3,0.0055
유아기,F,73,2등급,19,0.0346
유아기,F,73,3등급,64,0.1166
유아기,F,73,참가,463,0.8434
유아기,F,74,1등급,5,0.0096
유아기,F,74,2등급,16,0.0308
유아기,F,74,3등급,55,0.106
유아기,F,74,참가,443,0.8536
유아기,F,75,1등급,7,0.0142
유아기,F,75,2등급,21,0.0425
유아기,F,75,3등급,53,0.1073
유아기,F,75,참가,413,0.836
유아기,F,76,1등급,3,0.0066
유아기,F,76,2등급,21,0.0463
유아기,F,76,3등급,66,0.1454
유아기,F,76,참가,364,0.8018
유아기,F,77,1등급,10,0.0224
유아기,F,77,2등급,17,0.0381
유아기,F,77,3등급,58,0.13
유아기,F,77,참가,361,0.8094
유아기,F,78,1등급,5,0.0139
유아기,F,78,2등급,22,0.0609
유아기,F,78,3등급,53,0.1468
유아기,F,78,참가,281,0.7784
유아기,F,79,1등급,5,0.0149
유아기,F,79,2등급,16,0.0476
유아기,F,79,3등급,47,0.1399
유아기,F,79,참가,268,0.7976
유아기,F,80,1등급,3,0.0148
유아기,F,80,2등급,5,0.0246
유아기,F,80,3등급,31,0.1527
유아기,F,80,참가,164,0.8079
유아기,F,81,1등급,4,0.0244
유아기,F,81,2등급,6,0.0366
유아기,F,81,3등급,32,0.1951
유아기,F,81,참가,122,0.7439
유아기,F,82,1등급,5,0.0373
유아기,F,82,2등급,7,0.0522
유아기,F,82,3등급,17,0.1269
유아기,F,82,참가,105,0.7836
유아기,F,83,1등급,1,0.025
유아기,F,83,2등급,0,0.0
유아기,F,83,3등급,6,0.15
유아기,F,83,참가,33,0.825
유아기,M,48,1등급,0,0.0
유아기,M,48,2등급,3,0.0231
유아기,M,48,3등급,16,0.1231
유아기,M,48,참가,111,0.8538
유아기,M,49,1등급,3,0.0256
유아기,M,49,2등급,6,0.0513
유아기,M,49,3등급,17,0.1453
유아기,M,49,참가,91,0.7778
유아기,M,50,1등급,3,0.0259
유아기,M,50,2등급,8,0.069
유아기,M,50,3등급,20,0.1724
유아기,M,50,참가,85,0.7328
유아기,M,51,1등급,1,0.007
유아기,M,51,2등급,13,0.0915
유아기,M,51,3등급,17,0.1197
유아기,M,51,참가,111,0.7817
유아기,M,52,1등급,1,0.0056
유아기,M,52,2등급,14,0.0782
유아기,M,52,3등급,28,0.1564
유아기,M,52,참가,136,0.7598
유아기,M,53,1등급,4,0.0258
유아기,M,53,2등급,18,0.1161
유아기,M,53,3등급,14,0.0903
유아기,M,53,참가,119,0.7677
유아기,M,54,1등급,0,0.0
유아기,M,54,2등급,10,0.0488
유아기,M,54,3등급,23,0.1122
유아기,M,54,참가,172,0.839
유아기,M,55,1등급,1,0.0039
유아기,M,55,2등급,12,0.0465
유아기,M,55,3등급,25,0.0969
유아기,M,55,참가,220,0.8527
유아기,M,56,1등급,3,0.01
유아기,M,56,2등급,19,0.0635
유아기,M,56,3등급,50,0.1672
유아기,M,56,참가,227,0.7592
유아기,M,57,1등급,2,0.0056
유아기,M,57,2등급,19,0.0531
유아기,M,57,3등급,52,0.1453
유아기,M,57,참가,285,0.7961
유아기,M,58,1등급,6,0.015
유아기,M,58,2등급,29,0.0723
유아기,M,58,3등급,67,0.1671
유아기,M,58,참가,299,0.7456
유아기,M,59,1등급,4,0.0095
유아기,M,59,2등급,25,0.0592
유아기,M,59,3등급,61,0.1445
유아기,M,59,참가,332,0.7867
유아기,M,60,1등급,1,0.0025
유아기,M,60,2등급,14,0.0347
유아기,M,60,3등급,83,0.206
유아기,M,60,참가,305,0.7568
유아기,M,61,1등급,1,0.0024
유아기,M,61,2등급,20,0.0481
유아기,M,61,3등급,86,0.2067
유아기,M,61,참가,309,0.7428
유아기,M,62,1등급,4,0.0089
유아기,M,62,2등급,17,0.0379
유아기,M,62,3등급,86,0.192
유아기,M,62,참가,341,0.7612
유아기,M,63,1등급,8,0.0186
유아기,M,63,2등급,20,0.0464
유아기,M,63,3등급,86,0.1995
유아기,M,63,참가,317,0.7355
유아기,M,64,1등급,7,0.015
유아기,M,64,2등급,19,0.0408
유아기,M,64,3등급,82,0.176
유아기,M,64,참가,358,0.7682
유아기,M,65,1등급,6,0.0127
유아기,M,65,2등급,30,0.0634
유아기,M,65,3등급,92,0.1945
유아기,M,65,참가,345,0.7294
유아기,M,66,1등급,5,0.0107
유아기,M,66,2등급,29,0.0621
유아기,M,66,3등급,83,0.1777
유아기,M,66,참가,350,0.7495
유아기,M,67,1등급,11,0.0226
유아기,M,67,2등급,31,0.0638
유아기,M,67,3등급,96,0.1975
유아기,M,67,참가,348,0.716
유아기,M,68,1등급,5,0.0103
유아기,M,68,2등급,29,0.0597
유아기,M,68,3등급,90,0.1852
유아기,M,68,참가,362,0.7449
유아기,M,69,1등급,7,0.0137
유아기,M,69,2등급,39,0.0762
유아기,M,69,3등급,108,0.2109
유아기,M,69,참가,358,0.6992
유아기,M,70,1등급,13,0.0252
유아기,M,70,2등급,39,0.0757
유아기,M,70,3등급,105,0.2039
유아기,M,70,참가,358,0.6951
유아기,M,71,1등급,10,0.019
유아기,M,71,2등급,40,0.0759
유아기,M,71,3등급,109,0.2068
유아기,M,71,참가,368,0.6983
유아기,M,72,1등급,1,0.0018
유아기,M,72,2등급,19,0.0333
유아기,M,72,3등급,80,0.1401
유아기,M,72,참가,471,0.8249
유아기,M,73,1등급,4,0.0072
유아기,M,73,2등급,25,0.0449
유아기,M,73,3등급,62,0.1113
유아기,M,73,참가,466,0.8366
유아기,M,74,1등급,6,0.0102
유아기,M,74,2등급,36,0.0611
유아기,M,74,3등급,78,0.1324
유아기,M,74,참가,469,0.7963
유아기,M,75,1등급,10,0.0179
유아기,M,75,2등급,22,0.0394
유아기,M,75,3등급,76,0.1362
유아기,M,75,참가,450,0.8065
유아기,M,76,1등급,8,0.015
유아기,M,76,2등급,32,0.06
유아기,M,76,3등급,73,0.137
유아기,M,76,참가,420,0.788
유아기,M,77,1등급,7,0.015
유아기,M,77,2등급,22,0.047
유아기,M,77,3등급,68,0.1453
유아기,M,77,참가,371,0.7927
유아기,M,78,1등급,6,0.0163
유아기,M,78,2등급,14,0.038
유아기,M,78,3등급,51,0.1386
유아기,M,78,참가,297,0.8071
유아기,M,79,1등급,5,0.0155
유아기,M,79,2등급,23,0.0712
유아기,M,79,3등급,46,0.1424
유아기,M,79,참가,249,0.7709
유아기,M,80,1등급,5,0.021
유아기,M,80,2등급,13,0.0546
유아기,M,80,3등급,34,0.1429
유아기,M,80,참가,186,0.7815
유아기,M,81,1등급,3,0.0143
유아기,M,81,2등급,12,0.0571
유아기,M,81,3등급,32,0.1524
유아기,M,81,참가,163,0.7762
유아기,M,82,1등급,5,0.04
유아기,M,82,2등급,10,0.08
유아기,M,82,3등급,15,0.12
유아기,M,82,참가,95,0.76
유아기,M,83,1등급,1,0.0167
유아기,M,83,2등급,0,0.0
유아기,M,83,3등급,13,0.2167
유아기,M,83,참가,46,0.7667
청소년,F,13,1등급,341,0.0379
청소년,F,13,2등급,785,0.0873
청소년,F,13,3등급,1630,0.1813
청소년,F,13,참가,2821,0.3137
청소년,F,14,1등급,289,0.0347
청소년,F,14,2등급,608,0.073
청소년,F,14,3등급,1431,0.1718
청소년,F,14,참가,2815,0.3379
청소년,F,15,1등급,376,0.0298
청소년,F,15,2등급,838,0.0665
청소년,F,15,3등급,2203,0.1749
청소년,F,15,참가,4287,0.3403
청소년,F,16,1등급,518,0.0361
청소년,F,16,2등급,1407,0.098
청소년,F,16,3등급,2700,0.1881
청소년,F,16,참가,4734,0.3298
청소년,F,17,1등급,607,0.0399
청소년,F,17,2등급,1415,0.0929
청소년,F,17,3등급,2992,0.1965
청소년,F,17,참가,4967,0.3262
청소년,F,18,1등급,338,0.0373
청소년,F,18,2등급,904,0.0998
청소년,F,18,3등급,1918,0.2118
청소년,F,18,참가,2686,0.2966
청소년,M,13,1등급,735,0.0647
청소년,M,13,2등급,1146,0.1009
청소년,M,13,3등급,1872,0.1649
청소년,M,13,참가,3629,0.3196
청소년,M,14,1등급,695,0.0627
청소년,M,14,2등급,1107,0.0998
청소년,M,14,3등급,1647,0.1485
청소년,M,14,참가,3912,0.3527
청소년,M,15,1등급,1021,0.0615
청소년,M,15,2등급,1956,0.1179
청소년,M,15,3등급,2876,0.1733
청소년,M,15,참가,5276,0.3179
청소년,M,16,1등급,888,0.0458
청소년,M,16,2등급,2101,0.1085
청소년,M,16,3등급,3381,0.1746
청소년,M,16,참가,6431,0.332
청소년,M,17,1등급,1379,0.0571
청소년,M,17,2등급,2736,0.1134
청소년,M,17,3등급,4317,0.1789
청소년,M,17,참가,7492,0.3104
청소년,M,18,1등급,1490,0.0618
청소년,M,18,2등급,3193,0.1324
청소년,M,18,3등급,5265,0.2182
청소년,M,18,참가,6139,0.2545
