mission_id,exercise_id,exercise_name,video_id,start_sec,end_sec,url,video_age_group,targets,phase,common,best_rank,prescribed,cell_chunk_id,cell_citation_label,video_chunk_id,video_citation_label
1단줄넘기@,1단줄넘기,1단 줄넘기,,,,,,유소년-F;유소년-M,본운동,False,3,7921,prescription:유소년-12-F-본운동,국민체력100 운동처방 · 유소년 12세,,
2단줄넘기@,2단줄넘기,2단 줄넘기,,,,,,유소년-F,본운동,False,30,472,prescription:유소년-11-F-본운동,국민체력100 운동처방 · 유소년 11세,,
50M달리기@,50M달리기,50M 달리기,,,,,,유소년-F;유소년-M,본운동,False,23,1252,prescription:유소년-11-M-본운동,국민체력100 운동처방 · 유소년 11세,,
V자버티기@,V자버티기,V자 버티기,,,,,,유아기-F,본운동,False,25,8,prescription:유아기-80-F-본운동,국민체력100 운동처방 · 유아기 80개월,,
가슴스트레칭@,가슴스트레칭,가슴 스트레칭,,,,,,어르신-F;어르신-M;유아기-F;유아기-M,준비운동,False,1,8982,prescription:어르신-89-M-준비운동,국민체력100 운동처방 · 어르신 89세,,
가슴/어깨스트레칭@,가슴/어깨스트레칭,가슴/어깨 스트레칭,,,,,,어르신-F;어르신-M;유아기-M,정리운동,False,4,2526,prescription:어르신-85-M-정리운동,국민체력100 운동처방 · 어르신 85세,,
가슴/어깨앞쪽스트레칭@,가슴/어깨앞쪽스트레칭,가슴/어깨 앞쪽 스트레칭,,,,,,성인-F;성인-M;어르신-F;어르신-M;유아기-F;유아기-M;청소년-F;청소년-M,준비운동,False,3,30557,prescription:성인-20-F-준비운동,국민체력100 운동처방 · 성인 20세,,
거북이스트레칭@-EATykJOvBQ#6,거북이스트레칭,거북이 스트레칭,-EATykJOvBQ,6,76,https://www.youtube.com/watch?v=-EATykJOvBQ&t=6s,유아기,성인-F;어르신-F;어르신-M;유아기-F;유아기-M,준비운동,False,1,16183,prescription:유아기-48-F-준비운동,국민체력100 운동처방 · 유아기 48개월,video:-EATykJOvBQ,국민체력100 운동영상 · 🐢헤이지니와 함께 유아기 체력 쑥쑥 운동 | EP03.거북이 스트레칭
거북이스트레칭@5Crvk_HZPy8#152,거북이스트레칭,거북이 스트레칭,5Crvk_HZPy8,152,228,https://www.youtube.com/watch?v=5Crvk_HZPy8&t=152s,유아기,성인-F;어르신-F;어르신-M;유아기-F;유아기-M,준비운동,True,1,16183,prescription:유아기-48-F-준비운동,국민체력100 운동처방 · 유아기 48개월,video:5Crvk_HZPy8,국민체력100 운동영상 · 🦖유아기 체력 향상 (복합운동) | EP03.알록달록 붙여요! (20miin)
거북이스트레칭@9ejhpZjgtUA#152,거북이스트레칭,거북이 스트레칭,9ejhpZjgtUA,152,1052,https://www.youtube.com/watch?v=9ejhpZjgtUA&t=152s,유아기,성인-F;어르신-F;어르신-M;유아기-F;유아기-M,준비운동,True,1,16183,prescription:유아기-48-F-준비운동,국민체력100 운동처방 · 유아기 48개월,video:9ejhpZjgtUA,국민체력100 운동영상 · 🦖유아기 복합 지각능력  향상 활동 | EP01. 알맞게 놓아요! (25min)
거북이스트레칭@AN7gNF5QT1w#152,거북이스트레칭,거북이 스트레칭,AN7gNF5QT1w,152,228,https://www.youtube.com/watch?v=AN7gNF5QT1w&t=152s,유아기,성인-F;어르신-F;어르신-M;유아기-F;유아기-M,준비운동,True,1,16183,prescription:유아기-48-F-준비운동,국민체력100 운동처방 · 유아기 48개월,video:AN7gNF5QT1w,국민체력100 운동영상 · 🦖유아기 체력 향상 (복합운동) | EP02.불이야~!!! 소방훈련해요! (25miin)
거북이스트레칭@F983gS5mwJg#152,거북이스트레칭,거북이 스트레칭,F983gS5mwJg,152,938,https://www.youtube.com/watch?v=F983gS5mwJg&t=152s,유아기,성인-F;어르신-F;어르신-M;유아기-F;유아기-M,준비운동,True,1,16183,prescription:유아기-48-F-준비운동,국민체력100 운동처방 · 유아기 48개월,video:F983gS5mwJg,국민체력100 운동영상 · 🦖유아기 복합 지각능력  향상 활동 | EP02. 알록달록 길을 걸어요! (25min)
거북이스트레칭@GkoUyt8uIXA#152,거북이스트레칭,거북이 스트레칭,GkoUyt8uIXA,152,872,https://www.youtube.com/watch?v=GkoUyt8uIXA&t=152s,유아기,성인-F;어르신-F;어르신-M;유아기-F;유아기-M,준비운동,True,1,16183,prescription:유아기-48-F-준비운동,국민체력100 운동처방 · 유아기 48개월,video:GkoUyt8uIXA,국민체력100 운동영상 · 🦖유아기 복합 지각능력  향상 활동 | EP03. 끝까지 굴려요! 구릉구릉~~
거북이스트레칭@RBKylbKM78k#152,거북이스트레칭,거북이 스트레칭,RBKylbKM78k,152,228,https://www.youtube.com/watch?v=RBKylbKM78k&t=152s,유아기,성인-F;어르신-F;어르신-M;유아기-F;유아기-M,준비운동,True,1,16183,prescription:유아기-48-F-준비운동,국민체력100 운동처방 · 유아기 48개월,video:RBKylbKM78k,국민체력100 운동영상 · 🦖유아기 체력 향상 (복합운동) | EP04. 점핑점핑 해요! (25miin)
거북이스트레칭@Rt3tdifHbns#152,거북이스트레칭,거북이 스트레칭,Rt3tdifHbns,152,1116,https://www.youtube.com/watch?v=Rt3tdifHbns&t=152s,유아기,성인-F;어르신-F;어르신-M;유아기-F;유아기-M,준비운동,True,1,16183,prescription:유아기-48-F-준비운동,국민체력100 운동처방 · 유아기 48개월,video:Rt3tdifHbns,국민체력100 운동영상 · 🦖유아기 복합 운동기술 향상 | 수박나라로 떠나요! (심화편)
거북이스트레칭@_hdna4_9GYc#152,거북이스트레칭,거북이 스트레칭,_hdna4_9GYc,152,1158,https://www.youtube.com/watch?v=_hdna4_9GYc&t=152s,유아기,성인-F;어르신-F;어르신-M;유아기-F;유아기-M,준비운동,True,1,16183,prescription:유아기-48-F-준비운동,국민체력100 운동처방 · 유아기 48개월,video:_hdna4_9GYc,국민체력100 운동영상 · 🦖유아기 복합 운동기술 향상 | 체력왕이 되어요 (심화편)
거북이스트레칭@oX1HKGUBO5w#152,거북이스트레칭,거북이 스트레칭,oX1HKGUBO5w,152,228,https://www.youtube.com/watch?v=oX1HKGUBO5w&t=152s,유아기,성인-F;어르신-F;어르신-M;유아기-F;유아기-M,준비운동,True,1,16183,prescription:유아기-48-F-준비운동,국민체력100 운동처방 · 유아기 48개월,video:oX1HKGUBO5w,국민체력100 운동영상 · 🦖유아기 체력 향상 (복합운동) | EP01.동물처럼 걸어요 (20min)
거북이스트레칭@qk0hXbltmIQ#152,거북이스트레칭,거북이 스트레칭,qk0hXbltmIQ,152,1250,https://www.youtube.com/watch?v=qk0hXbltmIQ&t=152s,유아기,성인-F;어르신-F;어르신-M;유아기-F;유아기-M,준비운동,True,1,16183,prescription:유아기-48-F-준비운동,국민체력100 운동처방 · 유아기 48개월,video:qk0hXbltmIQ,국민체력100 운동영상 · 🦖유아기 복합 운동기술 향상 | 꽃게처럼 걸어요 (심화편)
걷기@qL76XIxD4Ds#30,걷기,걷기,qL76XIxD4Ds,30,122,https://www.youtube.com/watch?v=qL76XIxD4Ds&t=30s,유아기,성인-F;성인-M;어르신-F;어르신-M;유아기-F;유아기-M;청소년-F;청소년-M,본운동,False,2,65981,prescription:어르신-87-F-본운동,국민체력100 운동처방 · 어르신 87세,video:qL76XIxD4Ds,국민체력100 운동영상 · 🦖유아기 기본 운동기술 향상 | 균형있는 근육 발달을 위한 이동성 운동 (기초편)
결가부좌@,결가부좌,결가부좌,,,,,,청소년-F,정리운동,False,22,112,prescription:청소년-17-F-정리운동,국민체력100 운동처방 · 청소년 17세,,
계단두발뛰기@,계단두발뛰기,계단 두발 뛰기,,,,,,성인-M,본운동,False,29,189,prescription:성인-46-M-본운동,국민체력100 운동처방 · 성인 46세,,
계단뛰어오르기@,계단뛰어오르기,계단 뛰어 오르기,,,,,,성인-F;성인-M;유아기-M;청소년-M,본운동,False,5,25811,prescription:성인-45-F-본운동,국민체력100 운동처방 · 성인 45세,,
계단오르기@,계단오르기,계단 오르기,,,,,,성인-M;어르신-F;유소년-F;유소년-M,본운동,False,7,6391,prescription:유소년-12-M-본운동,국민체력100 운동처방 · 유소년 12세,,
계단올라갔다내려오기@,계단올라갔다내려오기,계단 올라갔다 내려오기,,,,,,성인-F;성인-M;어르신-F;어르신-M;유아기-F;유아기-M;청소년-F;청소년-M,본운동,False,2,39205,prescription:성인-46-M-본운동,국민체력100 운동처방 · 성인 46세,,
고관절스트레칭@,고관절스트레칭,고관절 스트레칭,,,,,,어르신-F;어르신-M;유아기-F;유아기-M,준비운동,False,1,13784,prescription:어르신-73-F-준비운동,국민체력100 운동처방 · 어르신 73세,,
고정식자전거타기@,고정식자전거타기,고정식 자전거 타기,,,,,,어르신-F;어르신-M;유아기-F;유아기-M,본운동,False,1,25902,prescription:어르신-65-F-본운동,국민체력100 운동처방 · 어르신 65세,,
고정식트레드밀에서걷기@,고정식트레드밀에서걷기,고정식 트레드밀에서 걷기,,,,,,어르신-F;어르신-M;유아기-F;유아기-M,본운동,False,1,18161,prescription:어르신-83-M-본운동,국민체력100 운동처방 · 어르신 83세,,
골반스트레칭@,골반스트레칭,골반 스트레칭,,,,,,어르신-F;어르신-M;유아기-F;유아기-M,정리운동,False,1,3379,prescription:어르신-85-F-정리운동,국민체력100 운동처방 · 어르신 85세,,
골반스트레칭2@,골반스트레칭2,골반 스트레칭2,,,,,,어르신-F;어르신-M,정리운동,False,5,439,prescription:어르신-92-F-정리운동,국민체력100 운동처방 · 어르신 92세,,
공받고던져요@oCAjIRASiVI#702,공받고던져요,공 받고 던져요,oCAjIRASiVI,702,776,https://www.youtube.com/watch?v=oCAjIRASiVI&t=702s,유아기,유아기-F;유아기-M,본운동,False,3,870,prescription:유아기-83-F-본운동,국민체력100 운동처방 · 유아기 83개월,video:oCAjIRASiVI,국민체력100 운동영상 · 🦖유아기 운동체력 향상 | 민첩성 순발력 평형성 협응력 키우기 응용운동 (15min)
공양손으로주고받기@,공양손으로주고받기,공 양손으로 주고 받기,,,,,,유소년-F;유소년-M,본운동,False,10,4817,prescription:유소년-11-F-본운동,국민체력100 운동처방 · 유소년 11세,,
공위로던지고제자리돌아받기@,공위로던지고제자리돌아받기,공 위로 던지고 제자리 돌아 받기,,,,,,유소년-F;유소년-M,본운동,False,29,990,prescription:유소년-11-F-본운동,국민체력100 운동처방 · 유소년 11세,,
공잡고들어올리기@,공잡고들어올리기,공 잡고 들어올리기,,,,,,어르신-F;어르신-M,본운동,False,7,147,prescription:어르신-93-F-본운동,국민체력100 운동처방 · 어르신 93세,,
공을옮겨요(앞)@SZefn91w66o#194,공을옮겨요(앞),공을 옮겨요(앞),SZefn91w66o,194,278,https://www.youtube.com/watch?v=SZefn91w66o&t=194s,유아기,유아기-F;유아기-M,준비운동,False,4,800,prescription:유아기-83-M-준비운동,국민체력100 운동처방 · 유아기 83개월,video:SZefn91w66o,국민체력100 운동영상 · 🦖유아기 기초체력 향상 체조 | 심폐체력 유연성 운동 응용동작 (7min)
공을옮겨요(옆)@SZefn91w66o#278,공을옮겨요(옆),공을 옮겨요(옆),SZefn91w66o,278,356,https://www.youtube.com/watch?v=SZefn91w66o&t=278s,유아기,유아기-F;유아기-M,준비운동,False,6,1743,prescription:유아기-63-M-준비운동,국민체력100 운동처방 · 유아기 63개월,video:SZefn91w66o,국민체력100 운동영상 · 🦖유아기 기초체력 향상 체조 | 심폐체력 유연성 운동 응용동작 (7min)
균형걷기@,균형걷기,균형 걷기,,,,,,어르신-F;어르신-M,본운동,False,5,1746,prescription:어르신-84-F-본운동,국민체력100 운동처방 · 어르신 84세,,
깍지끼고상체숙이기@,깍지끼고상체숙이기,깍지 끼고 상체 숙이기,,,,,,어르신-F;어르신-M;유아기-M,정리운동,False,3,42,prescription:어르신-93-F-정리운동,국민체력100 운동처방 · 어르신 93세,,
깍지끼고목들어올리기@,깍지끼고목들어올리기,깍지끼고 목 들어올리기,,,,,,청소년-F,정리운동,False,17,72,prescription:청소년-14-F-정리운동,국민체력100 운동처방 · 청소년 14세,,
꼬리를떼어요@SZefn91w66o#6,꼬리를떼어요,꼬리를 떼어요,SZefn91w66o,6,80,https://www.youtube.com/watch?v=SZefn91w66o&t=6s,유아기,유아기-F;유아기-M,본운동,False,1,4996,prescription:유아기-54-M-본운동,국민체력100 운동처방 · 유아기 54개월,video:SZefn91w66o,국민체력100 운동영상 · 🦖유아기 기초체력 향상 체조 | 심폐체력 유연성 운동 응용동작 (7min)
끌어요당겨요@OxtY_hEQzIM#158,끌어요당겨요,끌어요 당겨요,OxtY_hEQzIM,158,228,https://www.youtube.com/watch?v=OxtY_hEQzIM&t=158s,유아기,유아기-F;유아기-M,본운동,False,4,1973,prescription:유아기-81-F-본운동,국민체력100 운동처방 · 유아기 81개월,video:OxtY_hEQzIM,국민체력100 운동영상 · 🦖유아기 기초체력 향상 체조 | 대근육 발달 근력/근지구력 운동 응용동작 (7min)
나비자세@Eg3GpTv7z8s#144,나비자세,나비자세,Eg3GpTv7z8s,144,188,https://www.youtube.com/watch?v=Eg3GpTv7z8s&t=144s,유소년,청소년-F;청소년-M,준비운동,True,5,15882,prescription:청소년-13-F-준비운동,국민체력100 운동처방 · 청소년 13세,video:Eg3GpTv7z8s,국민체력100 운동영상 · [👦🏻유소년] 성장기 학생들을 위한 근력 운동 프로그램 (30min)
나비자세@HYl0oA1Ptyw#118,나비자세,나비자세,HYl0oA1Ptyw,118,160,https://www.youtube.com/watch?v=HYl0oA1Ptyw&t=118s,청소년,청소년-F;청소년-M,준비운동,True,5,15882,prescription:청소년-13-F-준비운동,국민체력100 운동처방 · 청소년 13세,video:HYl0oA1Ptyw,국민체력100 운동영상 · [👩🏻‍🎓청소년] 중고등학생 체력향상 운동프로그램 (30min)
나비자세@TXE6Y_FpayU#50,나비자세,나비자세,TXE6Y_FpayU,50,132,https://www.youtube.com/watch?v=TXE6Y_FpayU&t=50s,청소년,청소년-F;청소년-M,준비운동,True,5,15882,prescription:청소년-13-F-준비운동,국민체력100 운동처방 · 청소년 13세,video:TXE6Y_FpayU,국민체력100 운동영상 · [초등학생] '키 쑥쑥' 아이 성장 발달을 위한 스트레칭 운동
나비자세@TmVZ2gdZnQQ#130,나비자세,나비자세,TmVZ2gdZnQQ,130,174,https://www.youtube.com/watch?v=TmVZ2gdZnQQ&t=130s,유소년,청소년-F;청소년-M,준비운동,True,5,15882,prescription:청소년-13-F-준비운동,국민체력100 운동처방 · 청소년 13세,video:TmVZ2gdZnQQ,국민체력100 운동영상 · [👦🏻유소년] 성장기 학생들을 위한 운동체력향상 운동프로그램 (30min)
나비자세@XSn6DE3cxy4#128,나비자세,나비자세,XSn6DE3cxy4,128,172,https://www.youtube.com/watch?v=XSn6DE3cxy4&t=128s,청소년,청소년-F;청소년-M,준비운동,True,5,15882,prescription:청소년-13-F-준비운동,국민체력100 운동처방 · 청소년 13세,video:XSn6DE3cxy4,국민체력100 운동영상 · [👩🏻‍🎓청소년] 중고등학생 체중조절 다이어트 운동프로그램 (30min)
나비자세@p12bb2zMebw#128,나비자세,나비자세,p12bb2zMebw,128,170,https://www.youtube.com/watch?v=p12bb2zMebw&t=128s,유소년,청소년-F;청소년-M,준비운동,True,5,15882,prescription:청소년-13-F-준비운동,국민체력100 운동처방 · 청소년 13세,video:p12bb2zMebw,국민체력100 운동영상 · [👦🏻유소년] 성장기 학생들을 위한 체력향상 운동프로그램 (30min)
낚시를해요@oCAjIRASiVI#936,낚시를해요,낚시를 해요,oCAjIRASiVI,936,1016,https://www.youtube.com/watch?v=oCAjIRASiVI&t=936s,유아기,유아기-F;유아기-M,본운동,False,3,2645,prescription:유아기-60-F-본운동,국민체력100 운동처방 · 유아기 60개월,video:oCAjIRASiVI,국민체력100 운동영상 · 🦖유아기 운동체력 향상 | 민첩성 순발력 평형성 협응력 키우기 응용운동 (15min)
내전근스트레칭@V9cymtUC61I#690,내전근스트레칭,내전근 스트레칭,V9cymtUC61I,690,782,https://www.youtube.com/watch?v=V9cymtUC61I&t=690s,청소년,어르신-F;어르신-M;유아기-F;유아기-M,정리운동,False,1,6915,prescription:어르신-89-M-정리운동,국민체력100 운동처방 · 어르신 89세,video:V9cymtUC61I,국민체력100 운동영상 · [청소년] 🎯이제는 정신력 싸움🎯 운동으로 멘탈 관리하고 대학가자!!
넙다리뒤쪽스트레칭@,넙다리뒤쪽스트레칭,넙다리 뒤쪽 스트레칭,,,,,,성인-F;성인-M;어르신-F;어르신-M;유아기-F;유아기-M;청소년-F;청소년-M,정리운동,False,3,59162,prescription:성인-42-F-정리운동,국민체력100 운동처방 · 성인 42세,,
넙다리안쪽스트레칭@,넙다리안쪽스트레칭,넙다리 안쪽 스트레칭,,,,,,성인-F;성인-M;어르신-F;어르신-M;유아기-F;유아기-M;청소년-F;청소년-M,정리운동,False,4,33616,prescription:성인-64-F-정리운동,국민체력100 운동처방 · 성인 64세,,
넙다리앞쪽스트레칭@,넙다리앞쪽스트레칭,넙다리 앞쪽 스트레칭,,,,,,성인-F;성인-M;어르신-F;어르신-M;유아기-F;유아기-M,정리운동,False,3,12867,prescription:어르신-88-M-정리운동,국민체력100 운동처방 · 어르신 88세,,
네발기기자세로팔다리들기@,네발기기자세로팔다리들기,네발기기 자세로 팔 다리 들기,,,,,,성인-F;어르신-F,본운동,False,10,507,prescription:어르신-89-F-본운동,국민체력100 운동처방 · 어르신 89세,,
누워다리들어올리기@,누워다리들어올리기,누워 다리 들어올리기,,,,,,어르신-F;청소년-F,정리운동,False,8,198,prescription:청소년-16-F-정리운동,국민체력100 운동처방 · 청소년 16세,,
누워무릎기울기@,누워무릎기울기,누워 무릎 기울기,,,,,,청소년-F;청소년-M,본운동,False,17,6571,prescription:청소년-14-M-본운동,국민체력100 운동처방 · 청소년 14세,,
누워발목당겨주기@,누워발목당겨주기,누워 발목 당겨주기,,,,,,청소년-F;청소년-M,정리운동,False,7,1734,prescription:청소년-13-F-정리운동,국민체력100 운동처방 · 청소년 13세,,
누워서가슴밀기@,누워서가슴밀기,누워서 가슴 밀기,,,,,,어르신-F;어르신-M,본운동,False,13,1414,prescription:어르신-69-M-본운동,국민체력100 운동처방 · 어르신 69세,,
누워서굽힌다리펴기@,누워서굽힌다리펴기,누워서 굽힌 다리 펴기,,,,,,어르신-F;유소년-F;유소년-M,정리운동,False,8,2226,prescription:유소년-11-F-정리운동,국민체력100 운동처방 · 유소년 11세,,
누워서다리들어올리기@,누워서다리들어올리기,누워서 다리 들어올리기,,,,,,성인-F;성인-M;유아기-F,본운동,False,7,19221,prescription:성인-62-F-본운동,국민체력100 운동처방 · 성인 62세,,
누워서다리좌우로움직이기@,누워서다리좌우로움직이기,누워서 다리 좌우로 움직이기,,,,,,성인-F,본운동,False,28,56,prescription:성인-48-F-본운동,국민체력100 운동처방 · 성인 48세,,
누워서다리펴고원그리기@,누워서다리펴고원그리기,누워서 다리 펴고 원 그리기,,,,,,유아기-F,본운동,False,24,8,prescription:유아기-80-F-본운동,국민체력100 운동처방 · 유아기 80개월,,
누워서덤벨들어올리기@,누워서덤벨들어올리기,누워서 덤벨 들어올리기,,,,,,성인-M,본운동,False,29,59,prescription:성인-56-M-본운동,국민체력100 운동처방 · 성인 56세,,
누워서뒤로팔굽혀펴기@,누워서뒤로팔굽혀펴기,누워서 뒤로 팔굽혀펴기,,,,,,유소년-F;유소년-M,본운동,False,3,11369,prescription:유소년-11-M-본운동,국민체력100 운동처방 · 유소년 11세,,
누워서배가로근수축I@,누워서배가로근수축I,누워서 배가로근 수축 I,,,,,,성인-F;성인-M;유아기-F;유아기-M,준비운동,False,16,2103,prescription:유아기-48-M-준비운동,국민체력100 운동처방 · 유아기 48개월,,
누워서배가로근수축II@,누워서배가로근수축II,누워서 배가로근 수축 II,,,,,,성인-F;성인-M;유아기-F,본운동,False,7,19191,prescription:성인-60-F-본운동,국민체력100 운동처방 · 성인 60세,,
누워서수직으로다리들어올리기@,누워서수직으로다리들어올리기,누워서 수직으로 다리 들어올리기,,,,,,성인-F;성인-M,본운동,False,21,325,prescription:성인-49-F-본운동,국민체력100 운동처방 · 성인 49세,,
누워서엉덩이들어올리기@,누워서엉덩이들어올리기,누워서 엉덩이 들어올리기,,,,,,성인-F;성인-M;어르신-F;어르신-M,본운동,False,7,6216,prescription:어르신-89-F-본운동,국민체력100 운동처방 · 어르신 89세,,
누워서전신뻗기@,누워서전신뻗기,누워서 전신 뻗기,,,,,,어르신-F;어르신-M;유아기-M,정리운동,False,2,227,prescription:어르신-93-F-정리운동,국민체력100 운동처방 · 어르신 93세,,
누워서팔다리동시에들어올리기@,누워서팔다리동시에들어올리기,누워서 팔 다리 동시에 들어올리기,,,,,,성인-F;성인-M;유아기-F,본운동,False,17,6817,prescription:성인-23-M-본운동,국민체력100 운동처방 · 성인 23세,,
누워서하늘자전거@,누워서하늘자전거,누워서 하늘 자전거,,,,,,성인-F;성인-M;유아기-F,본운동,False,19,835,prescription:성인-62-F-본운동,국민체력100 운동처방 · 성인 62세,,
다리굽혀(W자)상체뒤로눕기@,다리굽혀(W자)상체뒤로눕기,다리 굽혀(W자) 상체 뒤로 눕기,,,,,,유소년-F;유소년-M,준비운동,False,5,7853,prescription:유소년-11-M-준비운동,국민체력100 운동처방 · 유소년 11세,,
다리꼬아상체앞으로숙이기@,다리꼬아상체앞으로숙이기,다리 꼬아 상체 앞으로 숙이기,,,,,,유소년-F;유소년-M;유아기-F,정리운동,False,13,2497,prescription:유소년-12-F-정리운동,국민체력100 운동처방 · 유소년 12세,,
다리모아상체숙이기@,다리모아상체숙이기,다리 모아 상체 숙이기,,,,,,유소년-F;유소년-M;유아기-F;유아기-M,정리운동,False,2,10627,prescription:유소년-11-F-정리운동,국민체력100 운동처방 · 유소년 11세,,
다리모았다벌려뛰기@,다리모았다벌려뛰기,다리 모았다 벌려 뛰기,,,,,,유소년-F;유소년-M,본운동,False,23,1724,prescription:유소년-11-F-본운동,국민체력100 운동처방 · 유소년 11세,,
다리벌려앞으로상체숙이기@,다리벌려앞으로상체숙이기,다리 벌려 앞으로 상체 숙이기,,,,,,유소년-F;유소년-M;유아기-M,정리운동,False,3,8785,prescription:유소년-11-F-정리운동,국민체력100 운동처방 · 유소년 11세,,
다리벌려옆으로상체숙이기@,다리벌려옆으로상체숙이기,다리 벌려 옆으로 상체 숙이기,,,,,,유소년-F;유소년-M;유아기-F;유아기-M,준비운동,False,7,4451,prescription:유아기-78-M-준비운동,국민체력100 운동처방 · 유아기 78개월,,
다리뻗어올리기@,다리뻗어올리기,다리 뻗어 올리기,,,,,,어르신-F;청소년-F;청소년-M,본운동,False,20,4583,prescription:청소년-16-F-본운동,국민체력100 운동처방 · 청소년 16세,,
다리굽혀허리비틀기@,다리굽혀허리비틀기,다리굽혀 허리 비틀기,,,,,,청소년-F;청소년-M,정리운동,False,14,1788,prescription:청소년-16-M-정리운동,국민체력100 운동처방 · 청소년 16세,,
다리로짐볼들어올리기@,다리로짐볼들어올리기,다리로 짐볼 들어올리기,,,,,,어르신-F;어르신-M,본운동,False,2,64,prescription:어르신-88-M-본운동,국민체력100 운동처방 · 어르신 88세,,
다리모아무릎누르기@,다리모아무릎누르기,다리모아 무릎 누르기,,,,,,청소년-F;청소년-M,정리운동,False,6,822,prescription:청소년-13-F-정리운동,국민체력100 운동처방 · 청소년 13세,,
다리뻗어상체숙이기@Eg3GpTv7z8s#330,다리뻗어상체숙이기,다리뻗어 상체 숙이기,Eg3GpTv7z8s,330,1594,https://www.youtube.com/watch?v=Eg3GpTv7z8s&t=330s,유소년,청소년-F;청소년-M,정리운동,True,17,1121,prescription:청소년-16-F-정리운동,국민체력100 운동처방 · 청소년 16세,video:Eg3GpTv7z8s,국민체력100 운동영상 · [👦🏻유소년] 성장기 학생들을 위한 근력 운동 프로그램 (30min)
다리뻗어상체숙이기@HYl0oA1Ptyw#302,다리뻗어상체숙이기,다리뻗어 상체 숙이기,HYl0oA1Ptyw,302,574,https://www.youtube.com/watch?v=HYl0oA1Ptyw&t=302s,청소년,청소년-F;청소년-M,정리운동,True,17,1121,prescription:청소년-16-F-정리운동,국민체력100 운동처방 · 청소년 16세,video:HYl0oA1Ptyw,국민체력100 운동영상 · [👩🏻‍🎓청소년] 중고등학생 체력향상 운동프로그램 (30min)
다리뻗어상체숙이기@TmVZ2gdZnQQ#316,다리뻗어상체숙이기,다리뻗어 상체 숙이기,TmVZ2gdZnQQ,316,1384,https://www.youtube.com/watch?v=TmVZ2gdZnQQ&t=316s,유소년,청소년-F;청소년-M,정리운동,True,17,1121,prescription:청소년-16-F-정리운동,국민체력100 운동처방 · 청소년 16세,video:TmVZ2gdZnQQ,국민체력100 운동영상 · [👦🏻유소년] 성장기 학생들을 위한 운동체력향상 운동프로그램 (30min)
다리뻗어상체숙이기@XSn6DE3cxy4#314,다리뻗어상체숙이기,다리뻗어 상체 숙이기,XSn6DE3cxy4,314,608,https://www.youtube.com/watch?v=XSn6DE3cxy4&t=314s,청소년,청소년-F;청소년-M,정리운동,True,17,1121,prescription:청소년-16-F-정리운동,국민체력100 운동처방 · 청소년 16세,video:XSn6DE3cxy4,국민체력100 운동영상 · [👩🏻‍🎓청소년] 중고등학생 체중조절 다이어트 운동프로그램 (30min)
다리뻗어상체숙이기@p12bb2zMebw#312,다리뻗어상체숙이기,다리뻗어 상체 숙이기,p12bb2zMebw,312,1906,https://www.youtube.com/watch?v=p12bb2zMebw&t=312s,유소년,청소년-F;청소년-M,정리운동,True,17,1121,prescription:청소년-16-F-정리운동,국민체력100 운동처방 · 청소년 16세,video:p12bb2zMebw,국민체력100 운동영상 · [👦🏻유소년] 성장기 학생들을 위한 체력향상 운동프로그램 (30min)
다리자세@,다리자세,다리자세,,,,,,청소년-F;청소년-M,정리운동,False,8,909,prescription:청소년-13-M-정리운동,국민체력100 운동처방 · 청소년 13세,,
달리기@qL76XIxD4Ds#122,달리기,달리기,qL76XIxD4Ds,122,198,https://www.youtube.com/watch?v=qL76XIxD4Ds&t=122s,유아기,성인-F;성인-M;유아기-F;유아기-M;청소년-F;청소년-M,본운동,False,1,120257,prescription:성인-19-F-본운동,국민체력100 운동처방 · 성인 19세,video:qL76XIxD4Ds,국민체력100 운동영상 · 🦖유아기 기본 운동기술 향상 | 균형있는 근육 발달을 위한 이동성 운동 (기초편)
대퇴사두근스트레칭@,대퇴사두근스트레칭,대퇴사두근 스트레칭,,,,,,어르신-F;어르신-M;유아기-F;유아기-M,정리운동,False,1,13688,prescription:어르신-65-F-정리운동,국민체력100 운동처방 · 어르신 65세,,
대퇴이두근스트레칭@,대퇴이두근스트레칭,대퇴이두근 스트레칭,,,,,,어르신-F;어르신-M;유아기-F;유아기-M,정리운동,False,2,11131,prescription:어르신-90-M-정리운동,국민체력100 운동처방 · 어르신 90세,,
대퇴이두근스트레칭2@,대퇴이두근스트레칭2,대퇴이두근 스트레칭2,,,,,,어르신-F;어르신-M;유아기-M,정리운동,False,7,3470,prescription:어르신-80-M-정리운동,국민체력100 운동처방 · 어르신 80세,,
덤벨옆으로들어올리기@,덤벨옆으로들어올리기,덤벨 옆으로 들어올리기,,,,,,성인-F;성인-M,본운동,False,16,540,prescription:성인-57-F-본운동,국민체력100 운동처방 · 성인 57세,,
덤벨잡고뒤꿈치들기@,덤벨잡고뒤꿈치들기,덤벨 잡고 뒤꿈치 들기,,,,,,어르신-F;어르신-M,본운동,False,4,4151,prescription:어르신-87-M-본운동,국민체력100 운동처방 · 어르신 87세,,
덤벨잡고몸통옆으로굽히기@,덤벨잡고몸통옆으로굽히기,덤벨 잡고 몸통 옆으로 굽히기,,,,,,어르신-F;어르신-M,본운동,False,14,133,prescription:어르신-85-F-본운동,국민체력100 운동처방 · 어르신 85세,,
덤벨잡고앉았다일어서기@,덤벨잡고앉았다일어서기,덤벨 잡고 앉았다 일어서기,,,,,,어르신-F;어르신-M,본운동,False,1,11046,prescription:어르신-74-M-본운동,국민체력100 운동처방 · 어르신 74세,,
덤벨잡고한발내밀어굽혔다펴기@,덤벨잡고한발내밀어굽혔다펴기,덤벨 잡고 한발 내밀어 굽혔다 펴기,,,,,,어르신-F,본운동,False,22,188,prescription:어르신-72-F-본운동,국민체력100 운동처방 · 어르신 72세,,
동물처럼걸어요@oX1HKGUBO5w#228,동물처럼걸어요,동물처럼 걸어요,oX1HKGUBO5w,228,1302,https://www.youtube.com/watch?v=oX1HKGUBO5w&t=228s,유아기,유아기-F;유아기-M,본운동,False,2,4296,prescription:유아기-52-F-본운동,국민체력100 운동처방 · 유아기 52개월,video:oX1HKGUBO5w,국민체력100 운동영상 · 🦖유아기 체력 향상 (복합운동) | EP01.동물처럼 걸어요 (20min)
동적스트레칭루틴프로그램@,동적스트레칭루틴프로그램,동적 스트레칭 루틴프로그램,,,,,,성인-F;성인-M;어르신-F;어르신-M;유소년-F;유소년-M;유아기-F;청소년-F;청소년-M,준비운동,False,1,70547,prescription:어르신-94-F-준비운동,국민체력100 운동처방 · 어르신 94세,,
등대고대퇴이두근스트레칭@,등대고대퇴이두근스트레칭,등 대고 대퇴이두근 스트레칭,,,,,,어르신-F;어르신-M;유아기-F;유아기-M,준비운동,False,3,6868,prescription:어르신-75-M-준비운동,국민체력100 운동처방 · 어르신 75세,,
등스트레칭@,등스트레칭,등 스트레칭,,,,,,어르신-F;어르신-M;유아기-M,정리운동,False,6,117,prescription:어르신-94-F-정리운동,국민체력100 운동처방 · 어르신 94세,,
등/어깨뒤쪽스트레칭@,등/어깨뒤쪽스트레칭,등/어깨 뒤쪽 스트레칭,,,,,,성인-F;성인-M;어르신-F;어르신-M;유아기-F;유아기-M;청소년-F;청소년-M,준비운동,False,1,42226,prescription:어르신-71-M-준비운동,국민체력100 운동처방 · 어르신 71세,,
딩딩링을끼워요@P6UZsc2YqEM#130,딩딩링을끼워요,딩딩링을 끼워요,P6UZsc2YqEM,130,214,https://www.youtube.com/watch?v=P6UZsc2YqEM&t=130s,유아기,유아기-F;유아기-M,정리운동,False,6,927,prescription:유아기-75-F-정리운동,국민체력100 운동처방 · 유아기 75개월,video:P6UZsc2YqEM,국민체력100 운동영상 · 🦖유아기 기초체력 향상 체조 | 소근육 발달 협응성 향상 운동 응용동작 (5min)
마주앉아대퇴이두근스트레칭@,마주앉아대퇴이두근스트레칭,마주 앉아 대퇴이두근 스트레칭,,,,,,어르신-F;어르신-M;유아기-F,준비운동,False,3,4317,prescription:어르신-88-M-준비운동,국민체력100 운동처방 · 어르신 88세,,
마주앉아대퇴이두근스트레칭2@,마주앉아대퇴이두근스트레칭2,마주 앉아 대퇴이두근 스트레칭2,,,,,,어르신-F;어르신-M;유아기-F,정리운동,False,5,2620,prescription:어르신-90-M-정리운동,국민체력100 운동처방 · 어르신 90세,,
막대잡고팔안쪽/바깥돌림@,막대잡고팔안쪽/바깥돌림,막대 잡고 팔 안쪽/바깥 돌림,,,,,,성인-F,준비운동,False,24,82,prescription:성인-62-F-준비운동,국민체력100 운동처방 · 성인 62세,,
매달려서다리들기@,매달려서다리들기,매달려서 다리 들기,,,,,,성인-F;성인-M,본운동,False,11,16895,prescription:성인-21-F-본운동,국민체력100 운동처방 · 성인 21세,,
맨몸운동루틴프로그램@,맨몸운동루틴프로그램,맨몸운동  루틴프로그램,,,,,,성인-F;성인-M;유소년-F;유소년-M;유아기-F;청소년-F;청소년-M,본운동,False,1,60081,prescription:청소년-13-F-본운동,국민체력100 운동처방 · 청소년 13세,,
머리위로공넘기기@,머리위로공넘기기,머리 위로 공 넘기기,,,,,,어르신-F;어르신-M,본운동,False,4,102,prescription:어르신-93-F-본운동,국민체력100 운동처방 · 어르신 93세,,
메디신볼운동루틴프로그램@,메디신볼운동루틴프로그램,메디신볼 운동  루틴프로그램,,,,,,청소년-F;청소년-M,본운동,False,9,10233,prescription:청소년-16-F-본운동,국민체력100 운동처방 · 청소년 16세,,
모관운동@,모관운동,모관운동,,,,,,청소년-F;청소년-M,정리운동,False,17,189,prescription:청소년-13-F-정리운동,국민체력100 운동처방 · 청소년 13세,,
목당기기@,목당기기,목 당기기,,,,,,청소년-F,정리운동,False,19,67,prescription:청소년-14-F-정리운동,국민체력100 운동처방 · 청소년 14세,,
목돌림스트레칭@,목돌림스트레칭,목 돌림 스트레칭,,,,,,어르신-F;어르신-M,정리운동,False,7,39,prescription:어르신-88-M-정리운동,국민체력100 운동처방 · 어르신 88세,,
목스트레칭@OpnELu5j4nk#224,목스트레칭,목 스트레칭,OpnELu5j4nk,224,330,https://www.youtube.com/watch?v=OpnELu5j4nk&t=224s,유아기,성인-F;성인-M;어르신-F;어르신-M;유아기-F;유아기-M;청소년-F;청소년-M,준비운동,False,1,29033,prescription:어르신-90-F-준비운동,국민체력100 운동처방 · 어르신 90세,video:OpnELu5j4nk,국민체력100 운동영상 · 🦖유아기 기초체력 향상 체조 | 성장기 말랑말랑 유연성 발달 운동 (10min)
목봉잡고앉았다일어나기@,목봉잡고앉았다일어나기,목봉잡고 앉았다 일어나기,,,,,,어르신-F;어르신-M,본운동,False,5,1417,prescription:어르신-89-M-본운동,국민체력100 운동처방 · 어르신 89세,,
몸앞으로굽히기@,몸앞으로굽히기,몸 앞으로 굽히기,,,,,,어르신-F;어르신-M;유아기-F,정리운동,False,4,4094,prescription:어르신-78-F-정리운동,국민체력100 운동처방 · 어르신 78세,,
몸통들어올리기@,몸통들어올리기,몸통 들어올리기,,,,,,어르신-F;어르신-M,본운동,False,7,3446,prescription:어르신-83-M-본운동,국민체력100 운동처방 · 어르신 83세,,
몸통비틀기@V9cymtUC61I#782,몸통비틀기,몸통 비틀기,V9cymtUC61I,782,808,https://www.youtube.com/watch?v=V9cymtUC61I&t=782s,청소년,어르신-F;어르신-M;유아기-F;유아기-M,준비운동,False,1,17701,prescription:어르신-65-M-준비운동,국민체력100 운동처방 · 어르신 65세,video:V9cymtUC61I,국민체력100 운동영상 · [청소년] 🎯이제는 정신력 싸움🎯 운동으로 멘탈 관리하고 대학가자!!
몸통비틀기@gOrg8Lva-8A#794,몸통비틀기,몸통 비틀기,gOrg8Lva-8A,794,832,https://www.youtube.com/watch?v=gOrg8Lva-8A&t=794s,유아기,어르신-F;어르신-M;유아기-F;유아기-M,준비운동,False,1,17701,prescription:어르신-65-M-준비운동,국민체력100 운동처방 · 어르신 65세,video:gOrg8Lva-8A,국민체력100 운동영상 · [유아기] 우리 아이 친밀감 UP! 건강 UP! 애착형성 필수 운동
몸통스트레칭@,몸통스트레칭,몸통 스트레칭,,,,,,청소년-F;청소년-M,정리운동,False,8,3866,prescription:청소년-14-F-정리운동,국민체력100 운동처방 · 청소년 14세,,
몸통앞으로굽혀걷기@,몸통앞으로굽혀걷기,몸통 앞으로 굽혀 걷기,,,,,,어르신-F;어르신-M,정리운동,False,7,189,prescription:어르신-91-F-정리운동,국민체력100 운동처방 · 어르신 91세,,
몸통옆으로굽히기@,몸통옆으로굽히기,몸통 옆으로 굽히기,,,,,,성인-F;청소년-F,본운동,False,21,480,prescription:청소년-16-F-본운동,국민체력100 운동처방 · 청소년 16세,,
무릎굽혀가슴닿기@,무릎굽혀가슴닿기,무릎 굽혀 가슴 닿기,,,,,,유소년-F;유소년-M,준비운동,False,4,5815,prescription:유소년-11-F-준비운동,국민체력100 운동처방 · 유소년 11세,,
무릎높여제자리달리기@,무릎높여제자리달리기,무릎 높여 제자리 달리기,,,,,,성인-F;성인-M,본운동,False,9,7210,prescription:성인-39-F-본운동,국민체력100 운동처방 · 성인 39세,,
무릎당겨올리기@,무릎당겨올리기,무릎 당겨올리기,,,,,,청소년-M,정리운동,False,18,474,prescription:청소년-14-M-정리운동,국민체력100 운동처방 · 청소년 14세,,
무릎대고상체뒤로젖히기@,무릎대고상체뒤로젖히기,무릎 대고 상체 뒤로 젖히기,,,,,,유소년-F;유소년-M,정리운동,False,13,2425,prescription:유소년-11-F-정리운동,국민체력100 운동처방 · 유소년 11세,,
무릎대고옆으로기울이기@,무릎대고옆으로기울이기,무릎 대고 옆으로 기울이기,,,,,,유소년-F;유소년-M;유아기-F,정리운동,False,7,2398,prescription:유소년-11-F-정리운동,국민체력100 운동처방 · 유소년 11세,,
무릎-허리높이로공튀기기@,무릎-허리높이로공튀기기,무릎-허리 높이로 공 튀기기,,,,,,유소년-F;유소년-M,본운동,False,25,1151,prescription:유소년-11-F-본운동,국민체력100 운동처방 · 유소년 11세,,
무릎당겨다리올리기@,무릎당겨다리올리기,무릎당겨 다리 올리기,,,,,,청소년-F;청소년-M,정리운동,False,10,308,prescription:청소년-14-M-정리운동,국민체력100 운동처방 · 청소년 14세,,
물병들고한발앞으로내밀고앉았다일어서기@,물병들고한발앞으로내밀고앉았다일어서기,물병 들고 한발 앞으로 내밀고 앉았다 일어서기,,,,,,어르신-F;어르신-M,본운동,False,6,162,prescription:어르신-89-M-본운동,국민체력100 운동처방 · 어르신 89세,,
물병옆으로들어올리기@,물병옆으로들어올리기,물병 옆으로 들어올리기,,,,,,성인-F,본운동,False,29,50,prescription:성인-34-F-본운동,국민체력100 운동처방 · 성인 34세,,
물속에서걷기@,물속에서걷기,물속에서 걷기,,,,,,어르신-F;어르신-M;유아기-F;유아기-M,본운동,False,3,4297,prescription:어르신-90-F-본운동,국민체력100 운동처방 · 어르신 90세,,
물통으로양팔들어올리기@,물통으로양팔들어올리기,물통으로 양팔 들어올리기,,,,,,어르신-F;어르신-M,본운동,False,13,395,prescription:어르신-79-M-본운동,국민체력100 운동처방 · 어르신 79세,,
바벨끌어당기기@,바벨끌어당기기,바벨 끌어당기기,,,,,,성인-F;성인-M;유아기-F,본운동,False,11,16397,prescription:성인-32-M-본운동,국민체력100 운동처방 · 성인 32세,,
바벨당겨올리기@,바벨당겨올리기,바벨 당겨 올리기,,,,,,어르신-F;어르신-M,본운동,False,18,523,prescription:어르신-77-M-본운동,국민체력100 운동처방 · 어르신 77세,,
바벨들어팔꿈치굽히기@,바벨들어팔꿈치굽히기,바벨 들어 팔꿈치 굽히기,,,,,,성인-F;성인-M,본운동,False,27,102,prescription:성인-42-F-본운동,국민체력100 운동처방 · 성인 42세,,
바벨잡고들어올리기@,바벨잡고들어올리기,바벨 잡고 들어올리기,,,,,,어르신-F;어르신-M,본운동,False,5,6407,prescription:어르신-85-M-본운동,국민체력100 운동처방 · 어르신 85세,,
바벨들어올리기@,바벨들어올리기,바벨들어올리기,,,,,,성인-F;성인-M,본운동,False,18,2564,prescription:성인-44-M-본운동,국민체력100 운동처방 · 성인 44세,,
바운딩운동루틴프로그램@,바운딩운동루틴프로그램,바운딩 운동  루틴프로그램,,,,,,청소년-F;청소년-M,본운동,False,7,11603,prescription:청소년-15-F-본운동,국민체력100 운동처방 · 청소년 15세,,
박스옆으로번갈아뛰기@,박스옆으로번갈아뛰기,박스 옆으로 번갈아 뛰기,,,,,,유소년-F;유소년-M,본운동,False,23,590,prescription:유소년-12-F-본운동,국민체력100 운동처방 · 유소년 12세,,
박스오르내리기@,박스오르내리기,박스 오르내리기,,,,,,유소년-F;유소년-M,본운동,False,16,2439,prescription:유소년-12-F-본운동,국민체력100 운동처방 · 유소년 12세,,
박스운동루틴프로그램@,박스운동루틴프로그램,박스 운동  루틴프로그램,,,,,,성인-F;성인-M;유소년-F;유소년-M;청소년-F;청소년-M,본운동,False,7,10985,prescription:청소년-13-F-본운동,국민체력100 운동처방 · 청소년 13세,,
발끝당기기@,발끝당기기,발 끝 당기기,,,,,,청소년-F;청소년-M,준비운동,False,3,24936,prescription:청소년-13-F-준비운동,국민체력100 운동처방 · 청소년 13세,,
발바꿔뛰기@,발바꿔뛰기,발 바꿔 뛰기,,,,,,청소년-F;청소년-M,본운동,False,18,2838,prescription:청소년-13-M-본운동,국민체력100 운동처방 · 청소년 13세,,
발가락폄근스트레칭@,발가락폄근스트레칭,발가락 폄근 스트레칭,,,,,,어르신-F;어르신-M,정리운동,False,19,314,prescription:어르신-76-M-정리운동,국민체력100 운동처방 · 어르신 76세,,
발등굽힘/발바닥굽힘@,발등굽힘/발바닥굽힘,발등굽힘/발바닥굽힘,,,,,,어르신-M,본운동,False,16,11,prescription:어르신-87-M-본운동,국민체력100 운동처방 · 어르신 87세,,
발로공주고받기@,발로공주고받기,발로 공주고 받기,,,,,,어르신-F;어르신-M,본운동,False,24,8,prescription:어르신-89-M-본운동,국민체력100 운동처방 · 어르신 89세,,
발목돌리기@,발목돌리기,발목 돌리기,,,,,,청소년-F;청소년-M,준비운동,False,2,28834,prescription:청소년-13-F-준비운동,국민체력100 운동처방 · 청소년 13세,,
발목얹고다리잡아당기기@,발목얹고다리잡아당기기,발목 얹고 다리 잡아당기기,,,,,,유소년-F;유소년-M,정리운동,False,5,6514,prescription:유소년-11-M-정리운동,국민체력100 운동처방 · 유소년 11세,,
발바닥마주대고끌어당기기@,발바닥마주대고끌어당기기,발바닥 마주대고 끌어당기기,,,,,,유소년-F;유소년-M,준비운동,False,3,7019,prescription:유소년-11-F-준비운동,국민체력100 운동처방 · 유소년 11세,,
발바닥치기@,발바닥치기,발바닥 치기,,,,,,어르신-F;어르신-M,본운동,False,3,2733,prescription:어르신-86-F-본운동,국민체력100 운동처방 · 어르신 86세,,
배스트레칭@,배스트레칭,배스트레칭,,,,,,성인-F;성인-M;어르신-F;어르신-M;유아기-F;유아기-M;청소년-F;청소년-M,정리운동,False,5,31513,prescription:성인-36-F-정리운동,국민체력100 운동처방 · 성인 36세,,
밴드걸고누워서다리들어올리기@,밴드걸고누워서다리들어올리기,밴드 걸고 누워서 다리 들어올리기,,,,,,어르신-F;어르신-M,본운동,False,12,590,prescription:어르신-69-M-본운동,국민체력100 운동처방 · 어르신 69세,,
밴드걸고앉아서발등굽힘@,밴드걸고앉아서발등굽힘,밴드 걸고 앉아서 발등 굽힘,,,,,,어르신-F;어르신-M,본운동,False,22,72,prescription:어르신-82-M-본운동,국민체력100 운동처방 · 어르신 82세,,
밴드걸고엎드려서다리구부리기@,밴드걸고엎드려서다리구부리기,밴드 걸고 엎드려서 다리 구부리기,,,,,,어르신-F;어르신-M,본운동,False,7,595,prescription:어르신-87-M-본운동,국민체력100 운동처방 · 어르신 87세,,
밴드걸고옆으로누워다리올리기@,밴드걸고옆으로누워다리올리기,밴드 걸고 옆으로 누워 다리 올리기,,,,,,어르신-F;어르신-M,본운동,False,3,166,prescription:어르신-92-F-본운동,국민체력100 운동처방 · 어르신 92세,,
밴드머리뒤로들어올리기@,밴드머리뒤로들어올리기,밴드 머리 뒤로 들어올리기,,,,,,어르신-F;어르신-M,본운동,False,8,321,prescription:어르신-92-F-본운동,국민체력100 운동처방 · 어르신 92세,,
밴드앞옆으로들어올리기@,밴드앞옆으로들어올리기,밴드 앞 옆으로 들어올리기,,,,,,유소년-M,준비운동,False,30,389,prescription:유소년-11-M-준비운동,국민체력100 운동처방 · 유소년 11세,,
밴드잡고누워서다리밀기@,밴드잡고누워서다리밀기,밴드 잡고 누워서 다리 밀기,,,,,,어르신-F;어르신-M,본운동,False,8,277,prescription:어르신-86-F-본운동,국민체력100 운동처방 · 어르신 86세,,
밴드를당겨요@OxtY_hEQzIM#6,밴드를당겨요,밴드를 당겨요,OxtY_hEQzIM,6,104,https://www.youtube.com/watch?v=OxtY_hEQzIM&t=6s,유아기,어르신-M;유아기-F;유아기-M,본운동,False,1,7411,prescription:유아기-48-F-본운동,국민체력100 운동처방 · 유아기 48개월,video:OxtY_hEQzIM,국민체력100 운동영상 · 🦖유아기 기초체력 향상 체조 | 대근육 발달 근력/근지구력 운동 응용동작 (7min)
밸런스보드에서요@oCAjIRASiVI#396,밸런스보드에서요,밸런스 보드에 서요,oCAjIRASiVI,396,468,https://www.youtube.com/watch?v=oCAjIRASiVI&t=396s,유아기,유아기-F;유아기-M,정리운동,False,6,269,prescription:유아기-71-F-정리운동,국민체력100 운동처방 · 유아기 71개월,video:oCAjIRASiVI,국민체력100 운동영상 · 🦖유아기 운동체력 향상 | 민첩성 순발력 평형성 협응력 키우기 응용운동 (15min)
밸런스볼에서요@oCAjIRASiVI#468,밸런스볼에서요,밸런스 볼에 서요,oCAjIRASiVI,468,542,https://www.youtube.com/watch?v=oCAjIRASiVI&t=468s,유아기,유아기-F;유아기-M,정리운동,False,5,173,prescription:유아기-71-F-정리운동,국민체력100 운동처방 · 유아기 71개월,video:oCAjIRASiVI,국민체력100 운동영상 · 🦖유아기 운동체력 향상 | 민첩성 순발력 평형성 협응력 키우기 응용운동 (15min)
버피테스트@,버피테스트,버피 테스트,,,,,,청소년-F;청소년-M,본운동,False,7,13668,prescription:청소년-17-F-본운동,국민체력100 운동처방 · 청소년 17세,,
버피운동@,버피운동,버피운동,,,,,,성인-F;성인-M;유아기-F;유아기-M,본운동,False,2,38015,prescription:성인-21-M-본운동,국민체력100 운동처방 · 성인 21세,,
베개밟고교차서기@,베개밟고교차서기,베개 밟고 교차 서기,,,,,,어르신-F,본운동,False,13,17,prescription:어르신-94-F-본운동,국민체력100 운동처방 · 어르신 94세,,
베개밟고대각방향으로서기@,베개밟고대각방향으로서기,베개 밟고 대각방향으로 서기,,,,,,어르신-F;어르신-M,본운동,False,22,29,prescription:어르신-89-M-본운동,국민체력100 운동처방 · 어르신 89세,,
베개밟고두발모아서기@,베개밟고두발모아서기,베개 밟고 두발 모아 서기,,,,,,어르신-F,준비운동,False,15,28,prescription:어르신-89-F-준비운동,국민체력100 운동처방 · 어르신 89세,,
베개밟고서기@,베개밟고서기,베개 밟고 서기,,,,,,어르신-F;어르신-M,본운동,False,12,628,prescription:어르신-91-F-본운동,국민체력100 운동처방 · 어르신 91세,,
베개밟고위로양팔들기@,베개밟고위로양팔들기,베개 밟고 위로 양팔 들기,,,,,,어르신-F,준비운동,False,21,8,prescription:어르신-93-F-준비운동,국민체력100 운동처방 · 어르신 93세,,
벽에서팔굽혀펴기@,벽에서팔굽혀펴기,벽에서 팔굽혀 펴기,,,,,,어르신-F;어르신-M;유아기-M,본운동,False,4,2231,prescription:어르신-92-F-본운동,국민체력100 운동처방 · 어르신 92세,,
벽잡고빨리뛰기@,벽잡고빨리뛰기,벽잡고 빨리 뛰기,,,,,,유소년-F;유소년-M,본운동,False,17,2333,prescription:유소년-11-M-본운동,국민체력100 운동처방 · 유소년 11세,,
벽패스@,벽패스,벽패스,,,,,,유소년-F;유소년-M,본운동,False,7,6180,prescription:유소년-11-F-본운동,국민체력100 운동처방 · 유소년 11세,,
복부스트레칭@,복부스트레칭,복부 스트레칭,,,,,,어르신-F;어르신-M;유아기-M,준비운동,False,3,287,prescription:어르신-94-F-준비운동,국민체력100 운동처방 · 어르신 94세,,
볼위에앉아밴드양옆으로당기기@,볼위에앉아밴드양옆으로당기기,볼 위에 앉아 밴드 양옆으로 당기기,,,,,,어르신-M,본운동,False,15,36,prescription:어르신-82-M-본운동,국민체력100 운동처방 · 어르신 82세,,
분리배출해요@oCAjIRASiVI#854,분리배출해요,분리배출 해요,oCAjIRASiVI,854,936,https://www.youtube.com/watch?v=oCAjIRASiVI&t=854s,유아기,유아기-F;유아기-M,정리운동,False,11,390,prescription:유아기-77-F-정리운동,국민체력100 운동처방 · 유아기 77개월,video:oCAjIRASiVI,국민체력100 운동영상 · 🦖유아기 운동체력 향상 | 민첩성 순발력 평형성 협응력 키우기 응용운동 (15min)
비복근스트레칭@,비복근스트레칭,비복근 스트레칭,,,,,,어르신-F;어르신-M,준비운동,False,2,1201,prescription:어르신-87-F-준비운동,국민체력100 운동처방 · 어르신 87세,,
빌리보를밀어요@OxtY_hEQzIM#104,빌리보를밀어요,빌리보를 밀어요,OxtY_hEQzIM,104,158,https://www.youtube.com/watch?v=OxtY_hEQzIM&t=104s,유아기,유아기-F;유아기-M,본운동,False,1,3576,prescription:유아기-79-F-본운동,국민체력100 운동처방 · 유아기 79개월,video:OxtY_hEQzIM,국민체력100 운동영상 · 🦖유아기 기초체력 향상 체조 | 대근육 발달 근력/근지구력 운동 응용동작 (7min)
빠르게걷기@,빠르게걷기,빠르게 걷기,,,,,,성인-F;성인-M;어르신-M;유아기-F,준비운동,False,9,779,prescription:유아기-48-F-준비운동,국민체력100 운동처방 · 유아기 48개월,,
빠른발뛰기@,빠른발뛰기,빠른 발 뛰기,,,,,,청소년-F,준비운동,False,18,361,prescription:청소년-16-F-준비운동,국민체력100 운동처방 · 청소년 16세,,
뽁뽁이를눌러요@P6UZsc2YqEM#14,뽁뽁이를눌러요,뽁뽁이를 눌러요,P6UZsc2YqEM,14,130,https://www.youtube.com/watch?v=P6UZsc2YqEM&t=14s,유아기,유아기-F;유아기-M,본운동,False,10,254,prescription:유아기-80-F-본운동,국민체력100 운동처방 · 유아기 80개월,video:P6UZsc2YqEM,국민체력100 운동영상 · 🦖유아기 기초체력 향상 체조 | 소근육 발달 협응성 향상 운동 응용동작 (5min)
사다리안팎뛰기@,사다리안팎뛰기,사다리 안팎 뛰기,,,,,,성인-F,본운동,False,29,95,prescription:성인-37-F-본운동,국민체력100 운동처방 · 성인 37세,,
사다리운동루틴프로그램@,사다리운동루틴프로그램,사다리 운동  루틴프로그램,,,,,,유소년-F;유소년-M;청소년-F;청소년-M,본운동,False,9,10320,prescription:청소년-13-M-본운동,국민체력100 운동처방 · 청소년 13세,,
사다리이용루틴운동@,사다리이용루틴운동,사다리 이용 루틴 운동,,,,,,어르신-F;어르신-M,본운동,False,7,2300,prescription:어르신-86-M-본운동,국민체력100 운동처방 · 어르신 86세,,
사이드스텝@,사이드스텝,사이드 스텝,,,,,,청소년-F;청소년-M,본운동,False,21,923,prescription:청소년-17-F-본운동,국민체력100 운동처방 · 청소년 17세,,
상지루틴스트레칭@,상지루틴스트레칭,상지 루틴 스트레칭,,,,,,성인-F;성인-M;어르신-F;어르신-M;유아기-F;유아기-M;청소년-F;청소년-M,정리운동,False,2,87670,prescription:성인-31-M-정리운동,국민체력100 운동처방 · 성인 31세,,
상체앞으로숙이기@,상체앞으로숙이기,상체 앞으로 숙이기,,,,,,청소년-F;청소년-M,정리운동,False,13,1100,prescription:청소년-13-F-정리운동,국민체력100 운동처방 · 청소년 13세,,
서서다리뒤로차기@,서서다리뒤로차기,서서 다리 뒤로 차기,,,,,,성인-F;성인-M,본운동,False,19,443,prescription:성인-47-F-본운동,국민체력100 운동처방 · 성인 47세,,
서서다리모으고벌리기@XSn6DE3cxy4#608,서서다리모으고벌리기,서서 다리 모으고 벌리기,XSn6DE3cxy4,608,1704,https://www.youtube.com/watch?v=XSn6DE3cxy4&t=608s,청소년,어르신-F;어르신-M,준비운동,False,9,502,prescription:어르신-93-F-준비운동,국민체력100 운동처방 · 어르신 93세,video:XSn6DE3cxy4,국민체력100 운동영상 · [👩🏻‍🎓청소년] 중고등학생 체중조절 다이어트 운동프로그램 (30min)
서서다리로탄력밴드당겨중심잡기루틴운동@,서서다리로탄력밴드당겨중심잡기루틴운동,서서 다리로 탄력밴드 당겨 중심 잡기 루틴 운동,,,,,,어르신-F;어르신-M,본운동,False,14,1230,prescription:어르신-84-M-본운동,국민체력100 운동처방 · 어르신 84세,,
서서뒤꿈치들기@,서서뒤꿈치들기,서서 뒤꿈치 들기,,,,,,성인-F;성인-M;어르신-F;어르신-M,본운동,False,5,1701,prescription:어르신-88-F-본운동,국민체력100 운동처방 · 어르신 88세,,
서서발목누르기@,서서발목누르기,서서 발목 누르기,,,,,,청소년-F;청소년-M,정리운동,False,12,1441,prescription:청소년-15-F-정리운동,국민체력100 운동처방 · 청소년 15세,,
서서발목뒤로당기기@,서서발목뒤로당기기,서서 발목 뒤로 당기기,,,,,,청소년-F;청소년-M,정리운동,False,15,627,prescription:청소년-15-M-정리운동,국민체력100 운동처방 · 청소년 15세,,
서서팔꿈치펴기@,서서팔꿈치펴기,서서 팔꿈치 펴기,,,,,,어르신-F;어르신-M,본운동,False,12,1282,prescription:어르신-66-M-본운동,국민체력100 운동처방 · 어르신 66세,,
서서한팔들어오른쪽왼쪽뻗기@,서서한팔들어오른쪽왼쪽뻗기,서서 한팔 들어 오른쪽 왼쪽 뻗기,,,,,,청소년-M,정리운동,False,15,490,prescription:청소년-16-M-정리운동,국민체력100 운동처방 · 청소년 16세,,
소방훈련해요@AN7gNF5QT1w#228,소방훈련해요,소방훈련 해요,AN7gNF5QT1w,228,984,https://www.youtube.com/watch?v=AN7gNF5QT1w&t=228s,유아기,유아기-F;유아기-M,본운동,False,7,1528,prescription:유아기-55-M-본운동,국민체력100 운동처방 · 유아기 55개월,video:AN7gNF5QT1w,국민체력100 운동영상 · 🦖유아기 체력 향상 (복합운동) | EP02.불이야~!!! 소방훈련해요! (25miin)
소파를이용한윗몸올리기@,소파를이용한윗몸올리기,소파를 이용한 윗몸올리기,,,,,,성인-F;성인-M,본운동,False,14,4611,prescription:성인-49-M-본운동,국민체력100 운동처방 · 성인 49세,,
손뻗어윗몸일으키기@,손뻗어윗몸일으키기,손 뻗어 윗몸 일으키기,,,,,,청소년-F;청소년-M,본운동,False,11,9097,prescription:청소년-16-M-본운동,국민체력100 운동처방 · 청소년 16세,,
손목펴기/굽히기@,손목펴기/굽히기,손목 펴기/굽히기,,,,,,성인-F;성인-M;어르신-M,본운동,False,13,1063,prescription:어르신-90-M-본운동,국민체력100 운동처방 · 어르신 90세,,
수영@,수영,수영,,,,,,성인-F;성인-M;어르신-F;어르신-M;유아기-F;유아기-M;청소년-F;청소년-M,본운동,False,3,51818,prescription:성인-42-F-본운동,국민체력100 운동처방 · 성인 42세,,
슈퍼맨자세@,슈퍼맨자세,슈퍼맨자세,,,,,,유소년-F;유소년-M,본운동,False,13,3670,prescription:유소년-12-M-본운동,국민체력100 운동처방 · 유소년 12세,,
스카프저글링@,스카프저글링,스카프 저글링,,,,,,어르신-F,본운동,False,30,6,prescription:어르신-90-F-본운동,국민체력100 운동처방 · 어르신 90세,,
스텝박스@,스텝박스,스텝박스,,,,,,어르신-F;어르신-M;유아기-F;유아기-M,본운동,False,2,14978,prescription:어르신-67-F-본운동,국민체력100 운동처방 · 어르신 67세,,
스텝박스오르내리기@,스텝박스오르내리기,스텝박스 오르내리기,,,,,,어르신-F;어르신-M;유아기-F,본운동,False,3,13252,prescription:어르신-77-M-본운동,국민체력100 운동처방 · 어르신 77세,,
스텝퍼뛰어서넘어가기@,스텝퍼뛰어서넘어가기,스텝퍼 뛰어서 넘어가기,,,,,,성인-F,본운동,False,24,87,prescription:성인-47-F-본운동,국민체력100 운동처방 · 성인 47세,,
스텝퍼뛰어서오르내리기@,스텝퍼뛰어서오르내리기,스텝퍼 뛰어서 오르내리기,,,,,,성인-F,본운동,False,20,53,prescription:성인-39-F-본운동,국민체력100 운동처방 · 성인 39세,,
스텝퍼옆으로뛰어넘기@,스텝퍼옆으로뛰어넘기,스텝퍼 옆으로 뛰어넘기,,,,,,성인-F,본운동,False,26,96,prescription:성인-39-F-본운동,국민체력100 운동처방 · 성인 39세,,
스텝퍼오르내리기@,스텝퍼오르내리기,스텝퍼 오르내리기,,,,,,성인-F;성인-M,본운동,False,22,606,prescription:성인-47-M-본운동,국민체력100 운동처방 · 성인 47세,,
실내자전거타기@,실내자전거타기,실내 자전거타기,,,,,,성인-F;성인-M;어르신-F;어르신-M;유아기-F;유아기-M;청소년-F;청소년-M,본운동,False,2,59033,prescription:성인-23-M-본운동,국민체력100 운동처방 · 성인 23세,,
실외자전거타기@,실외자전거타기,실외 자전거타기,,,,,,성인-F;성인-M,준비운동,False,11,18091,prescription:성인-34-M-준비운동,국민체력100 운동처방 · 성인 34세,,
아기자세@Eg3GpTv7z8s#230,아기자세,아기자세,Eg3GpTv7z8s,230,330,https://www.youtube.com/watch?v=Eg3GpTv7z8s&t=230s,유소년,청소년-F;청소년-M,준비운동,True,15,811,prescription:청소년-16-M-준비운동,국민체력100 운동처방 · 청소년 16세,video:Eg3GpTv7z8s,국민체력100 운동영상 · [👦🏻유소년] 성장기 학생들을 위한 근력 운동 프로그램 (30min)
아기자세@HYl0oA1Ptyw#204,아기자세,아기자세,HYl0oA1Ptyw,204,302,https://www.youtube.com/watch?v=HYl0oA1Ptyw&t=204s,청소년,청소년-F;청소년-M,준비운동,True,15,811,prescription:청소년-16-M-준비운동,국민체력100 운동처방 · 청소년 16세,video:HYl0oA1Ptyw,국민체력100 운동영상 · [👩🏻‍🎓청소년] 중고등학생 체력향상 운동프로그램 (30min)
아기자세@TmVZ2gdZnQQ#216,아기자세,아기자세,TmVZ2gdZnQQ,216,316,https://www.youtube.com/watch?v=TmVZ2gdZnQQ&t=216s,유소년,청소년-F;청소년-M,준비운동,True,15,811,prescription:청소년-16-M-준비운동,국민체력100 운동처방 · 청소년 16세,video:TmVZ2gdZnQQ,국민체력100 운동영상 · [👦🏻유소년] 성장기 학생들을 위한 운동체력향상 운동프로그램 (30min)
아기자세@XSn6DE3cxy4#214,아기자세,아기자세,XSn6DE3cxy4,214,314,https://www.youtube.com/watch?v=XSn6DE3cxy4&t=214s,청소년,청소년-F;청소년-M,준비운동,True,15,811,prescription:청소년-16-M-준비운동,국민체력100 운동처방 · 청소년 16세,video:XSn6DE3cxy4,국민체력100 운동영상 · [👩🏻‍🎓청소년] 중고등학생 체중조절 다이어트 운동프로그램 (30min)
아기자세@p12bb2zMebw#214,아기자세,아기자세,p12bb2zMebw,214,312,https://www.youtube.com/watch?v=p12bb2zMebw&t=214s,유소년,청소년-F;청소년-M,준비운동,True,15,811,prescription:청소년-16-M-준비운동,국민체력100 운동처방 · 청소년 16세,video:p12bb2zMebw,국민체력100 운동영상 · [👦🏻유소년] 성장기 학생들을 위한 체력향상 운동프로그램 (30min)
아래팔스트레칭@,아래팔스트레칭,아래 팔 스트레칭,,,,,,성인-F;성인-M;어르신-F;어르신-M;유아기-F;유아기-M;청소년-F;청소년-M,준비운동,False,5,20166,prescription:성인-63-M-준비운동,국민체력100 운동처방 · 성인 63세,,
아쿠아로빅@,아쿠아로빅,아쿠아로빅,,,,,,어르신-F;어르신-M,본운동,False,6,3799,prescription:어르신-89-F-본운동,국민체력100 운동처방 · 어르신 89세,,
아쿠아로빅운동프로그램루틴@,아쿠아로빅운동프로그램루틴,아쿠아로빅 운동 프로그램 루틴,,,,,,어르신-F,본운동,False,5,43,prescription:어르신-94-F-본운동,국민체력100 운동처방 · 어르신 94세,,
아쿠아로빅-몸기울이기/회전하기@,아쿠아로빅-몸기울이기/회전하기,아쿠아로빅-몸 기울이기/회전하기,,,,,,어르신-F,정리운동,False,14,37,prescription:어르신-83-F-정리운동,국민체력100 운동처방 · 어르신 83세,,
아쿠아로빅-물누르기/올리기@,아쿠아로빅-물누르기/올리기,아쿠아로빅-물누르기/올리기,,,,,,어르신-M,본운동,False,26,3,prescription:어르신-90-M-본운동,국민체력100 운동처방 · 어르신 90세,,
앉아윗몸앞으로굽히기@,앉아윗몸앞으로굽히기,앉아 윗몸 앞으로 굽히기,,,,,,유소년-F;유소년-M;유아기-M,준비운동,False,12,2144,prescription:유아기-78-M-준비운동,국민체력100 운동처방 · 유아기 78개월,,
앉아서가슴모으기@,앉아서가슴모으기,앉아서 가슴 모으기,,,,,,어르신-F;어르신-M,본운동,False,10,915,prescription:어르신-91-F-본운동,국민체력100 운동처방 · 어르신 91세,,
앉아서다리밀기@,앉아서다리밀기,앉아서 다리 밀기,,,,,,성인-M;어르신-F;어르신-M,본운동,False,3,8530,prescription:어르신-82-F-본운동,국민체력100 운동처방 · 어르신 82세,,
앉아서다리펴기@,앉아서다리펴기,앉아서 다리 펴기,,,,,,어르신-F;어르신-M;유아기-F,본운동,False,1,14078,prescription:어르신-73-F-본운동,국민체력100 운동처방 · 어르신 73세,,
앉아서다리펴서들어올리기@,앉아서다리펴서들어올리기,앉아서 다리 펴서 들어올리기,,,,,,유아기-F,본운동,False,23,8,prescription:유아기-80-F-본운동,국민체력100 운동처방 · 유아기 80개월,,
앉아서당겨내리기@,앉아서당겨내리기,앉아서 당겨 내리기,,,,,,성인-F;성인-M;어르신-F;어르신-M,본운동,False,8,3381,prescription:어르신-77-M-본운동,국민체력100 운동처방 · 어르신 77세,,
앉아서덤벨로손목굽히기@,앉아서덤벨로손목굽히기,앉아서 덤벨로 손목 굽히기,,,,,,어르신-F;어르신-M,본운동,False,13,827,prescription:어르신-66-M-본운동,국민체력100 운동처방 · 어르신 66세,,
앉아서뒤로당기기@,앉아서뒤로당기기,앉아서 뒤로 당기기,,,,,,어르신-F;어르신-M,본운동,False,8,1622,prescription:어르신-89-M-본운동,국민체력100 운동처방 · 어르신 89세,,
앉아서몸통움츠리기@,앉아서몸통움츠리기,앉아서 몸통 움츠리기,,,,,,어르신-F;어르신-M,준비운동,False,10,298,prescription:어르신-93-F-준비운동,국민체력100 운동처방 · 어르신 93세,,
앉아서밴드잡고몸통돌리기@,앉아서밴드잡고몸통돌리기,앉아서 밴드 잡고 몸통 돌리기,,,,,,어르신-M,본운동,False,27,5,prescription:어르신-88-M-본운동,국민체력100 운동처방 · 어르신 88세,,
앉아서어깨위로밀기@,앉아서어깨위로밀기,앉아서 어깨 위로 밀기,,,,,,어르신-F;어르신-M,본운동,False,19,38,prescription:어르신-88-F-본운동,국민체력100 운동처방 · 어르신 88세,,
앉아서엉덩관절굽히기@,앉아서엉덩관절굽히기,앉아서 엉덩관절 굽히기,,,,,,성인-M;어르신-M,본운동,False,8,210,prescription:어르신-87-M-본운동,국민체력100 운동처방 · 어르신 87세,,
앉아서엉덩이들고이동하기@,앉아서엉덩이들고이동하기,앉아서 엉덩이 들고 이동하기,,,,,,유소년-F;유소년-M,준비운동,False,7,7998,prescription:유소년-11-F-준비운동,국민체력100 운동처방 · 유소년 11세,,
앉아서옆구리늘려주기@,앉아서옆구리늘려주기,앉아서 옆구리 늘려주기,,,,,,유소년-F;유소년-M,정리운동,False,12,2514,prescription:유소년-12-M-정리운동,국민체력100 운동처방 · 유소년 12세,,
앉아서팔꿈치굽히기@,앉아서팔꿈치굽히기,앉아서 팔꿈치 굽히기,,,,,,어르신-F;어르신-M,본운동,False,6,1769,prescription:어르신-86-M-본운동,국민체력100 운동처방 · 어르신 86세,,
앉아서한발앞으로굽히기@,앉아서한발앞으로굽히기,앉아서 한 발 앞으로 굽히기,,,,,,유소년-F;유소년-M;유아기-M,정리운동,False,17,1978,prescription:유소년-12-F-정리운동,국민체력100 운동처방 · 유소년 12세,,
앉았다일어서기@gOrg8Lva-8A#730,앉았다일어서기,앉았다 일어서기,gOrg8Lva-8A,730,794,https://www.youtube.com/watch?v=gOrg8Lva-8A&t=730s,유아기,성인-F;성인-M;어르신-F;유소년-F;유소년-M;유아기-F;유아기-M;청소년-F;청소년-M,본운동,False,1,60950,prescription:성인-62-F-본운동,국민체력100 운동처방 · 성인 62세,video:gOrg8Lva-8A,국민체력100 운동영상 · [유아기] 우리 아이 친밀감 UP! 건강 UP! 애착형성 필수 운동
앉았다일어서면서점프하기@,앉았다일어서면서점프하기,앉았다 일어서면서 점프하기,,,,,,성인-F;성인-M,본운동,False,12,11805,prescription:성인-41-F-본운동,국민체력100 운동처방 · 성인 41세,,
알록달록공을옮겨요@oCAjIRASiVI#776,알록달록공을옮겨요,알록달록 공을 옮겨요,oCAjIRASiVI,776,854,https://www.youtube.com/watch?v=oCAjIRASiVI&t=776s,유아기,유아기-F;유아기-M,본운동,False,3,2592,prescription:유아기-76-F-본운동,국민체력100 운동처방 · 유아기 76개월,video:oCAjIRASiVI,국민체력100 운동영상 · 🦖유아기 운동체력 향상 | 민첩성 순발력 평형성 협응력 키우기 응용운동 (15min)
알록달록붙여요@5Crvk_HZPy8#228,알록달록붙여요,알록달록 붙여요,5Crvk_HZPy8,228,1038,https://www.youtube.com/watch?v=5Crvk_HZPy8&t=228s,유아기,유아기-F;유아기-M,준비운동,False,6,1819,prescription:유아기-78-M-준비운동,국민체력100 운동처방 · 유아기 78개월,video:5Crvk_HZPy8,국민체력100 운동영상 · 🦖유아기 체력 향상 (복합운동) | EP03.알록달록 붙여요! (20miin)
알을낳아요@SZefn91w66o#80,알을낳아요,알을 낳아요,SZefn91w66o,80,138,https://www.youtube.com/watch?v=SZefn91w66o&t=80s,유아기,유아기-F;유아기-M,정리운동,False,2,2876,prescription:유아기-81-M-정리운동,국민체력100 운동처방 · 유아기 81개월,video:SZefn91w66o,국민체력100 운동영상 · 🦖유아기 기초체력 향상 체조 | 심폐체력 유연성 운동 응용동작 (7min)
앞굽이앉았다일어서기@,앞굽이앉았다일어서기,앞굽이 앉았다 일어서기,,,,,,청소년-F;청소년-M,본운동,False,23,2240,prescription:청소년-17-M-본운동,국민체력100 운동처방 · 청소년 17세,,
앞뒤로선넘기@,앞뒤로선넘기,앞뒤로 선넘기,,,,,,어르신-F;어르신-M,정리운동,False,1,1722,prescription:어르신-94-F-정리운동,국민체력100 운동처방 · 어르신 94세,,
앞뒤로한발씩걷기@,앞뒤로한발씩걷기,앞뒤로 한발씩 걷기,,,,,,어르신-F;어르신-M,본운동,False,17,55,prescription:어르신-81-M-본운동,국민체력100 운동처방 · 어르신 81세,,
양손번갈아공튀기기@,양손번갈아공튀기기,양 손 번갈아 공 튀기기,,,,,,유소년-F;유소년-M,본운동,False,21,2673,prescription:유소년-11-M-본운동,국민체력100 운동처방 · 유소년 11세,,
양발교차하여서서몸통숙이기@,양발교차하여서서몸통숙이기,양발 교차하여 서서 몸통 숙이기,,,,,,청소년-F;청소년-M,정리운동,False,10,2635,prescription:청소년-16-M-정리운동,국민체력100 운동처방 · 청소년 16세,,
양발나란히서기@,양발나란히서기,양발 나란히 서기,,,,,,어르신-F;어르신-M,본운동,False,9,11,prescription:어르신-92-F-본운동,국민체력100 운동처방 · 어르신 92세,,
양발모아좌우뛰기@,양발모아좌우뛰기,양발 모아 좌우 뛰기,,,,,,청소년-F;청소년-M,본운동,False,21,2589,prescription:청소년-16-M-본운동,국민체력100 운동처방 · 청소년 16세,,
양발모았다벌려뛰기@,양발모았다벌려뛰기,양발 모았다 벌려뛰기,,,,,,청소년-F;청소년-M,본운동,False,19,543,prescription:청소년-13-M-본운동,국민체력100 운동처방 · 청소년 13세,,
양발벌려무릎밀어내기@,양발벌려무릎밀어내기,양발 벌려 무릎 밀어내기,,,,,,청소년-M,정리운동,False,14,315,prescription:청소년-15-M-정리운동,국민체력100 운동처방 · 청소년 15세,,
양손모아균형잡기@,양손모아균형잡기,양손 모아 균형 잡기,,,,,,청소년-F,정리운동,False,16,103,prescription:청소년-16-F-정리운동,국민체력100 운동처방 · 청소년 16세,,
양팔벌려전신비틀기@Eg3GpTv7z8s#1746,양팔벌려전신비틀기,양팔 벌려 전신 비틀기,Eg3GpTv7z8s,1746,1764,https://www.youtube.com/watch?v=Eg3GpTv7z8s&t=1746s,유소년,어르신-F;어르신-M,준비운동,True,4,22,prescription:어르신-89-M-준비운동,국민체력100 운동처방 · 어르신 89세,video:Eg3GpTv7z8s,국민체력100 운동영상 · [👦🏻유소년] 성장기 학생들을 위한 근력 운동 프로그램 (30min)
양팔벌려전신비틀기@HYl0oA1Ptyw#2276,양팔벌려전신비틀기,양팔 벌려 전신 비틀기,HYl0oA1Ptyw,2276,2294,https://www.youtube.com/watch?v=HYl0oA1Ptyw&t=2276s,청소년,어르신-F;어르신-M,준비운동,True,4,22,prescription:어르신-89-M-준비운동,국민체력100 운동처방 · 어르신 89세,video:HYl0oA1Ptyw,국민체력100 운동영상 · [👩🏻‍🎓청소년] 중고등학생 체력향상 운동프로그램 (30min)
양팔벌려전신비틀기@TmVZ2gdZnQQ#1536,양팔벌려전신비틀기,양팔 벌려 전신 비틀기,TmVZ2gdZnQQ,1536,1554,https://www.youtube.com/watch?v=TmVZ2gdZnQQ&t=1536s,유소년,어르신-F;어르신-M,준비운동,True,4,22,prescription:어르신-89-M-준비운동,국민체력100 운동처방 · 어르신 89세,video:TmVZ2gdZnQQ,국민체력100 운동영상 · [👦🏻유소년] 성장기 학생들을 위한 운동체력향상 운동프로그램 (30min)
양팔벌려전신비틀기@XSn6DE3cxy4#1856,양팔벌려전신비틀기,양팔 벌려 전신 비틀기,XSn6DE3cxy4,1856,1874,https://www.youtube.com/watch?v=XSn6DE3cxy4&t=1856s,청소년,어르신-F;어르신-M,준비운동,True,4,22,prescription:어르신-89-M-준비운동,국민체력100 운동처방 · 어르신 89세,video:XSn6DE3cxy4,국민체력100 운동영상 · [👩🏻‍🎓청소년] 중고등학생 체중조절 다이어트 운동프로그램 (30min)
양팔벌려전신비틀기@p12bb2zMebw#2058,양팔벌려전신비틀기,양팔 벌려 전신 비틀기,p12bb2zMebw,2058,2076,https://www.youtube.com/watch?v=p12bb2zMebw&t=2058s,유소년,어르신-F;어르신-M,준비운동,True,4,22,prescription:어르신-89-M-준비운동,국민체력100 운동처방 · 어르신 89세,video:p12bb2zMebw,국민체력100 운동영상 · [👦🏻유소년] 성장기 학생들을 위한 체력향상 운동프로그램 (30min)
어깨뒤쪽스트레칭@,어깨뒤쪽스트레칭,어깨 뒤쪽 스트레칭,,,,,,어르신-F;어르신-M,준비운동,False,5,1309,prescription:어르신-88-F-준비운동,국민체력100 운동처방 · 어르신 88세,,
어깨스트레칭@OpnELu5j4nk#112,어깨스트레칭,어깨 스트레칭,OpnELu5j4nk,112,224,https://www.youtube.com/watch?v=OpnELu5j4nk&t=112s,유아기,어르신-F;어르신-M;유아기-F;유아기-M,준비운동,False,1,14004,prescription:어르신-65-F-준비운동,국민체력100 운동처방 · 어르신 65세,video:OpnELu5j4nk,국민체력100 운동영상 · 🦖유아기 기초체력 향상 체조 | 성장기 말랑말랑 유연성 발달 운동 (10min)
어깨양옆으로돌리기@,어깨양옆으로돌리기,어깨 양 옆으로 돌리기,,,,,,어르신-F;어르신-M,정리운동,False,6,53,prescription:어르신-91-F-정리운동,국민체력100 운동처방 · 어르신 91세,,
어깨올리기@,어깨올리기,어깨 올리기,,,,,,어르신-F;어르신-M,정리운동,False,10,91,prescription:어르신-83-F-정리운동,국민체력100 운동처방 · 어르신 83세,,
엇박자뛰기@,엇박자뛰기,엇박자 뛰기,,,,,,청소년-F;청소년-M,본운동,False,20,949,prescription:청소년-14-M-본운동,국민체력100 운동처방 · 청소년 14세,,
엉금엉금기어요@IfV5H7USgaA#326,엉금엉금기어요,엉금엉금 기어요,IfV5H7USgaA,326,372,https://www.youtube.com/watch?v=IfV5H7USgaA&t=326s,유아기,유아기-F;유아기-M,본운동,True,7,1302,prescription:유아기-53-F-본운동,국민체력100 운동처방 · 유아기 53개월,video:IfV5H7USgaA,국민체력100 운동영상 · 🦖유아기 기초체력 향상 체조 | 대근육 발달 근력/근지구력 운동 (8min)
엉금엉금기어요@OxtY_hEQzIM#228,엉금엉금기어요,엉금엉금 기어요,OxtY_hEQzIM,228,294,https://www.youtube.com/watch?v=OxtY_hEQzIM&t=228s,유아기,유아기-F;유아기-M,본운동,True,7,1302,prescription:유아기-53-F-본운동,국민체력100 운동처방 · 유아기 53개월,video:OxtY_hEQzIM,국민체력100 운동영상 · 🦖유아기 기초체력 향상 체조 | 대근육 발달 근력/근지구력 운동 응용동작 (7min)
엉덩이스트레칭@,엉덩이스트레칭,엉덩이 스트레칭,,,,,,성인-F;성인-M;어르신-F;어르신-M;유아기-F;유아기-M;청소년-M,정리운동,False,1,43641,prescription:어르신-65-M-정리운동,국민체력100 운동처방 · 어르신 65세,,
엉덩이스트레칭2@,엉덩이스트레칭2,엉덩이 스트레칭2,,,,,,어르신-F;어르신-M;유아기-F,정리운동,False,2,5194,prescription:어르신-74-M-정리운동,국민체력100 운동처방 · 어르신 74세,,
엎드려교차발잡아당기기@,엎드려교차발잡아당기기,엎드려 교차 발 잡아당기기,,,,,,유소년-F;유소년-M,정리운동,False,5,2557,prescription:유소년-11-F-정리운동,국민체력100 운동처방 · 유소년 11세,,
엎드려다리들어올리기@,엎드려다리들어올리기,엎드려 다리 들어올리기,,,,,,유소년-F;유소년-M,본운동,False,18,2294,prescription:유소년-12-M-본운동,국민체력100 운동처방 · 유소년 12세,,
엎드려뒤로다리올리기@,엎드려뒤로다리올리기,엎드려 뒤로 다리 올리기,,,,,,어르신-F;어르신-M,본운동,False,16,50,prescription:어르신-79-M-본운동,국민체력100 운동처방 · 어르신 79세,,
엎드려무릎연속차기@,엎드려무릎연속차기,엎드려 무릎 연속 차기,,,,,,유소년-F;유소년-M;청소년-F,본운동,False,7,6825,prescription:유소년-12-F-본운동,국민체력100 운동처방 · 유소년 12세,,
엎드려버티기@,엎드려버티기,엎드려 버티기,,,,,,성인-F;성인-M;유아기-F;유아기-M;청소년-F;청소년-M,본운동,False,2,46747,prescription:성인-22-F-본운동,국민체력100 운동처방 · 성인 22세,,
엎드려상체들어올리기@Eg3GpTv7z8s#1594,엎드려상체들어올리기,엎드려 상체 들어올리기,Eg3GpTv7z8s,1594,1746,https://www.youtube.com/watch?v=Eg3GpTv7z8s&t=1594s,유소년,유소년-F;유소년-M;청소년-F;청소년-M,정리운동,True,1,10998,prescription:유소년-11-F-정리운동,국민체력100 운동처방 · 유소년 11세,video:Eg3GpTv7z8s,국민체력100 운동영상 · [👦🏻유소년] 성장기 학생들을 위한 근력 운동 프로그램 (30min)
엎드려상체들어올리기@HYl0oA1Ptyw#2124,엎드려상체들어올리기,엎드려 상체 들어올리기,HYl0oA1Ptyw,2124,2276,https://www.youtube.com/watch?v=HYl0oA1Ptyw&t=2124s,청소년,유소년-F;유소년-M;청소년-F;청소년-M,정리운동,True,1,10998,prescription:유소년-11-F-정리운동,국민체력100 운동처방 · 유소년 11세,video:HYl0oA1Ptyw,국민체력100 운동영상 · [👩🏻‍🎓청소년] 중고등학생 체력향상 운동프로그램 (30min)
엎드려상체들어올리기@TmVZ2gdZnQQ#1384,엎드려상체들어올리기,엎드려 상체 들어올리기,TmVZ2gdZnQQ,1384,1536,https://www.youtube.com/watch?v=TmVZ2gdZnQQ&t=1384s,유소년,유소년-F;유소년-M;청소년-F;청소년-M,정리운동,True,1,10998,prescription:유소년-11-F-정리운동,국민체력100 운동처방 · 유소년 11세,video:TmVZ2gdZnQQ,국민체력100 운동영상 · [👦🏻유소년] 성장기 학생들을 위한 운동체력향상 운동프로그램 (30min)
엎드려상체들어올리기@XSn6DE3cxy4#1704,엎드려상체들어올리기,엎드려 상체 들어올리기,XSn6DE3cxy4,1704,1856,https://www.youtube.com/watch?v=XSn6DE3cxy4&t=1704s,청소년,유소년-F;유소년-M;청소년-F;청소년-M,정리운동,True,1,10998,prescription:유소년-11-F-정리운동,국민체력100 운동처방 · 유소년 11세,video:XSn6DE3cxy4,국민체력100 운동영상 · [👩🏻‍🎓청소년] 중고등학생 체중조절 다이어트 운동프로그램 (30min)
엎드려상체들어올리기@p12bb2zMebw#1906,엎드려상체들어올리기,엎드려 상체 들어올리기,p12bb2zMebw,1906,2058,https://www.youtube.com/watch?v=p12bb2zMebw&t=1906s,유소년,유소년-F;유소년-M;청소년-F;청소년-M,정리운동,True,1,10998,prescription:유소년-11-F-정리운동,국민체력100 운동처방 · 유소년 11세,video:p12bb2zMebw,국민체력100 운동영상 · [👦🏻유소년] 성장기 학생들을 위한 체력향상 운동프로그램 (30min)
엎드려양팔및다리들어올리기@,엎드려양팔및다리들어올리기,엎드려 양팔 및 다리 들어올리기,,,,,,어르신-F,본운동,False,17,39,prescription:어르신-94-F-본운동,국민체력100 운동처방 · 어르신 94세,,
엎드려어깨늘리기@,엎드려어깨늘리기,엎드려 어깨 늘리기,,,,,,유소년-F;유소년-M,정리운동,False,9,1729,prescription:유소년-12-M-정리운동,국민체력100 운동처방 · 유소년 12세,,
엎드려팔대고버티기@,엎드려팔대고버티기,엎드려 팔 대고 버티기,,,,,,유소년-F;유소년-M,본운동,False,2,9029,prescription:유소년-11-F-본운동,국민체력100 운동처방 · 유소년 11세,,
엎드려팔다리교차올리기@,엎드려팔다리교차올리기,엎드려 팔다리 교차올리기,,,,,,청소년-F;청소년-M,본운동,False,20,1154,prescription:청소년-13-F-본운동,국민체력100 운동처방 · 청소년 13세,,
엎드려팔로걷기@,엎드려팔로걷기,엎드려 팔로 걷기,,,,,,유소년-F;유소년-M,본운동,False,3,9147,prescription:유소년-11-F-본운동,국민체력100 운동처방 · 유소년 11세,,
엎드려한발원그리기@,엎드려한발원그리기,엎드려 한발 원 그리기,,,,,,청소년-F;청소년-M,준비운동,False,4,15441,prescription:청소년-13-F-준비운동,국민체력100 운동처방 · 청소년 13세,,
엎드려서다리굽히기@,엎드려서다리굽히기,엎드려서 다리 굽히기,,,,,,어르신-F;어르신-M;유아기-F,본운동,False,2,10814,prescription:어르신-80-M-본운동,국민체력100 운동처방 · 어르신 80세,,
엎드려서다리차올리기@,엎드려서다리차올리기,엎드려서 다리 차올리기,,,,,,성인-F,본운동,False,28,112,prescription:성인-55-F-본운동,국민체력100 운동처방 · 성인 55세,,
엎드려서팔다리들기@,엎드려서팔다리들기,엎드려서 팔 다리 들기,,,,,,성인-F,본운동,False,21,273,prescription:성인-57-F-본운동,국민체력100 운동처방 · 성인 57세,,
연속사이드스쿼드@,연속사이드스쿼드,연속 사이드 스쿼드,,,,,,청소년-F;청소년-M,본운동,False,25,3191,prescription:청소년-14-M-본운동,국민체력100 운동처방 · 청소년 14세,,
연속상향점프하기@,연속상향점프하기,연속 상향 점프하기,,,,,,성인-M,본운동,False,29,93,prescription:성인-37-M-본운동,국민체력100 운동처방 · 성인 37세,,
영차영차올라요@OxtY_hEQzIM#294,영차영차올라요,영차영차 올라요,OxtY_hEQzIM,294,392,https://www.youtube.com/watch?v=OxtY_hEQzIM&t=294s,유아기,유아기-F;유아기-M,본운동,False,1,6358,prescription:유아기-48-M-본운동,국민체력100 운동처방 · 유아기 48개월,video:OxtY_hEQzIM,국민체력100 운동영상 · 🦖유아기 기초체력 향상 체조 | 대근육 발달 근력/근지구력 운동 응용동작 (7min)
옆구리스트레칭@,옆구리스트레칭,옆구리 스트레칭,,,,,,성인-F;성인-M;어르신-F;어르신-M;유아기-F;유아기-M;청소년-F;청소년-M,정리운동,False,1,11880,prescription:어르신-78-F-정리운동,국민체력100 운동처방 · 어르신 78세,,
옆구리늘리기@TXE6Y_FpayU#132,옆구리늘리기,옆구리늘리기,TXE6Y_FpayU,132,992,https://www.youtube.com/watch?v=TXE6Y_FpayU&t=132s,청소년,성인-F,준비운동,False,22,44,prescription:성인-52-F-준비운동,국민체력100 운동처방 · 성인 52세,video:TXE6Y_FpayU,국민체력100 운동영상 · [초등학생] '키 쑥쑥' 아이 성장 발달을 위한 스트레칭 운동
옆으로걷기@,옆으로걷기,옆으로 걷기,,,,,,어르신-F;어르신-M,본운동,False,11,335,prescription:어르신-86-M-본운동,국민체력100 운동처방 · 어르신 86세,,
옆으로누워가슴열기@,옆으로누워가슴열기,옆으로 누워 가슴 열기,,,,,,어르신-F,정리운동,False,20,73,prescription:어르신-75-F-정리운동,국민체력100 운동처방 · 어르신 75세,,
옆으로누워다리들어올리기@,옆으로누워다리들어올리기,옆으로 누워 다리 들어올리기,,,,,,유소년-F;유소년-M,본운동,False,24,1105,prescription:유소년-11-M-본운동,국민체력100 운동처방 · 유소년 11세,,
옆으로누워버티기@,옆으로누워버티기,옆으로 누워 버티기,,,,,,성인-F;성인-M;유아기-F,본운동,False,9,11006,prescription:성인-35-F-본운동,국민체력100 운동처방 · 성인 35세,,
옆으로누워폼롤러굴려주기@,옆으로누워폼롤러굴려주기,옆으로 누워 폼롤러 굴려주기,,,,,,어르신-F,정리운동,False,4,54,prescription:어르신-92-F-정리운동,국민체력100 운동처방 · 어르신 92세,,
옆으로누워서팔앞으로당기기@,옆으로누워서팔앞으로당기기,옆으로 누워서팔 앞으로 당기기,,,,,,성인-F;성인-M,준비운동,False,7,13866,prescription:성인-21-M-준비운동,국민체력100 운동처방 · 성인 21세,,
온몸뻗어주기@,온몸뻗어주기,온 몸 뻗어주기,,,,,,청소년-F;청소년-M,준비운동,False,10,2719,prescription:청소년-16-F-준비운동,국민체력100 운동처방 · 청소년 16세,,
왕복달리기@HYl0oA1Ptyw#574,왕복달리기,왕복달리기,HYl0oA1Ptyw,574,2124,https://www.youtube.com/watch?v=HYl0oA1Ptyw&t=574s,청소년,성인-F;성인-M;유소년-F;유소년-M,본운동,False,1,16209,prescription:유소년-11-F-본운동,국민체력100 운동처방 · 유소년 11세,video:HYl0oA1Ptyw,국민체력100 운동영상 · [👩🏻‍🎓청소년] 중고등학생 체력향상 운동프로그램 (30min)
왜가리자세@,왜가리자세,왜가리 자세,,,,,,청소년-F;청소년-M,정리운동,False,7,6661,prescription:청소년-13-M-정리운동,국민체력100 운동처방 · 청소년 13세,,
요가및필라테스루틴프로그램@,요가및필라테스루틴프로그램,요가 및 필라테스  루틴프로그램,,,,,,성인-F;유소년-F;유소년-M;청소년-F;청소년-M,정리운동,False,2,23584,prescription:청소년-13-F-정리운동,국민체력100 운동처방 · 청소년 13세,,
우리모두다같이@5Crvk_HZPy8#1038,우리모두다같이,우리 모두 다같이,5Crvk_HZPy8,1038,1112,https://www.youtube.com/watch?v=5Crvk_HZPy8&t=1038s,유아기,유아기-F;유아기-M,정리운동,True,4,2343,prescription:유아기-53-F-정리운동,국민체력100 운동처방 · 유아기 53개월,video:5Crvk_HZPy8,국민체력100 운동영상 · 🦖유아기 체력 향상 (복합운동) | EP03.알록달록 붙여요! (20miin)
우리모두다같이@9ejhpZjgtUA#1052,우리모두다같이,우리 모두 다같이,9ejhpZjgtUA,1052,1126,https://www.youtube.com/watch?v=9ejhpZjgtUA&t=1052s,유아기,유아기-F;유아기-M,정리운동,True,4,2343,prescription:유아기-53-F-정리운동,국민체력100 운동처방 · 유아기 53개월,video:9ejhpZjgtUA,국민체력100 운동영상 · 🦖유아기 복합 지각능력  향상 활동 | EP01. 알맞게 놓아요! (25min)
우리모두다같이@AN7gNF5QT1w#984,우리모두다같이,우리 모두 다같이,AN7gNF5QT1w,984,1058,https://www.youtube.com/watch?v=AN7gNF5QT1w&t=984s,유아기,유아기-F;유아기-M,정리운동,True,4,2343,prescription:유아기-53-F-정리운동,국민체력100 운동처방 · 유아기 53개월,video:AN7gNF5QT1w,국민체력100 운동영상 · 🦖유아기 체력 향상 (복합운동) | EP02.불이야~!!! 소방훈련해요! (25miin)
우리모두다같이@F983gS5mwJg#938,우리모두다같이,우리 모두 다같이,F983gS5mwJg,938,1012,https://www.youtube.com/watch?v=F983gS5mwJg&t=938s,유아기,유아기-F;유아기-M,정리운동,True,4,2343,prescription:유아기-53-F-정리운동,국민체력100 운동처방 · 유아기 53개월,video:F983gS5mwJg,국민체력100 운동영상 · 🦖유아기 복합 지각능력  향상 활동 | EP02. 알록달록 길을 걸어요! (25min)
우리모두다같이@GkoUyt8uIXA#872,우리모두다같이,우리 모두 다같이,GkoUyt8uIXA,872,948,https://www.youtube.com/watch?v=GkoUyt8uIXA&t=872s,유아기,유아기-F;유아기-M,정리운동,True,4,2343,prescription:유아기-53-F-정리운동,국민체력100 운동처방 · 유아기 53개월,video:GkoUyt8uIXA,국민체력100 운동영상 · 🦖유아기 복합 지각능력  향상 활동 | EP03. 끝까지 굴려요! 구릉구릉~~
우리모두다같이@RBKylbKM78k#1198,우리모두다같이,우리 모두 다같이,RBKylbKM78k,1198,1272,https://www.youtube.com/watch?v=RBKylbKM78k&t=1198s,유아기,유아기-F;유아기-M,정리운동,True,4,2343,prescription:유아기-53-F-정리운동,국민체력100 운동처방 · 유아기 53개월,video:RBKylbKM78k,국민체력100 운동영상 · 🦖유아기 체력 향상 (복합운동) | EP04. 점핑점핑 해요! (25miin)
우리모두다같이@Rt3tdifHbns#1116,우리모두다같이,우리 모두 다같이,Rt3tdifHbns,1116,1190,https://www.youtube.com/watch?v=Rt3tdifHbns&t=1116s,유아기,유아기-F;유아기-M,정리운동,True,4,2343,prescription:유아기-53-F-정리운동,국민체력100 운동처방 · 유아기 53개월,video:Rt3tdifHbns,국민체력100 운동영상 · 🦖유아기 복합 운동기술 향상 | 수박나라로 떠나요! (심화편)
우리모두다같이@_hdna4_9GYc#1158,우리모두다같이,우리 모두 다같이,_hdna4_9GYc,1158,1232,https://www.youtube.com/watch?v=_hdna4_9GYc&t=1158s,유아기,유아기-F;유아기-M,정리운동,True,4,2343,prescription:유아기-53-F-정리운동,국민체력100 운동처방 · 유아기 53개월,video:_hdna4_9GYc,국민체력100 운동영상 · 🦖유아기 복합 운동기술 향상 | 체력왕이 되어요 (심화편)
우리모두다같이@oX1HKGUBO5w#1302,우리모두다같이,우리 모두 다같이,oX1HKGUBO5w,1302,1376,https://www.youtube.com/watch?v=oX1HKGUBO5w&t=1302s,유아기,유아기-F;유아기-M,정리운동,True,4,2343,prescription:유아기-53-F-정리운동,국민체력100 운동처방 · 유아기 53개월,video:oX1HKGUBO5w,국민체력100 운동영상 · 🦖유아기 체력 향상 (복합운동) | EP01.동물처럼 걸어요 (20min)
우리모두다같이@qk0hXbltmIQ#1250,우리모두다같이,우리 모두 다같이,qk0hXbltmIQ,1250,1326,https://www.youtube.com/watch?v=qk0hXbltmIQ&t=1250s,유아기,유아기-F;유아기-M,정리운동,True,4,2343,prescription:유아기-53-F-정리운동,국민체력100 운동처방 · 유아기 53개월,video:qk0hXbltmIQ,국민체력100 운동영상 · 🦖유아기 복합 운동기술 향상 | 꽃게처럼 걸어요 (심화편)
우리모두다같이@shroLEVYDRM#6,우리모두다같이,우리 모두 다같이,shroLEVYDRM,6,80,https://www.youtube.com/watch?v=shroLEVYDRM&t=6s,유아기,유아기-F;유아기-M,정리운동,False,4,2343,prescription:유아기-53-F-정리운동,국민체력100 운동처방 · 유아기 53개월,video:shroLEVYDRM,국민체력100 운동영상 · 🐢헤이지니와 함께 유아기 체력 쑥쑥 운동 | EP04.우리 모두 다같이!
웨이트트레이닝루틴프로그램@,웨이트트레이닝루틴프로그램,웨이트 트레이닝  루틴프로그램,,,,,,성인-F;성인-M;청소년-F;청소년-M,본운동,False,2,43818,prescription:청소년-18-M-본운동,국민체력100 운동처방 · 청소년 18세,,
윗몸말며공을전달해요@OxtY_hEQzIM#392,윗몸말며공을전달해요,윗몸 말며 공을 전달해요,OxtY_hEQzIM,392,454,https://www.youtube.com/watch?v=OxtY_hEQzIM&t=392s,유아기,유아기-F;유아기-M,본운동,False,4,1878,prescription:유아기-83-F-본운동,국민체력100 운동처방 · 유아기 83개월,video:OxtY_hEQzIM,국민체력100 운동영상 · 🦖유아기 기초체력 향상 체조 | 대근육 발달 근력/근지구력 운동 응용동작 (7min)
윗몸말아올리기@,윗몸말아올리기,윗몸 말아 올리기,,,,,,성인-F;성인-M;유소년-F;유소년-M;유아기-F;유아기-M,본운동,False,3,39916,prescription:성인-19-F-본운동,국민체력100 운동처방 · 성인 19세,,
윗몸일으키기@,윗몸일으키기,윗몸 일으키기,,,,,,청소년-F;청소년-M,본운동,False,6,14082,prescription:청소년-16-M-본운동,국민체력100 운동처방 · 청소년 16세,,
윗몸올리기@,윗몸올리기,윗몸올리기,,,,,,성인-F;성인-M;유아기-F;유아기-M,본운동,False,2,35833,prescription:성인-26-F-본운동,국민체력100 운동처방 · 성인 26세,,
유산소운동전동적루틴스트레칭@,유산소운동전동적루틴스트레칭,유산소 운동 전 동적 루틴 스트레칭,,,,,,성인-F;성인-M;어르신-F;어르신-M;유소년-F;유소년-M;유아기-F;유아기-M;청소년-F;청소년-M,준비운동,False,1,86962,prescription:성인-19-F-준비운동,국민체력100 운동처방 · 성인 19세,,
의자앉아공밀기@,의자앉아공밀기,의자 앉아 공 밀기,,,,,,어르신-F;어르신-M,본운동,False,12,27,prescription:어르신-86-M-본운동,국민체력100 운동처방 · 어르신 86세,,
의자앉아다리로짐볼쥐기@,의자앉아다리로짐볼쥐기,의자 앉아 다리로 짐볼 쥐기,,,,,,어르신-F,본운동,False,14,33,prescription:어르신-92-F-본운동,국민체력100 운동처방 · 어르신 92세,,
의자앞에서앉았다일어서기@,의자앞에서앉았다일어서기,의자 앞에서 앉았다 일어서기,,,,,,성인-F;어르신-F;어르신-M,본운동,False,7,560,prescription:어르신-90-M-본운동,국민체력100 운동처방 · 어르신 90세,,
의자이용중심잡기루틴운동@,의자이용중심잡기루틴운동,의자 이용 중심 잡기 루틴 운동,,,,,,어르신-F;어르신-M;유아기-F,본운동,False,1,10636,prescription:어르신-80-F-본운동,국민체력100 운동처방 · 어르신 80세,,
의자이용하기@,의자이용하기,의자 이용하기,,,,,,어르신-F;어르신-M,본운동,False,7,541,prescription:어르신-87-F-본운동,국민체력100 운동처방 · 어르신 87세,,
의자잡고서기@,의자잡고서기,의자 잡고 서기,,,,,,어르신-F;어르신-M,본운동,False,6,28,prescription:어르신-88-M-본운동,국민체력100 운동처방 · 어르신 88세,,
의자잡고전방으로무릎굽혀들기@,의자잡고전방으로무릎굽혀들기,의자 잡고 전방으로 무릎 굽혀 들기,,,,,,어르신-F;어르신-M;유아기-M,준비운동,False,1,5186,prescription:어르신-93-F-준비운동,국민체력100 운동처방 · 어르신 93세,,
의자잡고한발들기@,의자잡고한발들기,의자 잡고 한발 들기,,,,,,어르신-F;어르신-M,본운동,False,4,41,prescription:어르신-88-M-본운동,국민체력100 운동처방 · 어르신 88세,,
의자잡고후방으로한발뻗어들기@,의자잡고후방으로한발뻗어들기,의자 잡고 후방으로 한발 뻗어 들기,,,,,,어르신-F;어르신-M,준비운동,False,2,6210,prescription:어르신-84-F-준비운동,국민체력100 운동처방 · 어르신 84세,,
의자에앉아가슴뒤로젖히기@,의자에앉아가슴뒤로젖히기,의자에 앉아 가슴 뒤로 젖히기,,,,,,청소년-F;청소년-M,정리운동,False,9,668,prescription:청소년-13-M-정리운동,국민체력100 운동처방 · 청소년 13세,,
의자에앉아가슴몸통말아주기@,의자에앉아가슴몸통말아주기,의자에 앉아 가슴 몸통 말아주기,,,,,,청소년-F;청소년-M,준비운동,False,14,1356,prescription:청소년-15-M-준비운동,국민체력100 운동처방 · 청소년 15세,,
의자에앉아다리뻗어올리기@,의자에앉아다리뻗어올리기,의자에 앉아 다리 뻗어 올리기,,,,,,성인-F;성인-M;어르신-F;어르신-M,본운동,False,12,769,prescription:어르신-81-M-본운동,국민체력100 운동처방 · 어르신 81세,,
의자에앉아등굽혔다펴기@,의자에앉아등굽혔다펴기,의자에 앉아 등 굽혔다 펴기,,,,,,어르신-F;어르신-M,본운동,False,6,80,prescription:어르신-87-M-본운동,국민체력100 운동처방 · 어르신 87세,,
의자에앉아몸통비틀기@,의자에앉아몸통비틀기,의자에 앉아 몸통비틀기,,,,,,청소년-F;청소년-M,정리운동,False,10,699,prescription:청소년-14-F-정리운동,국민체력100 운동처방 · 청소년 14세,,
의자에앉아옆구리숙이기@,의자에앉아옆구리숙이기,의자에 앉아 옆구리 숙이기,,,,,,어르신-F,본운동,False,30,3,prescription:어르신-91-F-본운동,국민체력100 운동처방 · 어르신 91세,,
의자에한다리올리고앉앗다일어서기@,의자에한다리올리고앉앗다일어서기,의자에 한 다리 올리고 앉앗다 일어서기,,,,,,성인-M,본운동,False,18,213,prescription:성인-55-M-본운동,국민체력100 운동처방 · 성인 55세,,
의자잡고후방으로무릎굽혀들기@,의자잡고후방으로무릎굽혀들기,의자잡고 후방으로 무릎 굽혀 들기,,,,,,어르신-F;어르신-M;유아기-F;유아기-M,준비운동,False,1,6068,prescription:어르신-92-F-준비운동,국민체력100 운동처방 · 어르신 92세,,
인사체조@5Crvk_HZPy8#8,인사체조,인사 체조,5Crvk_HZPy8,8,74,https://www.youtube.com/watch?v=5Crvk_HZPy8&t=8s,유아기,유아기-F;유아기-M,정리운동,True,4,1306,prescription:유아기-75-F-정리운동,국민체력100 운동처방 · 유아기 75개월,video:5Crvk_HZPy8,국민체력100 운동영상 · 🦖유아기 체력 향상 (복합운동) | EP03.알록달록 붙여요! (20miin)
인사체조@9ejhpZjgtUA#8,인사체조,인사 체조,9ejhpZjgtUA,8,74,https://www.youtube.com/watch?v=9ejhpZjgtUA&t=8s,유아기,유아기-F;유아기-M,정리운동,True,4,1306,prescription:유아기-75-F-정리운동,국민체력100 운동처방 · 유아기 75개월,video:9ejhpZjgtUA,국민체력100 운동영상 · 🦖유아기 복합 지각능력  향상 활동 | EP01. 알맞게 놓아요! (25min)
인사체조@AN7gNF5QT1w#8,인사체조,인사 체조,AN7gNF5QT1w,8,74,https://www.youtube.com/watch?v=AN7gNF5QT1w&t=8s,유아기,유아기-F;유아기-M,정리운동,True,4,1306,prescription:유아기-75-F-정리운동,국민체력100 운동처방 · 유아기 75개월,video:AN7gNF5QT1w,국민체력100 운동영상 · 🦖유아기 체력 향상 (복합운동) | EP02.불이야~!!! 소방훈련해요! (25miin)
인사체조@F983gS5mwJg#8,인사체조,인사 체조,F983gS5mwJg,8,74,https://www.youtube.com/watch?v=F983gS5mwJg&t=8s,유아기,유아기-F;유아기-M,정리운동,True,4,1306,prescription:유아기-75-F-정리운동,국민체력100 운동처방 · 유아기 75개월,video:F983gS5mwJg,국민체력100 운동영상 · 🦖유아기 복합 지각능력  향상 활동 | EP02. 알록달록 길을 걸어요! (25min)
인사체조@GkoUyt8uIXA#8,인사체조,인사 체조,GkoUyt8uIXA,8,74,https://www.youtube.com/watch?v=GkoUyt8uIXA&t=8s,유아기,유아기-F;유아기-M,정리운동,True,4,1306,prescription:유아기-75-F-정리운동,국민체력100 운동처방 · 유아기 75개월,video:GkoUyt8uIXA,국민체력100 운동영상 · 🦖유아기 복합 지각능력  향상 활동 | EP03. 끝까지 굴려요! 구릉구릉~~
인사체조@RBKylbKM78k#8,인사체조,인사 체조,RBKylbKM78k,8,74,https://www.youtube.com/watch?v=RBKylbKM78k&t=8s,유아기,유아기-F;유아기-M,정리운동,True,4,1306,prescription:유아기-75-F-정리운동,국민체력100 운동처방 · 유아기 75개월,video:RBKylbKM78k,국민체력100 운동영상 · 🦖유아기 체력 향상 (복합운동) | EP04. 점핑점핑 해요! (25miin)
인사체조@Rt3tdifHbns#8,인사체조,인사 체조,Rt3tdifHbns,8,74,https://www.youtube.com/watch?v=Rt3tdifHbns&t=8s,유아기,유아기-F;유아기-M,정리운동,True,4,1306,prescription:유아기-75-F-정리운동,국민체력100 운동처방 · 유아기 75개월,video:Rt3tdifHbns,국민체력100 운동영상 · 🦖유아기 복합 운동기술 향상 | 수박나라로 떠나요! (심화편)
인사체조@_hdna4_9GYc#8,인사체조,인사 체조,_hdna4_9GYc,8,74,https://www.youtube.com/watch?v=_hdna4_9GYc&t=8s,유아기,유아기-F;유아기-M,정리운동,True,4,1306,prescription:유아기-75-F-정리운동,국민체력100 운동처방 · 유아기 75개월,video:_hdna4_9GYc,국민체력100 운동영상 · 🦖유아기 복합 운동기술 향상 | 체력왕이 되어요 (심화편)
인사체조@oX1HKGUBO5w#8,인사체조,인사 체조,oX1HKGUBO5w,8,74,https://www.youtube.com/watch?v=oX1HKGUBO5w&t=8s,유아기,유아기-F;유아기-M,정리운동,True,4,1306,prescription:유아기-75-F-정리운동,국민체력100 운동처방 · 유아기 75개월,video:oX1HKGUBO5w,국민체력100 운동영상 · 🦖유아기 체력 향상 (복합운동) | EP01.동물처럼 걸어요 (20min)
인사체조@qk0hXbltmIQ#8,인사체조,인사 체조,qk0hXbltmIQ,8,74,https://www.youtube.com/watch?v=qk0hXbltmIQ&t=8s,유아기,유아기-F;유아기-M,정리운동,True,4,1306,prescription:유아기-75-F-정리운동,국민체력100 운동처방 · 유아기 75개월,video:qk0hXbltmIQ,국민체력100 운동영상 · 🦖유아기 복합 운동기술 향상 | 꽃게처럼 걸어요 (심화편)
인사체조@xrCKWvZxF5g#6,인사체조,인사 체조,xrCKWvZxF5g,6,68,https://www.youtube.com/watch?v=xrCKWvZxF5g&t=6s,유아기,유아기-F;유아기-M,정리운동,False,4,1306,prescription:유아기-75-F-정리운동,국민체력100 운동처방 · 유아기 75개월,video:xrCKWvZxF5g,국민체력100 운동영상 · 🦖헤이지니와 함께 유아기 체력 쑥쑥 운동 | EP01.인사체조
자가근막이완술루틴스트레칭@,자가근막이완술루틴스트레칭,자가근막이완술 루틴 스트레칭,,,,,,성인-F;성인-M;어르신-F;어르신-M;유아기-M;청소년-F;청소년-M,준비운동,False,3,38438,prescription:성인-20-M-준비운동,국민체력100 운동처방 · 성인 20세,,
자전거타기@,자전거타기,자전거타기,,,,,,청소년-F;청소년-M,본운동,False,3,35380,prescription:청소년-13-F-본운동,국민체력100 운동처방 · 청소년 13세,,
작은공을이용한동적루틴스트레칭@,작은공을이용한동적루틴스트레칭,작은 공을 이용한 동적 루틴 스트레칭,,,,,,성인-F;성인-M,준비운동,False,12,2999,prescription:성인-41-M-준비운동,국민체력100 운동처방 · 성인 41세,,
잔발치기@,잔발치기,잔발치기,,,,,,유소년-F;유소년-M,본운동,False,12,3819,prescription:유소년-11-F-본운동,국민체력100 운동처방 · 유소년 11세,,
저항밴드운동루틴프로그램@,저항밴드운동루틴프로그램,저항밴드 운동  루틴프로그램,,,,,,성인-F;성인-M;청소년-F;청소년-M,본운동,False,5,26719,prescription:청소년-13-F-본운동,국민체력100 운동처방 · 청소년 13세,,
전신루틴스트레칭@,전신루틴스트레칭,전신 루틴 스트레칭,,,,,,성인-F;성인-M;어르신-F;어르신-M;유소년-F;유소년-M;유아기-F;유아기-M;청소년-F;청소년-M,정리운동,False,1,168244,prescription:성인-19-F-정리운동,국민체력100 운동처방 · 성인 19세,,
전신틀어손벽마주치기@,전신틀어손벽마주치기,전신 틀어 손벽 마주치기,,,,,,어르신-F;어르신-M,정리운동,False,5,668,prescription:어르신-93-F-정리운동,국민체력100 운동처방 · 어르신 93세,,
전완대고버티기@,전완대고버티기,전완대고 버티기,,,,,,성인-F;청소년-F;청소년-M,본운동,False,10,12035,prescription:청소년-13-F-본운동,국민체력100 운동처방 · 청소년 13세,,
전진점프하며발뒤꿈치찍기@,전진점프하며발뒤꿈치찍기,전진 점프하며 발 뒤꿈치 찍기,,,,,,청소년-F;청소년-M,준비운동,False,12,3546,prescription:청소년-13-M-준비운동,국민체력100 운동처방 · 청소년 13세,,
점프팔굽혀펴기@,점프팔굽혀펴기,점프 팔굽혀펴기,,,,,,성인-F;성인-M,본운동,False,21,1071,prescription:성인-35-F-본운동,국민체력100 운동처방 · 성인 35세,,
점프해서발바닥치기@,점프해서발바닥치기,점프해서 발바닥 치기,,,,,,유소년-M,본운동,False,29,510,prescription:유소년-11-M-본운동,국민체력100 운동처방 · 유소년 11세,,
점프해서손발끝닿기@,점프해서손발끝닿기,점프해서 손 발끝 닿기,,,,,,유소년-F;유소년-M,본운동,False,21,2102,prescription:유소년-11-F-본운동,국민체력100 운동처방 · 유소년 11세,,
점핑점핑해요@RBKylbKM78k#228,점핑점핑해요,점핑점핑해요,RBKylbKM78k,228,1198,https://www.youtube.com/watch?v=RBKylbKM78k&t=228s,유아기,유아기-F;유아기-M,본운동,False,1,6016,prescription:유아기-58-F-본운동,국민체력100 운동처방 · 유아기 58개월,video:RBKylbKM78k,국민체력100 운동영상 · 🦖유아기 체력 향상 (복합운동) | EP04. 점핑점핑 해요! (25miin)
정적스트레칭루틴프로그램@,정적스트레칭루틴프로그램,정적 스트레칭  루틴프로그램,,,,,,성인-F;성인-M;어르신-F;어르신-M;유소년-F;유소년-M;유아기-F;청소년-F;청소년-M,정리운동,False,1,70761,prescription:어르신-83-F-정리운동,국민체력100 운동처방 · 어르신 83세,,
제자리뛰기@,제자리뛰기,제자리 뛰기,,,,,,유소년-F;유소년-M;청소년-F,준비운동,False,2,14248,prescription:유소년-11-F-준비운동,국민체력100 운동처방 · 유소년 11세,,
조깅@,조깅,조깅,,,,,,성인-F;성인-M;청소년-F;청소년-M,본운동,False,1,64043,prescription:청소년-16-F-본운동,국민체력100 운동처방 · 청소년 16세,,
조심조심걸어요@oCAjIRASiVI#616,조심조심걸어요,조심조심 걸어요,oCAjIRASiVI,616,702,https://www.youtube.com/watch?v=oCAjIRASiVI&t=616s,유아기,유아기-F;유아기-M,정리운동,False,4,694,prescription:유아기-71-F-정리운동,국민체력100 운동처방 · 유아기 71개월,video:oCAjIRASiVI,국민체력100 운동영상 · 🦖유아기 운동체력 향상 | 민첩성 순발력 평형성 협응력 키우기 응용운동 (15min)
종아리스트레칭@,종아리스트레칭,종아리 스트레칭,,,,,,어르신-F;어르신-M;유아기-F;유아기-M,정리운동,False,1,7173,prescription:어르신-85-M-정리운동,국민체력100 운동처방 · 어르신 85세,,
좌식생활자를위한동적루틴스트레칭@,좌식생활자를위한동적루틴스트레칭,좌식생활자를 위한 동적 루틴 스트레칭,,,,,,성인-F;성인-M;어르신-F;유아기-M,준비운동,False,10,1263,prescription:어르신-90-F-준비운동,국민체력100 운동처방 · 어르신 90세,,
좌우찍기@,좌우찍기,좌우 찍기,,,,,,어르신-F,본운동,False,16,15,prescription:어르신-89-F-본운동,국민체력100 운동처방 · 어르신 89세,,
좌우로선넘기@,좌우로선넘기,좌우로 선넘기,,,,,,어르신-F;어르신-M,정리운동,False,2,1688,prescription:어르신-94-F-정리운동,국민체력100 운동처방 · 어르신 94세,,
줄따라걷기@,줄따라걷기,줄 따라 걷기,,,,,,어르신-F;어르신-M,정리운동,False,17,50,prescription:어르신-86-M-정리운동,국민체력100 운동처방 · 어르신 86세,,
줄넘기@TXE6Y_FpayU#992,줄넘기,줄넘기,TXE6Y_FpayU,992,994,https://www.youtube.com/watch?v=TXE6Y_FpayU&t=992s,청소년,성인-F;성인-M;유아기-F;유아기-M;청소년-F;청소년-M,본운동,False,5,30321,prescription:성인-35-M-본운동,국민체력100 운동처방 · 성인 35세,video:TXE6Y_FpayU,국민체력100 운동영상 · [초등학생] '키 쑥쑥' 아이 성장 발달을 위한 스트레칭 운동
줄넘기운동@,줄넘기운동,줄넘기 운동,,,,,,청소년-F;청소년-M,본운동,False,3,41434,prescription:청소년-15-F-본운동,국민체력100 운동처방 · 청소년 15세,,
줄넘기해요@SZefn91w66o#138,줄넘기해요,줄넘기 해요,SZefn91w66o,138,194,https://www.youtube.com/watch?v=SZefn91w66o&t=138s,유아기,유아기-F;유아기-M,본운동,False,1,4697,prescription:유아기-61-F-본운동,국민체력100 운동처방 · 유아기 61개월,video:SZefn91w66o,국민체력100 운동영상 · 🦖유아기 기초체력 향상 체조 | 심폐체력 유연성 운동 응용동작 (7min)
지게발걸어요@oCAjIRASiVI#542,지게발걸어요,지게발 걸어요,oCAjIRASiVI,542,616,https://www.youtube.com/watch?v=oCAjIRASiVI&t=542s,유아기,유아기-F;유아기-M,정리운동,False,7,186,prescription:유아기-71-F-정리운동,국민체력100 운동처방 · 유아기 71개월,video:oCAjIRASiVI,국민체력100 운동영상 · 🦖유아기 운동체력 향상 | 민첩성 순발력 평형성 협응력 키우기 응용운동 (15min)
지그재그달려요@oCAjIRASiVI#60,지그재그달려요,지그재그 달려요,oCAjIRASiVI,60,108,https://www.youtube.com/watch?v=oCAjIRASiVI&t=60s,유아기,유아기-F;유아기-M,본운동,False,1,3343,prescription:유아기-71-F-본운동,국민체력100 운동처방 · 유아기 71개월,video:oCAjIRASiVI,국민체력100 운동영상 · 🦖유아기 운동체력 향상 | 민첩성 순발력 평형성 협응력 키우기 응용운동 (15min)
진자운동@,진자운동,진자운동,,,,,,성인-F;성인-M,준비운동,False,8,11310,prescription:성인-56-F-준비운동,국민체력100 운동처방 · 성인 56세,,
짐볼들고양옆으로돌리기@,짐볼들고양옆으로돌리기,짐볼 들고 양옆으로 돌리기,,,,,,어르신-F;어르신-M,본운동,False,7,27,prescription:어르신-92-F-본운동,국민체력100 운동처방 · 어르신 92세,,
짐볼앉기@,짐볼앉기,짐볼 앉기,,,,,,어르신-M,본운동,False,20,10,prescription:어르신-87-M-본운동,국민체력100 운동처방 · 어르신 87세,,
짐볼앉아양손가슴교차@,짐볼앉아양손가슴교차,짐볼 앉아 양 손 가슴 교차,,,,,,어르신-M,본운동,False,25,7,prescription:어르신-87-M-본운동,국민체력100 운동처방 · 어르신 87세,,
짐볼앉아양손측면으로들기@,짐볼앉아양손측면으로들기,짐볼 앉아 양손 측면으로 들기,,,,,,어르신-F;어르신-M,준비운동,False,7,11,prescription:어르신-94-F-준비운동,국민체력100 운동처방 · 어르신 94세,,
짐볼앉아중심잡기루틴운동@,짐볼앉아중심잡기루틴운동,짐볼 앉아 중심 잡기 루틴 운동,,,,,,어르신-F;어르신-M,본운동,False,12,141,prescription:어르신-89-F-본운동,국민체력100 운동처방 · 어르신 89세,,
짐볼앞으로밀기@,짐볼앞으로밀기,짐볼 앞으로 밀기,,,,,,어르신-F,정리운동,False,15,23,prescription:어르신-84-F-정리운동,국민체력100 운동처방 · 어르신 84세,,
짐볼양옆으로굴리기@,짐볼양옆으로굴리기,짐볼 양옆으로 굴리기,,,,,,어르신-F,정리운동,False,6,28,prescription:어르신-92-F-정리운동,국민체력100 운동처방 · 어르신 92세,,
짐볼옆에두고어깨누르기@,짐볼옆에두고어깨누르기,짐볼 옆에 두고 어깨 누르기,,,,,,어르신-F,정리운동,False,16,90,prescription:어르신-84-F-정리운동,국민체력100 운동처방 · 어르신 84세,,
짐볼운동루틴프로그램@,짐볼운동루틴프로그램,짐볼 운동  루틴프로그램,,,,,,청소년-F;청소년-M,본운동,False,18,3861,prescription:청소년-18-F-본운동,국민체력100 운동처방 · 청소년 18세,,
짐볼윗몸올리기@,짐볼윗몸올리기,짐볼 윗몸올리기,,,,,,성인-F;성인-M;유아기-F,준비운동,False,11,439,prescription:유아기-48-F-준비운동,국민체력100 운동처방 · 유아기 48개월,,
짐볼이용해앉았다일어서기@,짐볼이용해앉았다일어서기,짐볼 이용해 앉았다 일어서기,,,,,,어르신-F;어르신-M,본운동,False,13,56,prescription:어르신-93-F-본운동,국민체력100 운동처방 · 어르신 93세,,
짐볼에서몸통돌리기@,짐볼에서몸통돌리기,짐볼에서 몸통 돌리기,,,,,,어르신-F,본운동,False,15,2,prescription:어르신-94-F-본운동,국민체력100 운동처방 · 어르신 94세,,
짐볼에서엉덩이돌리기@,짐볼에서엉덩이돌리기,짐볼에서 엉덩이 돌리기,,,,,,어르신-F,본운동,False,16,11,prescription:어르신-94-F-본운동,국민체력100 운동처방 · 어르신 94세,,
짐볼에서윗몸일으키기@,짐볼에서윗몸일으키기,짐볼에서 윗몸 일으키기,,,,,,어르신-F;어르신-M,본운동,False,19,44,prescription:어르신-87-M-본운동,국민체력100 운동처방 · 어르신 87세,,
짐볼을이용한동적루틴스트레칭@,짐볼을이용한동적루틴스트레칭,짐볼을 이용한 동적 루틴 스트레칭,,,,,,성인-M;어르신-M;유아기-M,정리운동,False,13,301,prescription:유아기-63-M-정리운동,국민체력100 운동처방 · 유아기 63개월,,
짝스트레칭루틴프로그램@,짝스트레칭루틴프로그램,짝 스트레칭  루틴프로그램,,,,,,청소년-F;청소년-M,정리운동,False,7,5816,prescription:청소년-15-F-정리운동,국민체력100 운동처방 · 청소년 15세,,
척추들어올리기@Eg3GpTv7z8s#188,척추들어올리기,척추 들어올리기,Eg3GpTv7z8s,188,230,https://www.youtube.com/watch?v=Eg3GpTv7z8s&t=188s,유소년,청소년-F;청소년-M,정리운동,True,14,1116,prescription:청소년-14-M-정리운동,국민체력100 운동처방 · 청소년 14세,video:Eg3GpTv7z8s,국민체력100 운동영상 · [👦🏻유소년] 성장기 학생들을 위한 근력 운동 프로그램 (30min)
척추들어올리기@HYl0oA1Ptyw#160,척추들어올리기,척추 들어올리기,HYl0oA1Ptyw,160,204,https://www.youtube.com/watch?v=HYl0oA1Ptyw&t=160s,청소년,청소년-F;청소년-M,정리운동,True,14,1116,prescription:청소년-14-M-정리운동,국민체력100 운동처방 · 청소년 14세,video:HYl0oA1Ptyw,국민체력100 운동영상 · [👩🏻‍🎓청소년] 중고등학생 체력향상 운동프로그램 (30min)
척추들어올리기@TmVZ2gdZnQQ#174,척추들어올리기,척추 들어올리기,TmVZ2gdZnQQ,174,216,https://www.youtube.com/watch?v=TmVZ2gdZnQQ&t=174s,유소년,청소년-F;청소년-M,정리운동,True,14,1116,prescription:청소년-14-M-정리운동,국민체력100 운동처방 · 청소년 14세,video:TmVZ2gdZnQQ,국민체력100 운동영상 · [👦🏻유소년] 성장기 학생들을 위한 운동체력향상 운동프로그램 (30min)
척추들어올리기@XSn6DE3cxy4#172,척추들어올리기,척추 들어올리기,XSn6DE3cxy4,172,214,https://www.youtube.com/watch?v=XSn6DE3cxy4&t=172s,청소년,청소년-F;청소년-M,정리운동,True,14,1116,prescription:청소년-14-M-정리운동,국민체력100 운동처방 · 청소년 14세,video:XSn6DE3cxy4,국민체력100 운동영상 · [👩🏻‍🎓청소년] 중고등학생 체중조절 다이어트 운동프로그램 (30min)
척추들어올리기@p12bb2zMebw#170,척추들어올리기,척추 들어올리기,p12bb2zMebw,170,214,https://www.youtube.com/watch?v=p12bb2zMebw&t=170s,유소년,청소년-F;청소년-M,정리운동,True,14,1116,prescription:청소년-14-M-정리운동,국민체력100 운동처방 · 청소년 14세,video:p12bb2zMebw,국민체력100 운동영상 · [👦🏻유소년] 성장기 학생들을 위한 체력향상 운동프로그램 (30min)
척추스트레칭@,척추스트레칭,척추 스트레칭,,,,,,어르신-F;어르신-M;유아기-M,정리운동,False,3,204,prescription:어르신-92-F-정리운동,국민체력100 운동처방 · 어르신 92세,,
콘뛰어넘기@,콘뛰어넘기,콘 뛰어넘기,,,,,,유소년-F,본운동,False,27,551,prescription:유소년-11-F-본운동,국민체력100 운동처방 · 유소년 11세,,
콘운동루틴프로그램@,콘운동루틴프로그램,콘운동  루틴프로그램,,,,,,청소년-F;청소년-M,본운동,False,22,2713,prescription:청소년-14-M-본운동,국민체력100 운동처방 · 청소년 14세,,
크런치사이클@,크런치사이클,크런치 사이클,,,,,,청소년-F;청소년-M,본운동,False,22,1995,prescription:청소년-15-F-본운동,국민체력100 운동처방 · 청소년 15세,,
탄력밴드걸고서기@,탄력밴드걸고서기,탄력밴드 걸고 서기,,,,,,어르신-F;어르신-M,정리운동,False,9,23,prescription:어르신-93-F-정리운동,국민체력100 운동처방 · 어르신 93세,,
탄력밴드전방으로당기기@,탄력밴드전방으로당기기,탄력밴드 전방으로 당기기,,,,,,어르신-F;어르신-M,본운동,False,21,261,prescription:어르신-75-M-본운동,국민체력100 운동처방 · 어르신 75세,,
탄력밴드측면으로당기기@,탄력밴드측면으로당기기,탄력밴드 측면으로 당기기,,,,,,어르신-F;어르신-M,본운동,False,13,229,prescription:어르신-91-F-본운동,국민체력100 운동처방 · 어르신 91세,,
탄력밴드후방측면으로당기기@,탄력밴드후방측면으로당기기,탄력밴드 후방 측면으로 당기기,,,,,,어르신-F;어르신-M,정리운동,False,11,77,prescription:어르신-93-F-정리운동,국민체력100 운동처방 · 어르신 93세,,
탄력밴드후방으로당기기@,탄력밴드후방으로당기기,탄력밴드 후방으로 당기기,,,,,,어르신-F;어르신-M,정리운동,False,10,292,prescription:어르신-93-F-정리운동,국민체력100 운동처방 · 어르신 93세,,
턱걸이@,턱걸이,턱걸이,,,,,,성인-F;성인-M;어르신-M;유아기-M;청소년-M,본운동,False,2,37725,prescription:성인-19-M-본운동,국민체력100 운동처방 · 성인 19세,,
테이블이용하여팔들어올리기@,테이블이용하여팔들어올리기,테이블 이용하여 팔 들어 올리기,,,,,,성인-F;성인-M,준비운동,False,8,11766,prescription:성인-21-M-준비운동,국민체력100 운동처방 · 성인 21세,,
테이블이용하여팔옆으로벌리기@,테이블이용하여팔옆으로벌리기,테이블 이용하여 팔 옆으로 벌리기,,,,,,성인-F;성인-M,준비운동,False,13,5347,prescription:성인-21-M-준비운동,국민체력100 운동처방 · 성인 21세,,
트레드밀에서걷기@,트레드밀에서걷기,트레드밀에서 걷기,,,,,,성인-F;성인-M;어르신-F;유아기-F;유아기-M,본운동,False,7,28549,prescription:성인-61-F-본운동,국민체력100 운동처방 · 성인 61세,,
팔교대로올리기@,팔교대로올리기,팔 교대로 올리기,,,,,,어르신-F,정리운동,False,13,25,prescription:어르신-89-F-정리운동,국민체력100 운동처방 · 어르신 89세,,
팔돌리며점프하기@,팔돌리며점프하기,팔 돌리며 점프하기,,,,,,청소년-F,정리운동,False,27,96,prescription:청소년-18-F-정리운동,국민체력100 운동처방 · 청소년 18세,,
팔굽혀펴기@,팔굽혀펴기,팔굽혀펴기,,,,,,성인-F;성인-M;어르신-F;유소년-F;유소년-M;유아기-F;유아기-M;청소년-F;청소년-M,준비운동,False,1,38131,prescription:유소년-11-F-준비운동,국민체력100 운동처방 · 유소년 11세,,
팔꿈치굽히기@,팔꿈치굽히기,팔꿈치 굽히기,,,,,,성인-F;성인-M,본운동,False,20,640,prescription:성인-51-F-본운동,국민체력100 운동처방 · 성인 51세,,
팔꿈치맞닿아원그리기@,팔꿈치맞닿아원그리기,팔꿈치 맞닿아 원그리기,,,,,,어르신-F;어르신-M;유아기-F,정리운동,False,5,4611,prescription:유아기-83-F-정리운동,국민체력100 운동처방 · 유아기 83개월,,
팔꿈치머리뒤로젖히기@,팔꿈치머리뒤로젖히기,팔꿈치 머리 뒤로 젖히기,,,,,,청소년-F,정리운동,False,16,74,prescription:청소년-14-F-정리운동,국민체력100 운동처방 · 청소년 14세,,
팔다리교차버티기@,팔다리교차버티기,팔다리 교차 버티기,,,,,,청소년-F;청소년-M,본운동,False,19,2489,prescription:청소년-14-M-본운동,국민체력100 운동처방 · 청소년 14세,,
팔로써클링누르기@,팔로써클링누르기,팔로 써클링 누르기,,,,,,유소년-F;유소년-M,준비운동,False,14,3498,prescription:유소년-12-F-준비운동,국민체력100 운동처방 · 유소년 12세,,
팔벌려뛰기@IdpXx2gm90o#198,팔벌려뛰기,팔벌려뛰기,IdpXx2gm90o,198,248,https://www.youtube.com/watch?v=IdpXx2gm90o&t=198s,유소년,성인-F;성인-M;유아기-M,본운동,False,5,20546,prescription:성인-34-F-본운동,국민체력100 운동처방 · 성인 34세,video:IdpXx2gm90o,국민체력100 운동영상 · 초등학생의 기초체력향상과 운동능력발달을 위한 운동! 같이해봐요! #국민체력100 #유소년 #어린이운동
폼롤러밀며몸앞으로숙이기@,폼롤러밀며몸앞으로숙이기,폼롤러 밀며 몸 앞으로 숙이기,,,,,,어르신-F;유아기-M,본운동,False,20,16,prescription:어르신-92-F-본운동,국민체력100 운동처방 · 어르신 92세,,
풍선튕기기@,풍선튕기기,풍선 튕기기,,,,,,어르신-F;어르신-M,본운동,False,10,96,prescription:어르신-90-M-본운동,국민체력100 운동처방 · 어르신 90세,,
풍선차기@,풍선차기,풍선차기,,,,,,어르신-F,본운동,False,12,16,prescription:어르신-92-F-본운동,국민체력100 운동처방 · 어르신 92세,,
플렉스바비틀기@,플렉스바비틀기,플렉스 바 비틀기,,,,,,어르신-F;어르신-M,본운동,False,17,1183,prescription:어르신-68-M-본운동,국민체력100 운동처방 · 어르신 68세,,
하지루틴스트레칭1@,하지루틴스트레칭1,하지 루틴 스트레칭1,,,,,,성인-F;성인-M;어르신-F;어르신-M;유아기-F;유아기-M;청소년-F;청소년-M,정리운동,False,1,85906,prescription:어르신-71-M-정리운동,국민체력100 운동처방 · 어르신 71세,,
하지루틴스트레칭2@,하지루틴스트레칭2,하지 루틴 스트레칭2,,,,,,성인-F;성인-M;어르신-F;어르신-M;유아기-F;유아기-M;청소년-F;청소년-M,정리운동,False,1,101863,prescription:성인-22-M-정리운동,국민체력100 운동처방 · 성인 22세,,
한발뒤로빼고앞으로굽히기@,한발뒤로빼고앞으로굽히기,한 발 뒤로 빼고 앞으로 굽히기,,,,,,유소년-F;유소년-M,정리운동,False,6,2744,prescription:유소년-11-F-정리운동,국민체력100 운동처방 · 유소년 11세,,
한발앞굽이팔위로뻗어가슴내밀기@,한발앞굽이팔위로뻗어가슴내밀기,한 발 앞굽이 팔 위로 뻗어 가슴 내밀기,,,,,,유소년-F;유소년-M,준비운동,False,19,1472,prescription:유소년-12-M-준비운동,국민체력100 운동처방 · 유소년 12세,,
한발들기@,한발들기,한발 들기,,,,,,어르신-F;어르신-M,본운동,False,8,48,prescription:어르신-93-F-본운동,국민체력100 운동처방 · 어르신 93세,,
한발서서균형잡기@,한발서서균형잡기,한발 서서 균형잡기,,,,,,어르신-M,본운동,False,16,5,prescription:어르신-90-M-본운동,국민체력100 운동처방 · 어르신 90세,,
한발앞으로내밀고앉았다일어서기@,한발앞으로내밀고앉았다일어서기,한발 앞으로 내밀고 앉았다 일어서기,,,,,,성인-F;성인-M;어르신-F;유아기-F,본운동,False,7,18929,prescription:성인-42-M-본운동,국민체력100 운동처방 · 성인 42세,,
한발연속뛰기@,한발연속뛰기,한발 연속 뛰기,,,,,,청소년-F;청소년-M,본운동,False,16,3078,prescription:청소년-13-M-본운동,국민체력100 운동처방 · 청소년 13세,,
한발들어좌우돌리기@,한발들어좌우돌리기,한발들어 좌우 돌리기,,,,,,청소년-F,정리운동,False,18,68,prescription:청소년-14-F-정리운동,국민체력100 운동처방 · 청소년 14세,,
한쪽다리펴고상체숙이기@,한쪽다리펴고상체숙이기,한쪽 다리펴고 상체 숙이기,,,,,,청소년-M,정리운동,False,27,277,prescription:청소년-18-M-정리운동,국민체력100 운동처방 · 청소년 18세,,
허리굽혀덤벨뒤로들기@,허리굽혀덤벨뒤로들기,허리 굽혀 덤벨 뒤로 들기,,,,,,성인-F,본운동,False,27,59,prescription:성인-45-F-본운동,국민체력100 운동처방 · 성인 45세,,
허리굽혀덤벨들기@,허리굽혀덤벨들기,허리 굽혀 덤벨 들기,,,,,,성인-F;성인-M,본운동,False,26,953,prescription:성인-32-M-본운동,국민체력100 운동처방 · 성인 32세,,
허리스트레칭@OpnELu5j4nk#330,허리스트레칭,허리 스트레칭,OpnELu5j4nk,330,346,https://www.youtube.com/watch?v=OpnELu5j4nk&t=330s,유아기,성인-F;성인-M;어르신-F;어르신-M;유아기-F;유아기-M;청소년-F;청소년-M,정리운동,False,4,39605,prescription:어르신-87-F-정리운동,국민체력100 운동처방 · 어르신 87세,video:OpnELu5j4nk,국민체력100 운동영상 · 🦖유아기 기초체력 향상 체조 | 성장기 말랑말랑 유연성 발달 운동 (10min)
활자세@,활자세,활 자세,,,,,,유소년-F;유소년-M;유아기-M,정리운동,False,14,1546,prescription:유소년-11-F-정리운동,국민체력100 운동처방 · 유소년 11세,,
회전근개스트레칭@,회전근개스트레칭,회전근개 스트레칭,,,,,,어르신-F;어르신-M;유아기-M,정리운동,False,2,4120,prescription:어르신-88-M-정리운동,국민체력100 운동처방 · 어르신 88세,,
후굴자세해봐요@SZefn91w66o#356,후굴자세해봐요,후굴자세 해봐요,SZefn91w66o,356,446,https://www.youtube.com/watch?v=SZefn91w66o&t=356s,유아기,어르신-M;유아기-F;유아기-M,정리운동,False,2,8040,prescription:유아기-50-F-정리운동,국민체력100 운동처방 · 유아기 50개월,video:SZefn91w66o,국민체력100 운동영상 · 🦖유아기 기초체력 향상 체조 | 심폐체력 유연성 운동 응용동작 (7min)
후다닥붙여요@oCAjIRASiVI#174,후다닥붙여요,후다닥 붙여요,oCAjIRASiVI,174,290,https://www.youtube.com/watch?v=oCAjIRASiVI&t=174s,유아기,유아기-F;유아기-M,본운동,False,2,2924,prescription:유아기-53-M-본운동,국민체력100 운동처방 · 유아기 53개월,video:oCAjIRASiVI,국민체력100 운동영상 · 🦖유아기 운동체력 향상 | 민첩성 순발력 평형성 협응력 키우기 응용운동 (15min)
후다닥집어요@oCAjIRASiVI#108,후다닥집어요,후다닥 집어요,oCAjIRASiVI,108,174,https://www.youtube.com/watch?v=oCAjIRASiVI&t=108s,유아기,유아기-F;유아기-M,본운동,False,4,2612,prescription:유아기-57-F-본운동,국민체력100 운동처방 · 유아기 57개월,video:oCAjIRASiVI,국민체력100 운동영상 · 🦖유아기 운동체력 향상 | 민첩성 순발력 평형성 협응력 키우기 응용운동 (15min)
훌라후프로공끌고가기@,훌라후프로공끌고가기,훌라후프로 공 끌고 가기,,,,,,유소년-F;유소년-M,본운동,False,16,2837,prescription:유소년-11-F-본운동,국민체력100 운동처방 · 유소년 11세,,
훌라후프하며앞으로가기@,훌라후프하며앞으로가기,훌라후프하며 앞으로 가기,,,,,,유소년-F;유소년-M,본운동,False,14,2823,prescription:유소년-11-F-본운동,국민체력100 운동처방 · 유소년 11세,,
휴식자세@,휴식자세,휴식자세,,,,,,청소년-F;청소년-M,정리운동,False,7,1401,prescription:청소년-17-F-정리운동,국민체력100 운동처방 · 청소년 17세,,
흔들어체조@5Crvk_HZPy8#74,흔들어체조,흔들어 체조,5Crvk_HZPy8,74,152,https://www.youtube.com/watch?v=5Crvk_HZPy8&t=74s,유아기,성인-F;성인-M;어르신-M;유아기-F;유아기-M,정리운동,True,1,13763,prescription:유아기-48-F-정리운동,국민체력100 운동처방 · 유아기 48개월,video:5Crvk_HZPy8,국민체력100 운동영상 · 🦖유아기 체력 향상 (복합운동) | EP03.알록달록 붙여요! (20miin)
흔들어체조@9ejhpZjgtUA#74,흔들어체조,흔들어 체조,9ejhpZjgtUA,74,152,https://www.youtube.com/watch?v=9ejhpZjgtUA&t=74s,유아기,성인-F;성인-M;어르신-M;유아기-F;유아기-M,정리운동,True,1,13763,prescription:유아기-48-F-정리운동,국민체력100 운동처방 · 유아기 48개월,video:9ejhpZjgtUA,국민체력100 운동영상 · 🦖유아기 복합 지각능력  향상 활동 | EP01. 알맞게 놓아요! (25min)
흔들어체조@AN7gNF5QT1w#74,흔들어체조,흔들어 체조,AN7gNF5QT1w,74,152,https://www.youtube.com/watch?v=AN7gNF5QT1w&t=74s,유아기,성인-F;성인-M;어르신-M;유아기-F;유아기-M,정리운동,True,1,13763,prescription:유아기-48-F-정리운동,국민체력100 운동처방 · 유아기 48개월,video:AN7gNF5QT1w,국민체력100 운동영상 · 🦖유아기 체력 향상 (복합운동) | EP02.불이야~!!! 소방훈련해요! (25miin)
흔들어체조@F983gS5mwJg#74,흔들어체조,흔들어 체조,F983gS5mwJg,74,152,https://www.youtube.com/watch?v=F983gS5mwJg&t=74s,유아기,성인-F;성인-M;어르신-M;유아기-F;유아기-M,정리운동,True,1,13763,prescription:유아기-48-F-정리운동,국민체력100 운동처방 · 유아기 48개월,video:F983gS5mwJg,국민체력100 운동영상 · 🦖유아기 복합 지각능력  향상 활동 | EP02. 알록달록 길을 걸어요! (25min)
흔들어체조@GkoUyt8uIXA#74,흔들어체조,흔들어 체조,GkoUyt8uIXA,74,152,https://www.youtube.com/watch?v=GkoUyt8uIXA&t=74s,유아기,성인-F;성인-M;어르신-M;유아기-F;유아기-M,정리운동,True,1,13763,prescription:유아기-48-F-정리운동,국민체력100 운동처방 · 유아기 48개월,video:GkoUyt8uIXA,국민체력100 운동영상 · 🦖유아기 복합 지각능력  향상 활동 | EP03. 끝까지 굴려요! 구릉구릉~~
흔들어체조@RBKylbKM78k#74,흔들어체조,흔들어 체조,RBKylbKM78k,74,152,https://www.youtube.com/watch?v=RBKylbKM78k&t=74s,유아기,성인-F;성인-M;어르신-M;유아기-F;유아기-M,정리운동,True,1,13763,prescription:유아기-48-F-정리운동,국민체력100 운동처방 · 유아기 48개월,video:RBKylbKM78k,국민체력100 운동영상 · 🦖유아기 체력 향상 (복합운동) | EP04. 점핑점핑 해요! (25miin)
흔들어체조@Rt3tdifHbns#74,흔들어체조,흔들어 체조,Rt3tdifHbns,74,152,https://www.youtube.com/watch?v=Rt3tdifHbns&t=74s,유아기,성인-F;성인-M;어르신-M;유아기-F;유아기-M,정리운동,True,1,13763,prescription:유아기-48-F-정리운동,국민체력100 운동처방 · 유아기 48개월,video:Rt3tdifHbns,국민체력100 운동영상 · 🦖유아기 복합 운동기술 향상 | 수박나라로 떠나요! (심화편)
흔들어체조@_hdna4_9GYc#74,흔들어체조,흔들어 체조,_hdna4_9GYc,74,152,https://www.youtube.com/watch?v=_hdna4_9GYc&t=74s,유아기,성인-F;성인-M;어르신-M;유아기-F;유아기-M,정리운동,True,1,13763,prescription:유아기-48-F-정리운동,국민체력100 운동처방 · 유아기 48개월,video:_hdna4_9GYc,국민체력100 운동영상 · 🦖유아기 복합 운동기술 향상 | 체력왕이 되어요 (심화편)
흔들어체조@oX1HKGUBO5w#74,흔들어체조,흔들어 체조,oX1HKGUBO5w,74,152,https://www.youtube.com/watch?v=oX1HKGUBO5w&t=74s,유아기,성인-F;성인-M;어르신-M;유아기-F;유아기-M,정리운동,True,1,13763,prescription:유아기-48-F-정리운동,국민체력100 운동처방 · 유아기 48개월,video:oX1HKGUBO5w,국민체력100 운동영상 · 🦖유아기 체력 향상 (복합운동) | EP01.동물처럼 걸어요 (20min)
흔들어체조@qk0hXbltmIQ#74,흔들어체조,흔들어 체조,qk0hXbltmIQ,74,152,https://www.youtube.com/watch?v=qk0hXbltmIQ&t=74s,유아기,성인-F;성인-M;어르신-M;유아기-F;유아기-M,정리운동,True,1,13763,prescription:유아기-48-F-정리운동,국민체력100 운동처방 · 유아기 48개월,video:qk0hXbltmIQ,국민체력100 운동영상 · 🦖유아기 복합 운동기술 향상 | 꽃게처럼 걸어요 (심화편)
흔들어체조@ybVg6kewp90#6,흔들어체조,흔들어 체조,ybVg6kewp90,6,82,https://www.youtube.com/watch?v=ybVg6kewp90&t=6s,유아기,성인-F;성인-M;어르신-M;유아기-F;유아기-M,정리운동,False,1,13763,prescription:유아기-48-F-정리운동,국민체력100 운동처방 · 유아기 48개월,video:ybVg6kewp90,국민체력100 운동영상 · 🦖헤이지니와 함께 유아기 체력 쑥쑥 운동 | EP02.흔들어 체조
힘차게던져요@oCAjIRASiVI#290,힘차게던져요,힘차게 던져요,oCAjIRASiVI,290,332,https://www.youtube.com/watch?v=oCAjIRASiVI&t=290s,유아기,유아기-F;유아기-M,본운동,False,2,2647,prescription:유아기-67-M-본운동,국민체력100 운동처방 · 유아기 67개월,video:oCAjIRASiVI,국민체력100 운동영상 · 🦖유아기 운동체력 향상 | 민첩성 순발력 평형성 협응력 키우기 응용운동 (15min)
힘차게맞춰요@oCAjIRASiVI#332,힘차게맞춰요,힘차게 맞춰요,oCAjIRASiVI,332,396,https://www.youtube.com/watch?v=oCAjIRASiVI&t=332s,유아기,유아기-F;유아기-M,본운동,False,5,1507,prescription:유아기-80-F-본운동,국민체력100 운동처방 · 유아기 80개월,video:oCAjIRASiVI,국민체력100 운동영상 · 🦖유아기 운동체력 향상 | 민첩성 순발력 평형성 협응력 키우기 응용운동 (15min)
