video_id,start_sec,end_sec,label_end_sec,gap_sec,duration_sec,length_basis,last,exercise_name,age_group,source,common,evidence_text,chunk_id,citation_label,url
-EATykJOvBQ,6,76,76,0,70,label_end,True,거북이 스트레칭,유아기,title,False,🐢헤이지니와 함께 유아기 체력 쑥쑥 운동 | EP03.거북이 스트레칭,video:-EATykJOvBQ,국민체력100 운동영상 · 🐢헤이지니와 함께 유아기 체력 쑥쑥 운동 | EP03.거북이 스트레칭,https://www.youtube.com/watch?v=-EATykJOvBQ&t=6s
5Crvk_HZPy8,8,74,72,2,66,next_start,False,인사 체조,유아기,screen,True,00:08 인사 체조,video:5Crvk_HZPy8,국민체력100 운동영상 · 🦖유아기 체력 향상 (복합운동) | EP03.알록달록 붙여요! (20miin),https://www.youtube.com/watch?v=5Crvk_HZPy8&t=8s
5Crvk_HZPy8,74,152,150,2,78,next_start,False,흔들어 체조,유아기,screen,True,01:14 흔들어 체조,video:5Crvk_HZPy8,국민체력100 운동영상 · 🦖유아기 체력 향상 (복합운동) | EP03.알록달록 붙여요! (20miin),https://www.youtube.com/watch?v=5Crvk_HZPy8&t=74s
5Crvk_HZPy8,152,228,224,4,76,next_start,False,거북이 스트레칭,유아기,screen,True,02:32 거북이 스트레칭,video:5Crvk_HZPy8,국민체력100 운동영상 · 🦖유아기 체력 향상 (복합운동) | EP03.알록달록 붙여요! (20miin),https://www.youtube.com/watch?v=5Crvk_HZPy8&t=152s
5Crvk_HZPy8,228,1038,1034,4,810,next_start,False,알록달록 붙여요,유아기,title,False,🦖유아기 체력 향상 (복합운동) | EP03.알록달록 붙여요! (20miin),video:5Crvk_HZPy8,국민체력100 운동영상 · 🦖유아기 체력 향상 (복합운동) | EP03.알록달록 붙여요! (20miin),https://www.youtube.com/watch?v=5Crvk_HZPy8&t=228s
5Crvk_HZPy8,1038,1112,1112,0,74,label_end,True,우리 모두 다같이,유아기,screen,True,17:18 우리 모두 다 같이,video:5Crvk_HZPy8,국민체력100 운동영상 · 🦖유아기 체력 향상 (복합운동) | EP03.알록달록 붙여요! (20miin),https://www.youtube.com/watch?v=5Crvk_HZPy8&t=1038s
9ejhpZjgtUA,8,74,72,2,66,next_start,False,인사 체조,유아기,screen,True,00:08 인사 체조,video:9ejhpZjgtUA,국민체력100 운동영상 · 🦖유아기 복합 지각능력  향상 활동 | EP01. 알맞게 놓아요! (25min),https://www.youtube.com/watch?v=9ejhpZjgtUA&t=8s
9ejhpZjgtUA,74,152,150,2,78,next_start,False,흔들어 체조,유아기,screen,True,01:14 흔들어 체조,video:9ejhpZjgtUA,국민체력100 운동영상 · 🦖유아기 복합 지각능력  향상 활동 | EP01. 알맞게 놓아요! (25min),https://www.youtube.com/watch?v=9ejhpZjgtUA&t=74s
9ejhpZjgtUA,152,1052,224,828,900,next_start,False,거북이 스트레칭,유아기,screen,True,02:32 거북이 스트레칭,video:9ejhpZjgtUA,국민체력100 운동영상 · 🦖유아기 복합 지각능력  향상 활동 | EP01. 알맞게 놓아요! (25min),https://www.youtube.com/watch?v=9ejhpZjgtUA&t=152s
9ejhpZjgtUA,1052,1126,1126,0,74,label_end,True,우리 모두 다같이,유아기,screen,True,17:32 우리 모두 다 같이,video:9ejhpZjgtUA,국민체력100 운동영상 · 🦖유아기 복합 지각능력  향상 활동 | EP01. 알맞게 놓아요! (25min),https://www.youtube.com/watch?v=9ejhpZjgtUA&t=1052s
AN7gNF5QT1w,8,74,72,2,66,next_start,False,인사 체조,유아기,screen,True,00:08 인사 체조,video:AN7gNF5QT1w,국민체력100 운동영상 · 🦖유아기 체력 향상 (복합운동) | EP02.불이야~!!! 소방훈련해요! (25miin),https://www.youtube.com/watch?v=AN7gNF5QT1w&t=8s
AN7gNF5QT1w,74,152,150,2,78,next_start,False,흔들어 체조,유아기,screen,True,01:14 흔들어 체조,video:AN7gNF5QT1w,국민체력100 운동영상 · 🦖유아기 체력 향상 (복합운동) | EP02.불이야~!!! 소방훈련해요! (25miin),https://www.youtube.com/watch?v=AN7gNF5QT1w&t=74s
AN7gNF5QT1w,152,228,224,4,76,next_start,False,거북이 스트레칭,유아기,screen,True,02:32 거북이 스트레칭,video:AN7gNF5QT1w,국민체력100 운동영상 · 🦖유아기 체력 향상 (복합운동) | EP02.불이야~!!! 소방훈련해요! (25miin),https://www.youtube.com/watch?v=AN7gNF5QT1w&t=152s
AN7gNF5QT1w,228,984,978,6,756,next_start,False,소방훈련 해요,유아기,title,False,🦖유아기 체력 향상 (복합운동) | EP02.불이야~!!! 소방훈련해요! (25miin),video:AN7gNF5QT1w,국민체력100 운동영상 · 🦖유아기 체력 향상 (복합운동) | EP02.불이야~!!! 소방훈련해요! (25miin),https://www.youtube.com/watch?v=AN7gNF5QT1w&t=228s
AN7gNF5QT1w,984,1058,1058,0,74,label_end,True,우리 모두 다같이,유아기,screen,True,16:24 우리 모두 다 같이,video:AN7gNF5QT1w,국민체력100 운동영상 · 🦖유아기 체력 향상 (복합운동) | EP02.불이야~!!! 소방훈련해요! (25miin),https://www.youtube.com/watch?v=AN7gNF5QT1w&t=984s
Eg3GpTv7z8s,144,188,180,8,44,next_start,False,나비자세,유소년,screen_bar,True,02:24 넙다리 안쪽 늘리기 (나비자세),video:Eg3GpTv7z8s,국민체력100 운동영상 · [👦🏻유소년] 성장기 학생들을 위한 근력 운동 프로그램 (30min),https://www.youtube.com/watch?v=Eg3GpTv7z8s&t=144s
Eg3GpTv7z8s,188,230,224,6,42,next_start,False,척추 들어올리기,유소년,screen_bar,True,03:08 척추 들어올리기 (고양이자세),video:Eg3GpTv7z8s,국민체력100 운동영상 · [👦🏻유소년] 성장기 학생들을 위한 근력 운동 프로그램 (30min),https://www.youtube.com/watch?v=Eg3GpTv7z8s&t=188s
Eg3GpTv7z8s,230,330,268,62,100,next_start,False,아기자세,유소년,screen_bar,True,03:50 엎드려 어깨 눌러주기 (아기자세),video:Eg3GpTv7z8s,국민체력100 운동영상 · [👦🏻유소년] 성장기 학생들을 위한 근력 운동 프로그램 (30min),https://www.youtube.com/watch?v=Eg3GpTv7z8s&t=230s
Eg3GpTv7z8s,330,1594,380,1214,1264,next_start,False,다리뻗어 상체 숙이기,유소년,screen_bar,True,05:30 다리 뻗어 상체 숙이기,video:Eg3GpTv7z8s,국민체력100 운동영상 · [👦🏻유소년] 성장기 학생들을 위한 근력 운동 프로그램 (30min),https://www.youtube.com/watch?v=Eg3GpTv7z8s&t=330s
Eg3GpTv7z8s,1594,1746,1614,132,152,next_start,False,엎드려 상체 들어올리기,유소년,screen_bar,True,26:34 엎드려 상체 들어올리기,video:Eg3GpTv7z8s,국민체력100 운동영상 · [👦🏻유소년] 성장기 학생들을 위한 근력 운동 프로그램 (30min),https://www.youtube.com/watch?v=Eg3GpTv7z8s&t=1594s
Eg3GpTv7z8s,1746,1764,1764,0,18,label_end,True,양팔 벌려 전신 비틀기,유소년,screen_bar,True,29:06 양팔 벌려 전신 비틀기,video:Eg3GpTv7z8s,국민체력100 운동영상 · [👦🏻유소년] 성장기 학생들을 위한 근력 운동 프로그램 (30min),https://www.youtube.com/watch?v=Eg3GpTv7z8s&t=1746s
F983gS5mwJg,8,74,72,2,66,next_start,False,인사 체조,유아기,screen,True,00:08 인사 체조,video:F983gS5mwJg,국민체력100 운동영상 · 🦖유아기 복합 지각능력  향상 활동 | EP02. 알록달록 길을 걸어요! (25min),https://www.youtube.com/watch?v=F983gS5mwJg&t=8s
F983gS5mwJg,74,152,150,2,78,next_start,False,흔들어 체조,유아기,screen,True,01:14 흔들어 체조,video:F983gS5mwJg,국민체력100 운동영상 · 🦖유아기 복합 지각능력  향상 활동 | EP02. 알록달록 길을 걸어요! (25min),https://www.youtube.com/watch?v=F983gS5mwJg&t=74s
F983gS5mwJg,152,938,224,714,786,next_start,False,거북이 스트레칭,유아기,screen,True,02:32 거북이 스트레칭,video:F983gS5mwJg,국민체력100 운동영상 · 🦖유아기 복합 지각능력  향상 활동 | EP02. 알록달록 길을 걸어요! (25min),https://www.youtube.com/watch?v=F983gS5mwJg&t=152s
F983gS5mwJg,938,1012,1012,0,74,label_end,True,우리 모두 다같이,유아기,screen,True,15:38 우리 모두 다 같이,video:F983gS5mwJg,국민체력100 운동영상 · 🦖유아기 복합 지각능력  향상 활동 | EP02. 알록달록 길을 걸어요! (25min),https://www.youtube.com/watch?v=F983gS5mwJg&t=938s
GkoUyt8uIXA,8,74,72,2,66,next_start,False,인사 체조,유아기,screen,True,00:08 인사 체조,video:GkoUyt8uIXA,국민체력100 운동영상 · 🦖유아기 복합 지각능력  향상 활동 | EP03. 끝까지 굴려요! 구릉구릉~~,https://www.youtube.com/watch?v=GkoUyt8uIXA&t=8s
GkoUyt8uIXA,74,152,150,2,78,next_start,False,흔들어 체조,유아기,screen,True,01:14 흔들어 체조,video:GkoUyt8uIXA,국민체력100 운동영상 · 🦖유아기 복합 지각능력  향상 활동 | EP03. 끝까지 굴려요! 구릉구릉~~,https://www.youtube.com/watch?v=GkoUyt8uIXA&t=74s
GkoUyt8uIXA,152,872,224,648,720,next_start,False,거북이 스트레칭,유아기,screen,True,02:32 거북이 스트레칭,video:GkoUyt8uIXA,국민체력100 운동영상 · 🦖유아기 복합 지각능력  향상 활동 | EP03. 끝까지 굴려요! 구릉구릉~~,https://www.youtube.com/watch?v=GkoUyt8uIXA&t=152s
GkoUyt8uIXA,872,948,948,0,76,label_end,True,우리 모두 다같이,유아기,screen,True,14:32 우리 모두 다 같이,video:GkoUyt8uIXA,국민체력100 운동영상 · 🦖유아기 복합 지각능력  향상 활동 | EP03. 끝까지 굴려요! 구릉구릉~~,https://www.youtube.com/watch?v=GkoUyt8uIXA&t=872s
HYl0oA1Ptyw,118,160,154,6,42,next_start,False,나비자세,청소년,screen_bar,True,01:58 넙다리 안쪽 늘리기 (나비자세),video:HYl0oA1Ptyw,국민체력100 운동영상 · [👩🏻‍🎓청소년] 중고등학생 체력향상 운동프로그램 (30min),https://www.youtube.com/watch?v=HYl0oA1Ptyw&t=118s
HYl0oA1Ptyw,160,204,196,8,44,next_start,False,척추 들어올리기,청소년,screen_bar,True,02:40 척추 들어올리기 (고양이자세),video:HYl0oA1Ptyw,국민체력100 운동영상 · [👩🏻‍🎓청소년] 중고등학생 체력향상 운동프로그램 (30min),https://www.youtube.com/watch?v=HYl0oA1Ptyw&t=160s
HYl0oA1Ptyw,204,302,242,60,98,next_start,False,아기자세,청소년,screen_bar,True,03:24 엎드려 어깨 눌러주기 (아기자세),video:HYl0oA1Ptyw,국민체력100 운동영상 · [👩🏻‍🎓청소년] 중고등학생 체력향상 운동프로그램 (30min),https://www.youtube.com/watch?v=HYl0oA1Ptyw&t=204s
HYl0oA1Ptyw,302,574,352,222,272,next_start,False,다리뻗어 상체 숙이기,청소년,screen_bar,True,05:02 다리 뻗어 상체 숙이기,video:HYl0oA1Ptyw,국민체력100 운동영상 · [👩🏻‍🎓청소년] 중고등학생 체력향상 운동프로그램 (30min),https://www.youtube.com/watch?v=HYl0oA1Ptyw&t=302s
HYl0oA1Ptyw,574,2124,600,1524,1550,next_start,False,왕복달리기,청소년,screen_bar,False,09:34 왕복 달리기,video:HYl0oA1Ptyw,국민체력100 운동영상 · [👩🏻‍🎓청소년] 중고등학생 체력향상 운동프로그램 (30min),https://www.youtube.com/watch?v=HYl0oA1Ptyw&t=574s
HYl0oA1Ptyw,2124,2276,2144,132,152,next_start,False,엎드려 상체 들어올리기,청소년,screen_bar,True,35:24 엎드려 상체 들어올리기,video:HYl0oA1Ptyw,국민체력100 운동영상 · [👩🏻‍🎓청소년] 중고등학생 체력향상 운동프로그램 (30min),https://www.youtube.com/watch?v=HYl0oA1Ptyw&t=2124s
HYl0oA1Ptyw,2276,2294,2294,0,18,label_end,True,양팔 벌려 전신 비틀기,청소년,screen_bar,True,37:56 양팔 벌려 전신 비틀기,video:HYl0oA1Ptyw,국민체력100 운동영상 · [👩🏻‍🎓청소년] 중고등학생 체력향상 운동프로그램 (30min),https://www.youtube.com/watch?v=HYl0oA1Ptyw&t=2276s
IdpXx2gm90o,198,248,248,0,50,label_end,True,팔벌려뛰기,유소년,screen,False,03:18 팔 벌려 뛰기,video:IdpXx2gm90o,국민체력100 운동영상 · 초등학생의 기초체력향상과 운동능력발달을 위한 운동! 같이해봐요! #국민체력100 #유소년 #어린이운동,https://www.youtube.com/watch?v=IdpXx2gm90o&t=198s
IfV5H7USgaA,326,372,372,0,46,label_end,True,엉금엉금 기어요,유아기,screen,True,05:26 6. 엉금엉금 기어요,video:IfV5H7USgaA,국민체력100 운동영상 · 🦖유아기 기초체력 향상 체조 | 대근육 발달 근력/근지구력 운동 (8min),https://www.youtube.com/watch?v=IfV5H7USgaA&t=326s
OpnELu5j4nk,112,224,158,66,112,next_start,False,어깨 스트레칭,유아기,screen,False,01:52 2. 어깨 스트레칭 해요,video:OpnELu5j4nk,국민체력100 운동영상 · 🦖유아기 기초체력 향상 체조 | 성장기 말랑말랑 유연성 발달 운동 (10min),https://www.youtube.com/watch?v=OpnELu5j4nk&t=112s
OpnELu5j4nk,224,330,316,14,106,next_start,False,목 스트레칭,유아기,screen,False,03:44 3. 목 스트레칭 해요,video:OpnELu5j4nk,국민체력100 운동영상 · 🦖유아기 기초체력 향상 체조 | 성장기 말랑말랑 유연성 발달 운동 (10min),https://www.youtube.com/watch?v=OpnELu5j4nk&t=224s
OpnELu5j4nk,330,346,346,0,16,label_end,True,허리 스트레칭,유아기,screen,False,05:30 4. 허리 스트레칭 해요,video:OpnELu5j4nk,국민체력100 운동영상 · 🦖유아기 기초체력 향상 체조 | 성장기 말랑말랑 유연성 발달 운동 (10min),https://www.youtube.com/watch?v=OpnELu5j4nk&t=330s
OxtY_hEQzIM,6,104,98,6,98,next_start,False,밴드를 당겨요,유아기,screen,False,00:06 밴드를 당겨요,video:OxtY_hEQzIM,국민체력100 운동영상 · 🦖유아기 기초체력 향상 체조 | 대근육 발달 근력/근지구력 운동 응용동작 (7min),https://www.youtube.com/watch?v=OxtY_hEQzIM&t=6s
OxtY_hEQzIM,104,158,152,6,54,next_start,False,빌리보를 밀어요,유아기,screen,False,01:44 빌리보를 밀어요,video:OxtY_hEQzIM,국민체력100 운동영상 · 🦖유아기 기초체력 향상 체조 | 대근육 발달 근력/근지구력 운동 응용동작 (7min),https://www.youtube.com/watch?v=OxtY_hEQzIM&t=104s
OxtY_hEQzIM,158,228,222,6,70,next_start,False,끌어요 당겨요,유아기,screen,False,02:38 끌어요 당겨요,video:OxtY_hEQzIM,국민체력100 운동영상 · 🦖유아기 기초체력 향상 체조 | 대근육 발달 근력/근지구력 운동 응용동작 (7min),https://www.youtube.com/watch?v=OxtY_hEQzIM&t=158s
OxtY_hEQzIM,228,294,286,8,66,next_start,False,엉금엉금 기어요,유아기,screen,True,03:48 엉금엉금 기어요,video:OxtY_hEQzIM,국민체력100 운동영상 · 🦖유아기 기초체력 향상 체조 | 대근육 발달 근력/근지구력 운동 응용동작 (7min),https://www.youtube.com/watch?v=OxtY_hEQzIM&t=228s
OxtY_hEQzIM,294,392,384,8,98,next_start,False,영차영차 올라요,유아기,screen,False,04:54 영차영차 올라요,video:OxtY_hEQzIM,국민체력100 운동영상 · 🦖유아기 기초체력 향상 체조 | 대근육 발달 근력/근지구력 운동 응용동작 (7min),https://www.youtube.com/watch?v=OxtY_hEQzIM&t=294s
OxtY_hEQzIM,392,454,454,0,62,label_end,True,윗몸 말며 공을 전달해요,유아기,screen,False,06:32 윗몸 말며 공을 전달해요,video:OxtY_hEQzIM,국민체력100 운동영상 · 🦖유아기 기초체력 향상 체조 | 대근육 발달 근력/근지구력 운동 응용동작 (7min),https://www.youtube.com/watch?v=OxtY_hEQzIM&t=392s
P6UZsc2YqEM,14,130,40,90,116,next_start,False,뽁뽁이를 눌러요,유아기,screen,False,00:14 뽁뽁이를 눌러요(손가락),video:P6UZsc2YqEM,국민체력100 운동영상 · 🦖유아기 기초체력 향상 체조 | 소근육 발달 협응성 향상 운동 응용동작 (5min),https://www.youtube.com/watch?v=P6UZsc2YqEM&t=14s
P6UZsc2YqEM,130,214,214,0,84,label_end,True,딩딩링을 끼워요,유아기,screen,False,02:10 딩딩링을 끼워요,video:P6UZsc2YqEM,국민체력100 운동영상 · 🦖유아기 기초체력 향상 체조 | 소근육 발달 협응성 향상 운동 응용동작 (5min),https://www.youtube.com/watch?v=P6UZsc2YqEM&t=130s
RBKylbKM78k,8,74,72,2,66,next_start,False,인사 체조,유아기,screen,True,00:08 인사 체조,video:RBKylbKM78k,국민체력100 운동영상 · 🦖유아기 체력 향상 (복합운동) | EP04. 점핑점핑 해요! (25miin),https://www.youtube.com/watch?v=RBKylbKM78k&t=8s
RBKylbKM78k,74,152,150,2,78,next_start,False,흔들어 체조,유아기,screen,True,01:14 흔들어 체조,video:RBKylbKM78k,국민체력100 운동영상 · 🦖유아기 체력 향상 (복합운동) | EP04. 점핑점핑 해요! (25miin),https://www.youtube.com/watch?v=RBKylbKM78k&t=74s
RBKylbKM78k,152,228,224,4,76,next_start,False,거북이 스트레칭,유아기,screen,True,02:32 거북이 스트레칭,video:RBKylbKM78k,국민체력100 운동영상 · 🦖유아기 체력 향상 (복합운동) | EP04. 점핑점핑 해요! (25miin),https://www.youtube.com/watch?v=RBKylbKM78k&t=152s
RBKylbKM78k,228,1198,1192,6,970,next_start,False,점핑점핑해요,유아기,title,False,🦖유아기 체력 향상 (복합운동) | EP04. 점핑점핑 해요! (25miin),video:RBKylbKM78k,국민체력100 운동영상 · 🦖유아기 체력 향상 (복합운동) | EP04. 점핑점핑 해요! (25miin),https://www.youtube.com/watch?v=RBKylbKM78k&t=228s
RBKylbKM78k,1198,1272,1272,0,74,label_end,True,우리 모두 다같이,유아기,screen,True,19:58 우리 모두 다 같이,video:RBKylbKM78k,국민체력100 운동영상 · 🦖유아기 체력 향상 (복합운동) | EP04. 점핑점핑 해요! (25miin),https://www.youtube.com/watch?v=RBKylbKM78k&t=1198s
Rt3tdifHbns,8,74,72,2,66,next_start,False,인사 체조,유아기,screen,True,00:08 인사 체조,video:Rt3tdifHbns,국민체력100 운동영상 · 🦖유아기 복합 운동기술 향상 | 수박나라로 떠나요! (심화편),https://www.youtube.com/watch?v=Rt3tdifHbns&t=8s
Rt3tdifHbns,74,152,150,2,78,next_start,False,흔들어 체조,유아기,screen,True,01:14 흔들어 체조,video:Rt3tdifHbns,국민체력100 운동영상 · 🦖유아기 복합 운동기술 향상 | 수박나라로 떠나요! (심화편),https://www.youtube.com/watch?v=Rt3tdifHbns&t=74s
Rt3tdifHbns,152,1116,224,892,964,next_start,False,거북이 스트레칭,유아기,screen,True,02:32 거북이 스트레칭,video:Rt3tdifHbns,국민체력100 운동영상 · 🦖유아기 복합 운동기술 향상 | 수박나라로 떠나요! (심화편),https://www.youtube.com/watch?v=Rt3tdifHbns&t=152s
Rt3tdifHbns,1116,1190,1190,0,74,label_end,True,우리 모두 다같이,유아기,screen,True,18:36 우리 모두 다 같이,video:Rt3tdifHbns,국민체력100 운동영상 · 🦖유아기 복합 운동기술 향상 | 수박나라로 떠나요! (심화편),https://www.youtube.com/watch?v=Rt3tdifHbns&t=1116s
SZefn91w66o,6,80,72,8,74,next_start,False,꼬리를 떼어요,유아기,screen,False,00:06 꼬리를 떼어요,video:SZefn91w66o,국민체력100 운동영상 · 🦖유아기 기초체력 향상 체조 | 심폐체력 유연성 운동 응용동작 (7min),https://www.youtube.com/watch?v=SZefn91w66o&t=6s
SZefn91w66o,80,138,130,8,58,next_start,False,알을 낳아요,유아기,screen,False,01:20 알을 낳아요,video:SZefn91w66o,국민체력100 운동영상 · 🦖유아기 기초체력 향상 체조 | 심폐체력 유연성 운동 응용동작 (7min),https://www.youtube.com/watch?v=SZefn91w66o&t=80s
SZefn91w66o,138,194,188,6,56,next_start,False,줄넘기 해요,유아기,screen,False,02:18 줄넘기 해요(줄없는),video:SZefn91w66o,국민체력100 운동영상 · 🦖유아기 기초체력 향상 체조 | 심폐체력 유연성 운동 응용동작 (7min),https://www.youtube.com/watch?v=SZefn91w66o&t=138s
SZefn91w66o,194,278,272,6,84,next_start,False,공을 옮겨요(앞),유아기,screen,False,03:14 공을 옮겨요(앞),video:SZefn91w66o,국민체력100 운동영상 · 🦖유아기 기초체력 향상 체조 | 심폐체력 유연성 운동 응용동작 (7min),https://www.youtube.com/watch?v=SZefn91w66o&t=194s
SZefn91w66o,278,356,350,6,78,next_start,False,공을 옮겨요(옆),유아기,screen,False,04:38 공을 옮겨요(옆),video:SZefn91w66o,국민체력100 운동영상 · 🦖유아기 기초체력 향상 체조 | 심폐체력 유연성 운동 응용동작 (7min),https://www.youtube.com/watch?v=SZefn91w66o&t=278s
SZefn91w66o,356,446,446,0,90,label_end,True,후굴자세 해봐요,유아기,screen,False,05:56 후굴자세 해봐요,video:SZefn91w66o,국민체력100 운동영상 · 🦖유아기 기초체력 향상 체조 | 심폐체력 유연성 운동 응용동작 (7min),https://www.youtube.com/watch?v=SZefn91w66o&t=356s
TXE6Y_FpayU,50,132,88,44,82,next_start,False,나비자세,청소년,screen,True,00:50 나비자세,video:TXE6Y_FpayU,국민체력100 운동영상 · [초등학생] '키 쑥쑥' 아이 성장 발달을 위한 스트레칭 운동,https://www.youtube.com/watch?v=TXE6Y_FpayU&t=50s
TXE6Y_FpayU,132,992,176,816,860,next_start,False,옆구리늘리기,청소년,screen,False,02:12 옆구리 늘리기,video:TXE6Y_FpayU,국민체력100 운동영상 · [초등학생] '키 쑥쑥' 아이 성장 발달을 위한 스트레칭 운동,https://www.youtube.com/watch?v=TXE6Y_FpayU&t=132s
TXE6Y_FpayU,992,994,994,0,2,label_end,True,줄넘기,청소년,screen,False,16:32 08. 투명 줄넘기,video:TXE6Y_FpayU,국민체력100 운동영상 · [초등학생] '키 쑥쑥' 아이 성장 발달을 위한 스트레칭 운동,https://www.youtube.com/watch?v=TXE6Y_FpayU&t=992s
TmVZ2gdZnQQ,130,174,166,8,44,next_start,False,나비자세,유소년,screen_bar,True,02:10 넙다리 안쪽 늘리기 (나비자세),video:TmVZ2gdZnQQ,국민체력100 운동영상 · [👦🏻유소년] 성장기 학생들을 위한 운동체력향상 운동프로그램 (30min),https://www.youtube.com/watch?v=TmVZ2gdZnQQ&t=130s
TmVZ2gdZnQQ,174,216,210,6,42,next_start,False,척추 들어올리기,유소년,screen_bar,True,02:54 척추 들어올리기 (고양이자세),video:TmVZ2gdZnQQ,국민체력100 운동영상 · [👦🏻유소년] 성장기 학생들을 위한 운동체력향상 운동프로그램 (30min),https://www.youtube.com/watch?v=TmVZ2gdZnQQ&t=174s
TmVZ2gdZnQQ,216,316,254,62,100,next_start,False,아기자세,유소년,screen_bar,True,03:36 엎드려 어깨 눌러주기 (아기자세),video:TmVZ2gdZnQQ,국민체력100 운동영상 · [👦🏻유소년] 성장기 학생들을 위한 운동체력향상 운동프로그램 (30min),https://www.youtube.com/watch?v=TmVZ2gdZnQQ&t=216s
TmVZ2gdZnQQ,316,1384,366,1018,1068,next_start,False,다리뻗어 상체 숙이기,유소년,screen_bar,True,05:16 다리 뻗어 상체 숙이기,video:TmVZ2gdZnQQ,국민체력100 운동영상 · [👦🏻유소년] 성장기 학생들을 위한 운동체력향상 운동프로그램 (30min),https://www.youtube.com/watch?v=TmVZ2gdZnQQ&t=316s
TmVZ2gdZnQQ,1384,1536,1404,132,152,next_start,False,엎드려 상체 들어올리기,유소년,screen_bar,True,23:04 엎드려 상체 들어올리기,video:TmVZ2gdZnQQ,국민체력100 운동영상 · [👦🏻유소년] 성장기 학생들을 위한 운동체력향상 운동프로그램 (30min),https://www.youtube.com/watch?v=TmVZ2gdZnQQ&t=1384s
TmVZ2gdZnQQ,1536,1554,1554,0,18,label_end,True,양팔 벌려 전신 비틀기,유소년,screen_bar,True,25:36 양팔 벌려 전신 비틀기,video:TmVZ2gdZnQQ,국민체력100 운동영상 · [👦🏻유소년] 성장기 학생들을 위한 운동체력향상 운동프로그램 (30min),https://www.youtube.com/watch?v=TmVZ2gdZnQQ&t=1536s
V9cymtUC61I,66,690,68,622,624,next_start,False,목 돌리기,청소년,screen,False,01:06 목 돌리기,video:V9cymtUC61I,국민체력100 운동영상 · [청소년] 🎯이제는 정신력 싸움🎯 운동으로 멘탈 관리하고 대학가자!!,https://www.youtube.com/watch?v=V9cymtUC61I&t=66s
V9cymtUC61I,690,782,718,64,92,next_start,False,내전근 스트레칭,청소년,screen,False,11:30 04. 내전근 스트레칭,video:V9cymtUC61I,국민체력100 운동영상 · [청소년] 🎯이제는 정신력 싸움🎯 운동으로 멘탈 관리하고 대학가자!!,https://www.youtube.com/watch?v=V9cymtUC61I&t=690s
V9cymtUC61I,782,808,808,0,26,label_end,True,몸통 비틀기,청소년,screen,False,13:02 07. 손 깍지 끼고 몸통 비틀기,video:V9cymtUC61I,국민체력100 운동영상 · [청소년] 🎯이제는 정신력 싸움🎯 운동으로 멘탈 관리하고 대학가자!!,https://www.youtube.com/watch?v=V9cymtUC61I&t=782s
XSn6DE3cxy4,128,172,164,8,44,next_start,False,나비자세,청소년,screen_bar,True,02:08 넙다리 안쪽 늘리기 (나비자세),video:XSn6DE3cxy4,국민체력100 운동영상 · [👩🏻‍🎓청소년] 중고등학생 체중조절 다이어트 운동프로그램 (30min),https://www.youtube.com/watch?v=XSn6DE3cxy4&t=128s
XSn6DE3cxy4,172,214,206,8,42,next_start,False,척추 들어올리기,청소년,screen_bar,True,02:52 척추 들어올리기 (고양이자세),video:XSn6DE3cxy4,국민체력100 운동영상 · [👩🏻‍🎓청소년] 중고등학생 체중조절 다이어트 운동프로그램 (30min),https://www.youtube.com/watch?v=XSn6DE3cxy4&t=172s
XSn6DE3cxy4,214,314,252,62,100,next_start,False,아기자세,청소년,screen_bar,True,03:34 엎드려 어깨 눌러주기 (아기자세),video:XSn6DE3cxy4,국민체력100 운동영상 · [👩🏻‍🎓청소년] 중고등학생 체중조절 다이어트 운동프로그램 (30min),https://www.youtube.com/watch?v=XSn6DE3cxy4&t=214s
XSn6DE3cxy4,314,608,362,246,294,next_start,False,다리뻗어 상체 숙이기,청소년,screen_bar,True,05:14 다리 뻗어 상체 숙이기,video:XSn6DE3cxy4,국민체력100 운동영상 · [👩🏻‍🎓청소년] 중고등학생 체중조절 다이어트 운동프로그램 (30min),https://www.youtube.com/watch?v=XSn6DE3cxy4&t=314s
XSn6DE3cxy4,608,1704,668,1036,1096,next_start,False,서서 다리 모으고 벌리기,청소년,screen_bar,False,10:08 서서 다리 모으고 벌리기,video:XSn6DE3cxy4,국민체력100 운동영상 · [👩🏻‍🎓청소년] 중고등학생 체중조절 다이어트 운동프로그램 (30min),https://www.youtube.com/watch?v=XSn6DE3cxy4&t=608s
XSn6DE3cxy4,1704,1856,1724,132,152,next_start,False,엎드려 상체 들어올리기,청소년,screen_bar,True,28:24 엎드려 상체 들어올리기,video:XSn6DE3cxy4,국민체력100 운동영상 · [👩🏻‍🎓청소년] 중고등학생 체중조절 다이어트 운동프로그램 (30min),https://www.youtube.com/watch?v=XSn6DE3cxy4&t=1704s
XSn6DE3cxy4,1856,1874,1874,0,18,label_end,True,양팔 벌려 전신 비틀기,청소년,screen_bar,True,30:56 양팔 벌려 전신 비틀기,video:XSn6DE3cxy4,국민체력100 운동영상 · [👩🏻‍🎓청소년] 중고등학생 체중조절 다이어트 운동프로그램 (30min),https://www.youtube.com/watch?v=XSn6DE3cxy4&t=1856s
_hdna4_9GYc,8,74,72,2,66,next_start,False,인사 체조,유아기,screen,True,00:08 인사 체조,video:_hdna4_9GYc,국민체력100 운동영상 · 🦖유아기 복합 운동기술 향상 | 체력왕이 되어요 (심화편),https://www.youtube.com/watch?v=_hdna4_9GYc&t=8s
_hdna4_9GYc,74,152,150,2,78,next_start,False,흔들어 체조,유아기,screen,True,01:14 흔들어 체조,video:_hdna4_9GYc,국민체력100 운동영상 · 🦖유아기 복합 운동기술 향상 | 체력왕이 되어요 (심화편),https://www.youtube.com/watch?v=_hdna4_9GYc&t=74s
_hdna4_9GYc,152,1158,224,934,1006,next_start,False,거북이 스트레칭,유아기,screen,True,02:32 거북이 스트레칭,video:_hdna4_9GYc,국민체력100 운동영상 · 🦖유아기 복합 운동기술 향상 | 체력왕이 되어요 (심화편),https://www.youtube.com/watch?v=_hdna4_9GYc&t=152s
_hdna4_9GYc,1158,1232,1232,0,74,label_end,True,우리 모두 다같이,유아기,screen,True,19:18 우리 모두 다 같이,video:_hdna4_9GYc,국민체력100 운동영상 · 🦖유아기 복합 운동기술 향상 | 체력왕이 되어요 (심화편),https://www.youtube.com/watch?v=_hdna4_9GYc&t=1158s
gOrg8Lva-8A,730,794,742,52,64,next_start,False,앉았다 일어서기,유아기,screen,False,12:10 07. 앉았다 일어서기,video:gOrg8Lva-8A,국민체력100 운동영상 · [유아기] 우리 아이 친밀감 UP! 건강 UP! 애착형성 필수 운동,https://www.youtube.com/watch?v=gOrg8Lva-8A&t=730s
gOrg8Lva-8A,794,832,832,0,38,label_end,True,몸통 비틀기,유아기,screen,False,13:14 10. 허리 굽혀 몸통 비틀기,video:gOrg8Lva-8A,국민체력100 운동영상 · [유아기] 우리 아이 친밀감 UP! 건강 UP! 애착형성 필수 운동,https://www.youtube.com/watch?v=gOrg8Lva-8A&t=794s
oCAjIRASiVI,60,108,102,6,48,next_start,False,지그재그 달려요,유아기,screen,False,01:00 지그재그 달려요,video:oCAjIRASiVI,국민체력100 운동영상 · 🦖유아기 운동체력 향상 | 민첩성 순발력 평형성 협응력 키우기 응용운동 (15min),https://www.youtube.com/watch?v=oCAjIRASiVI&t=60s
oCAjIRASiVI,108,174,160,14,66,next_start,False,후다닥 집어요,유아기,screen,False,01:48 후다닥 집어요,video:oCAjIRASiVI,국민체력100 운동영상 · 🦖유아기 운동체력 향상 | 민첩성 순발력 평형성 협응력 키우기 응용운동 (15min),https://www.youtube.com/watch?v=oCAjIRASiVI&t=108s
oCAjIRASiVI,174,290,182,108,116,next_start,False,후다닥 붙여요,유아기,screen,False,02:54 후다닥 붙여요,video:oCAjIRASiVI,국민체력100 운동영상 · 🦖유아기 운동체력 향상 | 민첩성 순발력 평형성 협응력 키우기 응용운동 (15min),https://www.youtube.com/watch?v=oCAjIRASiVI&t=174s
oCAjIRASiVI,290,332,324,8,42,next_start,False,힘차게 던져요,유아기,screen,False,04:50 힘차게 던져요,video:oCAjIRASiVI,국민체력100 운동영상 · 🦖유아기 운동체력 향상 | 민첩성 순발력 평형성 협응력 키우기 응용운동 (15min),https://www.youtube.com/watch?v=oCAjIRASiVI&t=290s
oCAjIRASiVI,332,396,390,6,64,next_start,False,힘차게 맞춰요,유아기,screen,False,05:32 힘차게 맞춰요,video:oCAjIRASiVI,국민체력100 운동영상 · 🦖유아기 운동체력 향상 | 민첩성 순발력 평형성 협응력 키우기 응용운동 (15min),https://www.youtube.com/watch?v=oCAjIRASiVI&t=332s
oCAjIRASiVI,396,468,460,8,72,next_start,False,밸런스 보드에 서요,유아기,screen,False,06:36 밸런스 보드에 서요,video:oCAjIRASiVI,국민체력100 운동영상 · 🦖유아기 운동체력 향상 | 민첩성 순발력 평형성 협응력 키우기 응용운동 (15min),https://www.youtube.com/watch?v=oCAjIRASiVI&t=396s
oCAjIRASiVI,468,542,534,8,74,next_start,False,밸런스 볼에 서요,유아기,screen,False,07:48 밸런스 볼에 서요,video:oCAjIRASiVI,국민체력100 운동영상 · 🦖유아기 운동체력 향상 | 민첩성 순발력 평형성 협응력 키우기 응용운동 (15min),https://www.youtube.com/watch?v=oCAjIRASiVI&t=468s
oCAjIRASiVI,542,616,610,6,74,next_start,False,지게발 걸어요,유아기,screen,False,09:02 지게발 걸어요,video:oCAjIRASiVI,국민체력100 운동영상 · 🦖유아기 운동체력 향상 | 민첩성 순발력 평형성 협응력 키우기 응용운동 (15min),https://www.youtube.com/watch?v=oCAjIRASiVI&t=542s
oCAjIRASiVI,616,702,694,8,86,next_start,False,조심조심 걸어요,유아기,screen,False,10:16 조심조심 걸어요,video:oCAjIRASiVI,국민체력100 운동영상 · 🦖유아기 운동체력 향상 | 민첩성 순발력 평형성 협응력 키우기 응용운동 (15min),https://www.youtube.com/watch?v=oCAjIRASiVI&t=616s
oCAjIRASiVI,702,776,770,6,74,next_start,False,공 받고 던져요,유아기,screen,False,11:42 공 받고 던져요,video:oCAjIRASiVI,국민체력100 운동영상 · 🦖유아기 운동체력 향상 | 민첩성 순발력 평형성 협응력 키우기 응용운동 (15min),https://www.youtube.com/watch?v=oCAjIRASiVI&t=702s
oCAjIRASiVI,776,854,848,6,78,next_start,False,알록달록 공을 옮겨요,유아기,screen,False,12:56 알록달록 공을 옮겨요,video:oCAjIRASiVI,국민체력100 운동영상 · 🦖유아기 운동체력 향상 | 민첩성 순발력 평형성 협응력 키우기 응용운동 (15min),https://www.youtube.com/watch?v=oCAjIRASiVI&t=776s
oCAjIRASiVI,854,936,928,8,82,next_start,False,분리배출 해요,유아기,screen,False,14:14 분리배출 해요,video:oCAjIRASiVI,국민체력100 운동영상 · 🦖유아기 운동체력 향상 | 민첩성 순발력 평형성 협응력 키우기 응용운동 (15min),https://www.youtube.com/watch?v=oCAjIRASiVI&t=854s
oCAjIRASiVI,936,1016,1016,0,80,label_end,True,낚시를 해요,유아기,screen,False,15:36 낚시를 해요,video:oCAjIRASiVI,국민체력100 운동영상 · 🦖유아기 운동체력 향상 | 민첩성 순발력 평형성 협응력 키우기 응용운동 (15min),https://www.youtube.com/watch?v=oCAjIRASiVI&t=936s
oX1HKGUBO5w,8,74,72,2,66,next_start,False,인사 체조,유아기,screen,True,00:08 인사 체조,video:oX1HKGUBO5w,국민체력100 운동영상 · 🦖유아기 체력 향상 (복합운동) | EP01.동물처럼 걸어요 (20min),https://www.youtube.com/watch?v=oX1HKGUBO5w&t=8s
oX1HKGUBO5w,74,152,150,2,78,next_start,False,흔들어 체조,유아기,screen,True,01:14 흔들어 체조,video:oX1HKGUBO5w,국민체력100 운동영상 · 🦖유아기 체력 향상 (복합운동) | EP01.동물처럼 걸어요 (20min),https://www.youtube.com/watch?v=oX1HKGUBO5w&t=74s
oX1HKGUBO5w,152,228,224,4,76,next_start,False,거북이 스트레칭,유아기,screen,True,02:32 거북이 스트레칭,video:oX1HKGUBO5w,국민체력100 운동영상 · 🦖유아기 체력 향상 (복합운동) | EP01.동물처럼 걸어요 (20min),https://www.youtube.com/watch?v=oX1HKGUBO5w&t=152s
oX1HKGUBO5w,228,1302,1298,4,1074,next_start,False,동물처럼 걸어요,유아기,title,False,🦖유아기 체력 향상 (복합운동) | EP01.동물처럼 걸어요 (20min),video:oX1HKGUBO5w,국민체력100 운동영상 · 🦖유아기 체력 향상 (복합운동) | EP01.동물처럼 걸어요 (20min),https://www.youtube.com/watch?v=oX1HKGUBO5w&t=228s
oX1HKGUBO5w,1302,1376,1376,0,74,label_end,True,우리 모두 다같이,유아기,screen,True,21:42 우리 모두 다 같이,video:oX1HKGUBO5w,국민체력100 운동영상 · 🦖유아기 체력 향상 (복합운동) | EP01.동물처럼 걸어요 (20min),https://www.youtube.com/watch?v=oX1HKGUBO5w&t=1302s
p12bb2zMebw,128,170,162,8,42,next_start,False,나비자세,유소년,screen_bar,True,02:08 넙다리 안쪽 늘리기 (나비자세),video:p12bb2zMebw,국민체력100 운동영상 · [👦🏻유소년] 성장기 학생들을 위한 체력향상 운동프로그램 (30min),https://www.youtube.com/watch?v=p12bb2zMebw&t=128s
p12bb2zMebw,170,214,206,8,44,next_start,False,척추 들어올리기,유소년,screen_bar,True,02:50 척추 들어올리기 (고양이자세),video:p12bb2zMebw,국민체력100 운동영상 · [👦🏻유소년] 성장기 학생들을 위한 체력향상 운동프로그램 (30min),https://www.youtube.com/watch?v=p12bb2zMebw&t=170s
p12bb2zMebw,214,312,250,62,98,next_start,False,아기자세,유소년,screen_bar,True,03:34 엎드려 어깨 눌러주기 (아기자세),video:p12bb2zMebw,국민체력100 운동영상 · [👦🏻유소년] 성장기 학생들을 위한 체력향상 운동프로그램 (30min),https://www.youtube.com/watch?v=p12bb2zMebw&t=214s
p12bb2zMebw,312,1906,362,1544,1594,next_start,False,다리뻗어 상체 숙이기,유소년,screen_bar,True,05:12 다리 뻗어 상체 숙이기,video:p12bb2zMebw,국민체력100 운동영상 · [👦🏻유소년] 성장기 학생들을 위한 체력향상 운동프로그램 (30min),https://www.youtube.com/watch?v=p12bb2zMebw&t=312s
p12bb2zMebw,1906,2058,1926,132,152,next_start,False,엎드려 상체 들어올리기,유소년,screen_bar,True,31:46 엎드려 상체 들어올리기,video:p12bb2zMebw,국민체력100 운동영상 · [👦🏻유소년] 성장기 학생들을 위한 체력향상 운동프로그램 (30min),https://www.youtube.com/watch?v=p12bb2zMebw&t=1906s
p12bb2zMebw,2058,2076,2076,0,18,label_end,True,양팔 벌려 전신 비틀기,유소년,screen_bar,True,34:18 양팔 벌려 전신 비틀기,video:p12bb2zMebw,국민체력100 운동영상 · [👦🏻유소년] 성장기 학생들을 위한 체력향상 운동프로그램 (30min),https://www.youtube.com/watch?v=p12bb2zMebw&t=2058s
qL76XIxD4Ds,30,122,118,4,92,next_start,False,걷기,유아기,screen,False,00:30 1. 걷기를 해요,video:qL76XIxD4Ds,국민체력100 운동영상 · 🦖유아기 기본 운동기술 향상 | 균형있는 근육 발달을 위한 이동성 운동 (기초편),https://www.youtube.com/watch?v=qL76XIxD4Ds&t=30s
qL76XIxD4Ds,122,198,198,0,76,label_end,True,달리기,유아기,screen,False,02:02 2. 달리기를 해요,video:qL76XIxD4Ds,국민체력100 운동영상 · 🦖유아기 기본 운동기술 향상 | 균형있는 근육 발달을 위한 이동성 운동 (기초편),https://www.youtube.com/watch?v=qL76XIxD4Ds&t=122s
qk0hXbltmIQ,8,74,72,2,66,next_start,False,인사 체조,유아기,screen,True,00:08 인사 체조,video:qk0hXbltmIQ,국민체력100 운동영상 · 🦖유아기 복합 운동기술 향상 | 꽃게처럼 걸어요 (심화편),https://www.youtube.com/watch?v=qk0hXbltmIQ&t=8s
qk0hXbltmIQ,74,152,150,2,78,next_start,False,흔들어 체조,유아기,screen,True,01:14 흔들어 체조,video:qk0hXbltmIQ,국민체력100 운동영상 · 🦖유아기 복합 운동기술 향상 | 꽃게처럼 걸어요 (심화편),https://www.youtube.com/watch?v=qk0hXbltmIQ&t=74s
qk0hXbltmIQ,152,1250,224,1026,1098,next_start,False,거북이 스트레칭,유아기,screen,True,02:32 거북이 스트레칭,video:qk0hXbltmIQ,국민체력100 운동영상 · 🦖유아기 복합 운동기술 향상 | 꽃게처럼 걸어요 (심화편),https://www.youtube.com/watch?v=qk0hXbltmIQ&t=152s
qk0hXbltmIQ,1250,1326,1326,0,76,label_end,True,우리 모두 다같이,유아기,screen,True,20:50 우리 모두 다 같이,video:qk0hXbltmIQ,국민체력100 운동영상 · 🦖유아기 복합 운동기술 향상 | 꽃게처럼 걸어요 (심화편),https://www.youtube.com/watch?v=qk0hXbltmIQ&t=1250s
shroLEVYDRM,6,80,80,0,74,label_end,True,우리 모두 다같이,유아기,title,False,🐢헤이지니와 함께 유아기 체력 쑥쑥 운동 | EP04.우리 모두 다같이!,video:shroLEVYDRM,국민체력100 운동영상 · 🐢헤이지니와 함께 유아기 체력 쑥쑥 운동 | EP04.우리 모두 다같이!,https://www.youtube.com/watch?v=shroLEVYDRM&t=6s
xrCKWvZxF5g,6,68,68,0,62,label_end,True,인사 체조,유아기,title,False,🦖헤이지니와 함께 유아기 체력 쑥쑥 운동 | EP01.인사체조,video:xrCKWvZxF5g,국민체력100 운동영상 · 🦖헤이지니와 함께 유아기 체력 쑥쑥 운동 | EP01.인사체조,https://www.youtube.com/watch?v=xrCKWvZxF5g&t=6s
ybVg6kewp90,6,82,82,0,76,label_end,True,흔들어 체조,유아기,title,False,🦖헤이지니와 함께 유아기 체력 쑥쑥 운동 | EP02.흔들어 체조,video:ybVg6kewp90,국민체력100 운동영상 · 🦖헤이지니와 함께 유아기 체력 쑥쑥 운동 | EP02.흔들어 체조,https://www.youtube.com/watch?v=ybVg6kewp90&t=6s
