video_id,seq,name_on_video,phase_on_video,start_sec,end_sec,duration_sec
-EATykJOvBQ,1,거북이 스트레칭,,6,78,72
5Crvk_HZPy8,1,인사 체조,,8,74,66
5Crvk_HZPy8,2,흔들어 체조,,74,152,78
5Crvk_HZPy8,3,거북이 스트레칭,,152,226,74
5Crvk_HZPy8,4,알록달록 붙여요,,228,468,240
5Crvk_HZPy8,5,우리 모두 다 같이,,1038,1114,76
5Crvk_HZPy8,6,알록달록 붙여요,,1118,1326,208
5Crvk_HZPy8,7,거북이 스트레칭,,1328,1402,74
90YTJpUn91U,1,다양한 공을 쳐요,본운동,6,70,64
90YTJpUn91U,2,공을 던져 붙여요,본운동,76,130,54
90YTJpUn91U,3,다양한 공을 던져 넣어요,본운동,136,196,60
90YTJpUn91U,4,다양한 공을 쳐요,본운동,200,304,104
90YTJpUn91U,5,풍선 테니스 해요,본운동,310,374,64
90YTJpUn91U,6,캐치볼을 해요,본운동,380,446,66
90YTJpUn91U,7,다양한 공을 쳐요,본운동,450,610,160
9ejhpZjgtUA,1,인사 체조,,8,74,66
9ejhpZjgtUA,2,흔들어 체조,,74,152,78
9ejhpZjgtUA,3,거북이 스트레칭,,152,226,74
9ejhpZjgtUA,4,알맞게 놓아요,,228,468,240
9ejhpZjgtUA,5,우리 모두 다 같이,,1052,1128,76
9ejhpZjgtUA,6,알맞게 놓아요,,1132,1372,240
9ejhpZjgtUA,7,거북이 스트레칭,,1596,1668,72
A1CDVFUc_oU,1,굽혀서 이동해요,본운동,6,64,58
A1CDVFUc_oU,2,다양한 도구를 흔들어요,본운동,70,150,80
A1CDVFUc_oU,3,큰 비닐 흔들어요,본운동,156,230,74
A1CDVFUc_oU,4,균형을 잡아요,본운동,240,306,66
A1CDVFUc_oU,5,몸을 돌려요,본운동,310,408,98
AN7gNF5QT1w,1,인사 체조,,8,74,66
AN7gNF5QT1w,2,흔들어 체조,,74,152,78
AN7gNF5QT1w,3,거북이 스트레칭,,152,226,74
AN7gNF5QT1w,4,소방훈련해요,,228,468,240
AN7gNF5QT1w,5,우리 모두 다 같이,,984,1060,76
AN7gNF5QT1w,6,소방훈련해요,,1064,1304,240
AN7gNF5QT1w,7,거북이 스트레칭,,1564,1638,74
AW9qNySmp6I,1,앉았다 일어나며 뛰어오르기,,88,112,24
AW9qNySmp6I,2,봉 잡고 서서 가슴으로 끌어 내리기,,114,164,50
AW9qNySmp6I,3,제자리 무릎 올려 달리기,,166,190,24
AW9qNySmp6I,4,휴식,,192,252,60
AW9qNySmp6I,5,앉았다 일어나며 뛰어오르기,,256,278,22
AW9qNySmp6I,6,봉 잡고 서서 가슴으로 끌어 내리기,,282,330,48
AW9qNySmp6I,7,제자리 무릎 올려 달리기,,332,358,26
AW9qNySmp6I,8,휴식,,358,418,60
AW9qNySmp6I,9,앉았다 일어나며 뛰어오르기,,422,446,24
AW9qNySmp6I,10,봉 잡고 서서 가슴으로 끌어 내리기,,448,496,48
AW9qNySmp6I,11,제자리 무릎 올려 달리기,,498,524,26
AW9qNySmp6I,12,휴식,,526,586,60
AW9qNySmp6I,13,스틱잡고 상체 숙이고 일으키기,,590,666,76
AW9qNySmp6I,14,스틱잡고 상체 옆으로 숙이기,,668,760,92
AW9qNySmp6I,15,박스 위로 뛰어 오르고 내리며 쪼그려 앉기,,762,796,34
AW9qNySmp6I,16,휴식,,798,858,60
AW9qNySmp6I,17,스틱잡고 상체 숙이고 일으키기,,864,936,72
AW9qNySmp6I,18,스틱잡고 상체 옆으로 숙이기,,942,1030,88
AW9qNySmp6I,19,박스 위로 뛰어 오르고 내리며 쪼그려 앉기,,1034,1066,32
AW9qNySmp6I,20,휴식,,1070,1130,60
AW9qNySmp6I,21,스틱잡고 상체 숙이고 일으키기,,1136,1210,74
AW9qNySmp6I,22,스틱잡고 상체 옆으로 숙이기,,1214,1304,90
AW9qNySmp6I,23,박스 위로 뛰어 오르고 내리며 쪼그려 앉기,,1308,1338,30
AW9qNySmp6I,24,휴식,본운동,1342,1402,60
B2Cvy5bmEyM,1,누워서 목 들어 이마 밀어 버티기,,106,166,60
B2Cvy5bmEyM,2,T-W-Y-A,,168,278,110
B2Cvy5bmEyM,3,앉아서 어깨 올리고 내리기,,284,324,40
B2Cvy5bmEyM,4,누워서 몸통 비틀기,,328,410,82
B2Cvy5bmEyM,5,휴식,,420,480,60
B2Cvy5bmEyM,6,누워서 목 들어 이마 밀어 버티기,,492,552,60
B2Cvy5bmEyM,7,T-W-Y-A,,558,672,114
B2Cvy5bmEyM,8,앉아서 어깨 올리고 내리기,,682,718,36
B2Cvy5bmEyM,9,누워서 몸통 비틀기,,724,800,76
B2Cvy5bmEyM,10,휴식,,806,872,66
B2Cvy5bmEyM,11,양팔 벌려 가슴 내밀기,,878,934,56
B2Cvy5bmEyM,12,누워서 밴드 다리 걸고 올리기,,938,1150,212
B2Cvy5bmEyM,13,"엎드려 버티기, 옆으로 버티기, 누워서 엉덩이 들기",,1158,1236,78
B2Cvy5bmEyM,14,휴식,,1244,1310,66
B2Cvy5bmEyM,15,양팔 벌려 가슴 내밀기,,1312,1368,56
B2Cvy5bmEyM,16,누워서 밴드 다리 걸고 올리기,,1374,1586,212
B2Cvy5bmEyM,17,"엎드려 버티기, 옆으로 버티기, 누워서 엉덩이 들기",,1596,1662,66
B2Cvy5bmEyM,18,휴식,,1666,1732,66
EH3Qsum6RgM,1,굽히기를 해요,본운동,26,160,134
EH3Qsum6RgM,2,비틀기를 해요,본운동,160,282,122
EH3Qsum6RgM,3,흔들기를 해요,본운동,304,384,80
EH3Qsum6RgM,4,돌기를 해요,본운동,384,464,80
EH3Qsum6RgM,5,거꾸로 균형을 잡아요,본운동,466,544,78
EH3Qsum6RgM,6,구르기를 해요,본운동,546,584,38
Eg3GpTv7z8s,1,옆으로 누워 발 뒤로 넘기기,준비운동,102,140,38
Eg3GpTv7z8s,2,넙다리 안쪽 늘리기 (나비자세),준비운동,144,182,38
Eg3GpTv7z8s,3,척추 들어올리기 (고양이자세),준비운동,188,226,38
Eg3GpTv7z8s,4,엎드려 어깨 눌러주기 (아기자세),준비운동,230,270,40
Eg3GpTv7z8s,5,누워서 무릎 구부려 당기기,준비운동,278,324,46
Eg3GpTv7z8s,6,다리 뻗어 상체 숙이기,준비운동,330,382,52
Eg3GpTv7z8s,7,상체숙여 발목 잡기,준비운동,390,454,64
Eg3GpTv7z8s,8,책상에서 팔굽혀펴기,본운동,460,498,38
Eg3GpTv7z8s,9,앉아서 상체숙여 양팔 등 뒤로 펴기,본운동,500,534,34
Eg3GpTv7z8s,10,손 뒤에서 깍지 끼고 가슴펴기,본운동,536,588,52
Eg3GpTv7z8s,11,의자 잡고 팔굽혀 버티기,본운동,592,612,20
Eg3GpTv7z8s,12,팔꿈치 등 뒤에서 굽히고 펴기,본운동,614,648,34
Eg3GpTv7z8s,13,손목 잡고 팔 스트레칭,본운동,650,724,74
Eg3GpTv7z8s,14,책상에서 팔굽혀펴기,본운동,730,766,36
Eg3GpTv7z8s,15,앉아서 상체숙여 양팔 등 뒤로 펴기,본운동,768,802,34
Eg3GpTv7z8s,16,손 뒤에서 깍지 끼고 가슴펴기,본운동,806,858,52
Eg3GpTv7z8s,17,의자 잡고 팔굽혀 버티기,본운동,862,884,22
Eg3GpTv7z8s,18,팔꿈치 등 뒤에서 굽히고 펴기,본운동,886,920,34
Eg3GpTv7z8s,19,손목 잡고 팔 스트레칭,본운동,924,1004,80
Eg3GpTv7z8s,20,의자에 앉았다 일어서기,본운동,1008,1044,36
Eg3GpTv7z8s,21,서서 재기차기,본운동,1048,1100,52
Eg3GpTv7z8s,22,상체숙여 다리 늘리기,본운동,1104,1150,46
Eg3GpTv7z8s,23,의자에 앉았다 일어서기,본운동,1154,1192,38
Eg3GpTv7z8s,24,서서 재기차기,본운동,1194,1252,58
Eg3GpTv7z8s,25,상체숙여 다리 늘리기,본운동,1254,1304,50
Eg3GpTv7z8s,26,옆으로 누워 발 뒤로 넘기기,정리운동,1316,1372,56
Eg3GpTv7z8s,27,손목잡고 팔 늘리기,정리운동,1376,1422,46
Eg3GpTv7z8s,28,다리 뒤 늘리기,정리운동,1426,1466,40
Eg3GpTv7z8s,29,손 뒤에서 깍지 끼고 가슴펴기,정리운동,1470,1496,26
Eg3GpTv7z8s,30,누워서 무릎 구부려 당기기,정리운동,1502,1540,38
Eg3GpTv7z8s,31,한 팔 뻗어 옆구리 스트레칭,정리운동,1544,1590,46
Eg3GpTv7z8s,32,엎드려 상체 들어올리기,정리운동,1594,1616,22
Eg3GpTv7z8s,33,가슴 뒤로 젖히기,정리운동,1622,1642,20
Eg3GpTv7z8s,34,가슴 열고 몸 회전하기,정리운동,1648,1668,20
Eg3GpTv7z8s,35,팔 뒤로 젖히며 가슴 스트레칭,정리운동,1694,1716,22
Eg3GpTv7z8s,36,양팔 벌려 전신 비틀기,정리운동,1746,1766,20
Eg3GpTv7z8s,37,다리 뻗어 상체 숙이기,정리운동,1770,1816,46
Eg3GpTv7z8s,38,어깨 늘리기,정리운동,1822,1860,38
F983gS5mwJg,1,인사 체조,,8,74,66
F983gS5mwJg,2,흔들어 체조,,74,152,78
F983gS5mwJg,3,거북이 스트레칭,,152,226,74
F983gS5mwJg,4,알록달록 길을 걸어요,,228,468,240
F983gS5mwJg,5,우리 모두 다 같이,,938,1014,76
F983gS5mwJg,6,알록달록 길을 걸어요,,1018,1258,240
F983gS5mwJg,7,거북이 스트레칭,,1430,1504,74
GkoUyt8uIXA,1,인사 체조,,8,74,66
GkoUyt8uIXA,2,흔들어 체조,,74,152,78
GkoUyt8uIXA,3,거북이 스트레칭,,152,226,74
GkoUyt8uIXA,4,끝까지 굴려요,,228,468,240
GkoUyt8uIXA,5,우리 모두 다 같이,,872,950,78
GkoUyt8uIXA,6,끝까지 굴려요,,952,1192,240
GkoUyt8uIXA,7,거북이 스트레칭,,1252,1324,72
HXS4NM82zd0,1,목 좌-우-앞-뒤-대각선 당기기,,98,188,90
HXS4NM82zd0,2,팔 안쪽으로 당기기,,190,270,80
HXS4NM82zd0,3,가슴 앞으로 내밀기,,272,308,36
HXS4NM82zd0,4,등 뒤로 보내기,,314,356,42
HXS4NM82zd0,5,의자에서 상체 비틀기,,364,444,80
HXS4NM82zd0,6,의자에서 상체 좌우 숙이기,,448,526,78
HXS4NM82zd0,7,팔 머리 위로 굽혀 당기기,,532,608,76
HXS4NM82zd0,8,책상에서 팔 펴주기,,612,656,44
HXS4NM82zd0,9,무릎올려 대각선 당기기,,658,742,84
HXS4NM82zd0,10,서서 외발 굽혀 당기기,,746,828,82
HXS4NM82zd0,11,외발 들어 발목 잡기,,834,912,78
HXS4NM82zd0,12,양발 벌려 밀어주기,,916,992,76
HXS4NM82zd0,13,종아리 밀고 당기기,,996,1050,54
HYl0oA1Ptyw,1,옆으로 누워 발 뒤로 넘기기,준비운동,76,114,38
HYl0oA1Ptyw,2,넙다리 안쪽 늘리기 (나비자세),준비운동,118,156,38
HYl0oA1Ptyw,3,척추 들어올리기 (고양이자세),준비운동,160,198,38
HYl0oA1Ptyw,4,엎드려 어깨 눌러주기 (아기자세),준비운동,204,244,40
HYl0oA1Ptyw,5,누워서 무릎 구부려 당기기,준비운동,250,296,46
HYl0oA1Ptyw,6,다리 뻗어 상체 숙이기,준비운동,302,354,52
HYl0oA1Ptyw,7,상체숙여 발목 잡기,준비운동,362,426,64
HYl0oA1Ptyw,8,제자리 무릎 올려 달리기,본운동,432,456,24
HYl0oA1Ptyw,9,"엎드려 팔고 걷고, 되돌아 오기",본운동,458,490,32
HYl0oA1Ptyw,10,쪼그려 앉고 앞-뒤-좌-우로 뛰어오르기,본운동,492,518,26
HYl0oA1Ptyw,11,누워서 한발 뻗어 윗몸 일으키기,본운동,544,572,28
HYl0oA1Ptyw,12,왕복 달리기,본운동,574,602,28
HYl0oA1Ptyw,13,팔굽혀 펴기하고 상체 비틀기,본운동,604,656,52
HYl0oA1Ptyw,14,양 발 넓게 벌리고 서서 옆으로 쪼그려 앉기,본운동,658,706,48
HYl0oA1Ptyw,15,엎드려 누워서 양팔 가슴으로 끌어 내리기,본운동,708,754,46
HYl0oA1Ptyw,16,몸통 비틀며 윗몸일으키기,본운동,756,788,32
HYl0oA1Ptyw,17,서서 다리 뒤로뻗어 상체 숙이기,본운동,790,822,32
HYl0oA1Ptyw,18,휴식,본운동,826,892,66
HYl0oA1Ptyw,19,휴식,본운동,894,918,24
HYl0oA1Ptyw,20,제자리 무릎 올려 달리기,본운동,920,944,24
HYl0oA1Ptyw,21,"엎드려 팔고 걷고, 되돌아 오기",본운동,946,980,34
HYl0oA1Ptyw,22,쪼그려 앉고 앞-뒤-좌-우로 뛰어오르기,본운동,982,1006,24
HYl0oA1Ptyw,23,누워서 한발 뻗어 윗몸 일으키기,본운동,1030,1058,28
HYl0oA1Ptyw,24,왕복 달리기,본운동,1060,1084,24
HYl0oA1Ptyw,25,팔굽혀 펴기하고 상체 비틀기,본운동,1086,1132,46
HYl0oA1Ptyw,26,양 발 넓게 벌리고 서서 옆으로 쪼그려 앉기,본운동,1134,1178,44
HYl0oA1Ptyw,27,엎드려 누워서 양팔 가슴으로 끌어 내리기,본운동,1182,1216,34
HYl0oA1Ptyw,28,몸통 비틀며 윗몸일으키기,본운동,1218,1246,28
HYl0oA1Ptyw,29,서서 다리 뒤로뻗어 상체 숙이기,본운동,1250,1284,34
HYl0oA1Ptyw,30,휴식,본운동,1288,1380,92
HYl0oA1Ptyw,31,제자리 무릎 올려 달리기,본운동,1384,1404,20
HYl0oA1Ptyw,32,"엎드려 팔고 걷고, 되돌아 오기",본운동,1408,1440,32
HYl0oA1Ptyw,33,쪼그려 앉고 앞-뒤-좌-우로 뛰어오르기,본운동,1442,1468,26
HYl0oA1Ptyw,34,누워서 한발 뻗어 윗몸 일으키기,본운동,1492,1518,26
HYl0oA1Ptyw,35,왕복 달리기,본운동,1522,1546,24
HYl0oA1Ptyw,36,팔굽혀 펴기하고 상체 비틀기,본운동,1550,1596,46
HYl0oA1Ptyw,37,양 발 넓게 벌리고 서서 옆으로 쪼그려 앉기,본운동,1598,1640,42
HYl0oA1Ptyw,38,엎드려 누워서 양팔 가슴으로 끌어 내리기,본운동,1644,1676,32
HYl0oA1Ptyw,39,몸통 비틀며 윗몸일으키기,본운동,1680,1706,26
HYl0oA1Ptyw,40,서서 다리 뒤로뻗어 상체 숙이기,본운동,1710,1738,28
HYl0oA1Ptyw,41,휴식,본운동,1744,1834,90
HYl0oA1Ptyw,42,옆으로 누워 발 뒤로 넘기기,정리운동,1846,1902,56
HYl0oA1Ptyw,43,손목잡고 팔 늘리기,정리운동,1906,1952,46
HYl0oA1Ptyw,44,다리 뒤 늘리기,정리운동,1956,1996,40
HYl0oA1Ptyw,45,손 뒤로 깍지 끼고 가슴펴기,정리운동,2000,2028,28
HYl0oA1Ptyw,46,누워서 무릎 구부려 당기기,정리운동,2032,2070,38
HYl0oA1Ptyw,47,한 팔 뻗어 옆구리 스트레칭,정리운동,2074,2120,46
HYl0oA1Ptyw,48,엎드려 상체 들어올리기,정리운동,2124,2146,22
HYl0oA1Ptyw,49,가슴 뒤로 젖히기,정리운동,2152,2172,20
HYl0oA1Ptyw,50,가슴 열고 몸 회전하기,정리운동,2178,2198,20
HYl0oA1Ptyw,51,팔 뒤로 젖히며 가슴 스트레칭,정리운동,2224,2246,22
HYl0oA1Ptyw,52,양팔 벌려 전신 비틀기,정리운동,2276,2296,20
HYl0oA1Ptyw,53,다리 뻗어 상체 숙이기,정리운동,2300,2346,46
HYl0oA1Ptyw,54,어깨 늘리기,정리운동,2352,2390,38
IdpXx2gm90o,1,스트레칭,,56,196,140
IdpXx2gm90o,2,팔 벌려 뛰기,본운동,198,262,64
IdpXx2gm90o,3,암워킹,본운동,266,376,110
IdpXx2gm90o,4,암워킹,본운동,378,404,26
IdpXx2gm90o,5,스쿼트,본운동,424,498,74
IdpXx2gm90o,6,버피,본운동,518,600,82
IdpXx2gm90o,7,와이드 스쿼트,본운동,602,714,112
IfV5H7USgaA,1,신나게 걸어요,,32,104,72
IfV5H7USgaA,2,앉았다 일어나요,,104,160,56
IfV5H7USgaA,3,힘내서 버텨요,,160,216,56
IfV5H7USgaA,4,네 발로 걸어요,,218,264,46
IfV5H7USgaA,5,암터치 해봐요,,266,326,60
IfV5H7USgaA,6,엉금엉금 기어요,,326,374,48
IfV5H7USgaA,7,브릿지 만들어요,,374,432,58
IfV5H7USgaA,8,윗몸 말아 올려요,,434,510,76
IhShIA-WJNE,1,"손목, 발목 돌리기",준비운동,20,50,30
IhShIA-WJNE,2,엉덩관절 돌리기,준비운동,68,104,36
IhShIA-WJNE,3,허리 돌리기 골 반,준비운동,104,126,22
IhShIA-WJNE,4,어깨 돌리기 양주 반,준비운동,126,152,26
IhShIA-WJNE,5,목 돌리기 몸통 반대주,준비운동,152,174,22
IhShIA-WJNE,6,제자리 걷기,준비운동,174,200,26
IhShIA-WJNE,7,가볍게 달리기,준비운동,200,224,24
IhShIA-WJNE,8,무릎 스트레칭,준비운동,224,250,26
IhShIA-WJNE,9,엉덩관절 스트레칭,준비운동,250,280,30
IhShIA-WJNE,10,"엉덩관절, 어깨 스트레칭",준비운동,280,318,38
IhShIA-WJNE,11,"무릎, 허리, 어깨 스트레칭",준비운동,318,358,40
IhShIA-WJNE,12,"몸통, 어깨 스트레칭",준비운동,358,390,32
IhShIA-WJNE,13,어깨 스트레칭,준비운동,390,420,30
IhShIA-WJNE,14,"몸통, 어깨 스트레칭",준비운동,420,454,34
IhShIA-WJNE,15,팔 벌려 뛰기,준비운동,454,480,26
IhShIA-WJNE,16,숨쉬기,준비운동,480,524,44
IhShIA-WJNE,17,제자리 걷기 +무릎 올리기,본운동,524,564,40
IhShIA-WJNE,18,앉았다 일어서기,본운동,564,610,46
IhShIA-WJNE,19,상체 숙여 팔꿈치 펴기,본운동,610,648,38
IhShIA-WJNE,20,엎드려 몸통 버티기,본운동,648,686,38
IhShIA-WJNE,21,제자리 달리기,본운동,686,718,32
IhShIA-WJNE,22,양발 앞뒤로 벌려 앉았다 일어서기,본운동,718,754,36
IhShIA-WJNE,23,팔꿈치 굽히기,본운동,754,776,22
IhShIA-WJNE,24,엎드려 누워서 허리 펴기,본운동,776,816,40
IhShIA-WJNE,25,엎드려 무릎 올리기,본운동,816,856,40
IhShIA-WJNE,26,누워서 엉덩이 들기,본운동,856,894,38
IhShIA-WJNE,27,머리 위로 들어올리기,본운동,894,934,40
IhShIA-WJNE,28,옆으로 몸통 버티기,본운동,934,980,46
IhShIA-WJNE,29,목 스트레칭,정리운동,980,1038,58
IhShIA-WJNE,30,"어깨, 등 스트레칭",정리운동,1038,1078,40
IhShIA-WJNE,31,"등, 허리, 무릎 스트레칭",정리운동,1078,1102,24
IhShIA-WJNE,32,"어깨, 등 스트레칭",정리운동,1102,1142,40
IhShIA-WJNE,33,"등, 허리 스트레칭",정리운동,1142,1172,30
IhShIA-WJNE,34,엉덩관절 스트레칭,정리운동,1172,1210,38
IhShIA-WJNE,35,복부 스트레칭,정리운동,1210,1242,32
IhShIA-WJNE,36,"등, 허리, 무릎 스트레칭",정리운동,1242,1272,30
IhShIA-WJNE,37,엉덩관절 스트레칭,정리운동,1272,1338,66
IhShIA-WJNE,38,무릎 스트레칭,정리운동,1338,1374,36
IhShIA-WJNE,39,엉덩관절 스트레칭,정리운동,1374,1408,34
IhShIA-WJNE,40,무릎 스트레칭,정리운동,1408,1448,40
IhShIA-WJNE,41,엉덩관절 스트레칭,정리운동,1448,1484,36
IhShIA-WJNE,42,"어깨, 복부, 엉덩관절 스트레칭",정리운동,1484,1528,44
IhShIA-WJNE,43,전신 늘리기,정리운동,1528,1552,24
IhShIA-WJNE,44,숨쉬기,정리운동,1552,1586,34
In2fsTmsggw,1,'칼로리 폭탄' 운동,,10,74,64
In2fsTmsggw,2,점프 스쿼트,,114,150,36
In2fsTmsggw,3,하프 버피,,624,650,26
In2fsTmsggw,4,점프 스쿼트,,650,676,26
In2fsTmsggw,5,카프레이즈,,676,702,26
In2fsTmsggw,6,마운틴 클라이머,,702,728,26
In2fsTmsggw,7,암 워킹,,728,754,26
In2fsTmsggw,8,크런치,,754,780,26
In2fsTmsggw,9,힐 터치,,780,806,26
In2fsTmsggw,10,푸쉬업,,806,830,24
In2fsTmsggw,11,벤트 오버 로우,,830,856,26
In2fsTmsggw,12,레터럴레이즈,,856,908,52
In2fsTmsggw,13,'칼로리 폭탄' 운동,,910,960,50
MP2Ze9RrZA0,1,날쌘돌이 되어요,,32,90,58
MP2Ze9RrZA0,2,쌀 보리 해봐요,,90,150,60
MP2Ze9RrZA0,3,높이 멀리 뛰어요,,186,230,44
MP2Ze9RrZA0,4,셋 하면 출발해요,,232,292,60
MP2Ze9RrZA0,5,개구리 점프해요,,292,330,38
MP2Ze9RrZA0,6,허수아비가 되어요,,360,448,88
MP2Ze9RrZA0,7,중심을 잡아요,,448,518,70
MP2Ze9RrZA0,8,팔 펴고 박수쳐요,,552,610,58
MP2Ze9RrZA0,9,머리 어깨 무릎 발 해요,,610,674,64
OpnELu5j4nk,1,어깨 스트레칭 해요,,30,270,240
OpnELu5j4nk,2,어깨 스트레칭 해요,,324,480,156
OpnELu5j4nk,3,다리 넓혀 전국자세 해요,,484,534,50
OpnELu5j4nk,4,크로스 오버해요,,560,682,122
OxtY_hEQzIM,1,밴드를 당겨요,,6,100,94
OxtY_hEQzIM,2,빌리보를 밀어요,,104,154,50
OxtY_hEQzIM,3,끌어요 당겨요,,158,224,66
OxtY_hEQzIM,4,엉금엉금 기어요,,228,288,60
OxtY_hEQzIM,5,영차영차 올라요,,294,386,92
OxtY_hEQzIM,6,윗몸 말며 공을 전달해요,,392,456,64
P6UZsc2YqEM,1,뽁뽁이를 눌러요(손가락),,6,64,58
P6UZsc2YqEM,2,뽁뽁이를 밟아요(발가락),,68,126,58
P6UZsc2YqEM,3,딩딩링을 끼워요,,130,216,86
P6UZsc2YqEM,4,고무줄 놀이를 해요,,222,308,86
PTxUuItSAtY,1,"손목, 발목 돌리기",준비운동,20,50,30
PTxUuItSAtY,2,엉덩관절 돌리기,준비운동,68,104,36
PTxUuItSAtY,3,허리 돌리기 골븐 반,준비운동,104,126,22
PTxUuItSAtY,4,어깨 돌리기 양주 반,준비운동,126,152,26
PTxUuItSAtY,5,목 돌리기 몸통을 반대주,준비운동,152,174,22
PTxUuItSAtY,6,제자리 걷기,준비운동,174,200,26
PTxUuItSAtY,7,가볍게 달리기,준비운동,200,224,24
PTxUuItSAtY,8,무릎 스트레칭,준비운동,224,250,26
PTxUuItSAtY,9,엉덩관절 스트레칭,준비운동,250,280,30
PTxUuItSAtY,10,"엉덩관절, 어깨 스트레칭",준비운동,280,318,38
PTxUuItSAtY,11,"무릎, 허리, 어깨 스트레칭",준비운동,318,358,40
PTxUuItSAtY,12,"몸통, 어깨 스트레칭",준비운동,358,390,32
PTxUuItSAtY,13,어깨 스트레칭,준비운동,390,420,30
PTxUuItSAtY,14,"몸통, 어깨 스트레칭",준비운동,420,454,34
PTxUuItSAtY,15,팔 벌려 뛰기,준비운동,454,480,26
PTxUuItSAtY,16,숨쉬기,준비운동,480,524,44
PTxUuItSAtY,17,제자리 걷기 +몸통 비틀기,본운동,524,558,34
PTxUuItSAtY,18,앉았다 들어올리기,본운동,558,594,36
PTxUuItSAtY,19,팔 굽혀 펴기,본운동,594,664,70
PTxUuItSAtY,20,누워서 다리 들어올리기,본운동,664,700,36
PTxUuItSAtY,21,빠른 말+빠른 주먹 지르기,본운동,700,734,34
PTxUuItSAtY,22,옆으로 다리 뻗어 앉았다 일어서기,본운동,734,770,36
PTxUuItSAtY,23,상체 숙여서 뒤로 당기기,본운동,770,808,38
PTxUuItSAtY,24,엎드려 누워서 팔 다리 들기,본운동,808,848,40
PTxUuItSAtY,25,엎드려 양 말 벌려 뛰기,본운동,848,882,34
PTxUuItSAtY,26,옆으로 누워서 다리 올리기,본운동,882,922,40
PTxUuItSAtY,27,엎드려 팔로 걷기,본운동,922,962,40
PTxUuItSAtY,28,윗몸 비틀며 굽히기,본운동,962,1020,58
PTxUuItSAtY,29,목 스트레칭,정리운동,1020,1078,58
PTxUuItSAtY,30,"어깨, 등 스트레칭",정리운동,1078,1116,38
PTxUuItSAtY,31,"등, 허리, 무릎 스트레칭",정리운동,1116,1142,26
PTxUuItSAtY,32,"어깨, 등 스트레칭",정리운동,1142,1182,40
PTxUuItSAtY,33,"등, 허리 스트레칭",정리운동,1182,1212,30
PTxUuItSAtY,34,엉덩관절 스트레칭,정리운동,1212,1250,38
PTxUuItSAtY,35,복부 스트레칭,정리운동,1250,1282,32
PTxUuItSAtY,36,"등, 허리, 무릎 스트레칭",정리운동,1282,1312,30
PTxUuItSAtY,37,엉덩관절 스트레칭,정리운동,1312,1376,64
PTxUuItSAtY,38,무릎 스트레칭,정리운동,1376,1414,38
PTxUuItSAtY,39,엉덩관절 스트레칭,정리운동,1414,1448,34
PTxUuItSAtY,40,무릎 스트레칭,정리운동,1448,1488,40
PTxUuItSAtY,41,엉덩관절 스트레칭,정리운동,1488,1524,36
PTxUuItSAtY,42,"어깨, 복부, 엉덩관절 스트레칭",정리운동,1524,1568,44
PTxUuItSAtY,43,전신 늘리기,정리운동,1568,1592,24
PTxUuItSAtY,44,숨쉬기,정리운동,1592,1626,34
QU-eRtSLsm0,1,하루 30분,,6,46,40
QU-eRtSLsm0,2,스트레칭,,48,288,240
QU-eRtSLsm0,3,호흡을 깊,본운동,350,378,28
QU-eRtSLsm0,4,브릿지 자세,본운동,378,448,70
QU-eRtSLsm0,5,사이드 점프,본운동,454,484,30
QU-eRtSLsm0,6,앞 뒤 점프,본운동,484,518,34
QU-eRtSLsm0,7,발 벌렸다 모으기 점프,본운동,520,554,34
QU-eRtSLsm0,8,한발 서서 버티기,본운동,560,604,44
QU-eRtSLsm0,9,종아리 들기 운동,본운동,612,646,34
QU-eRtSLsm0,10,다리 들었다 내리기 운동,본운동,652,688,36
QU-eRtSLsm0,11,하루 30분,본운동,690,712,22
RBKylbKM78k,1,인사 체조,,8,74,66
RBKylbKM78k,2,흔들어 체조,,74,152,78
RBKylbKM78k,3,거북이 스트레칭,,152,226,74
RBKylbKM78k,4,점핑점핑해요,,228,468,240
RBKylbKM78k,5,우리 모두 다 같이,,1198,1274,76
RBKylbKM78k,6,점핑점핑해요,,1278,1432,154
RBKylbKM78k,7,거북이 스트레칭,,1436,1510,74
Rt3tdifHbns,1,인사 체조,,8,74,66
Rt3tdifHbns,2,흔들어 체조,,74,152,78
Rt3tdifHbns,3,거북이 스트레칭,,152,226,74
Rt3tdifHbns,4,수박나라로 떠나요,본운동,228,468,240
Rt3tdifHbns,5,우리 모두 다 같이,본운동,1116,1192,76
Rt3tdifHbns,6,수박나라로 떠나요,본운동,1196,1436,240
Rt3tdifHbns,7,거북이 스트레칭,본운동,1588,1662,74
SZefn91w66o,1,꼬리를 떼어요,,6,74,68
SZefn91w66o,2,알을 낳아요,,80,132,52
SZefn91w66o,3,줄넘기 해요(줄없는),,138,190,52
SZefn91w66o,4,공을 옮겨요(앞),,194,352,158
SZefn91w66o,5,후굴자세 해봐요,,356,448,92
TXE6Y_FpayU,1,'키 쑥쑥' 스트레칭,,10,50,40
TXE6Y_FpayU,2,나비자세,,50,104,54
TXE6Y_FpayU,3,옆구리 늘리기,,124,198,74
TXE6Y_FpayU,4,코브라 자서,,216,246,30
TXE6Y_FpayU,5,코브리,,246,270,24
TXE6Y_FpayU,6,등근육 스트레츠,,286,338,52
TXE6Y_FpayU,7,양팔,,356,400,44
TXE6Y_FpayU,8,옆구리 늘리기,,832,852,20
TXE6Y_FpayU,9,양팔 위로 뻗기,,874,904,30
TXE6Y_FpayU,10,교차 뛰기,,904,936,32
TXE6Y_FpayU,11,스케이트 점프,,936,966,30
TXE6Y_FpayU,12,투명 출넘기,,966,998,32
TXE6Y_FpayU,13,가슴 활짝 펴기,,998,1028,30
TXE6Y_FpayU,14,견갑 모으기,,1028,1058,30
TXE6Y_FpayU,15,'키 쑥쑥' 스트레칭,,1060,1102,42
TmVZ2gdZnQQ,1,옆으로 누워 발 뒤로 넘기기,준비운동,90,126,36
TmVZ2gdZnQQ,2,넙다리 안쪽 늘리기 (나비자세),준비운동,130,168,38
TmVZ2gdZnQQ,3,척추 들어올리기 (고양이자세),준비운동,174,212,38
TmVZ2gdZnQQ,4,엎드려 어깨 눌러주기 (아기자세),준비운동,216,256,40
TmVZ2gdZnQQ,5,누워서 무릎 구부려 당기기,준비운동,264,310,46
TmVZ2gdZnQQ,6,다리 뻗어 상체 숙이기,준비운동,316,368,52
TmVZ2gdZnQQ,7,상체숙여 발목 잡기,준비운동,376,440,64
TmVZ2gdZnQQ,8,서서 공 바닥에 튀겨 주고받기,본운동,446,478,32
TmVZ2gdZnQQ,9,손 마주잡고 서서 다리 뒤로 뻗어 상체숙이기,본운동,482,514,32
TmVZ2gdZnQQ,10,가위-바위-보 달리기,본운동,516,548,32
TmVZ2gdZnQQ,11,눈 감고 외발서기,본운동,554,584,30
TmVZ2gdZnQQ,12,외발로 뛰어 좌우로 이동,본운동,590,622,32
TmVZ2gdZnQQ,13,일어나며 공 받기,본운동,628,660,32
TmVZ2gdZnQQ,14,제자리 5방향 뛰기,본운동,666,700,34
TmVZ2gdZnQQ,15,공잡기,본운동,704,738,34
TmVZ2gdZnQQ,16,서서 공 바닥에 튀겨 주고받기,본운동,774,804,30
TmVZ2gdZnQQ,17,손 마주잡고 서서 다리 뒤로 뻗어 상체숙이기,본운동,808,840,32
TmVZ2gdZnQQ,18,가위-바위-보 달리기,본운동,846,876,30
TmVZ2gdZnQQ,19,눈 감고 외발서기,본운동,882,916,34
TmVZ2gdZnQQ,20,외발로 뛰어 좌우로 이동,본운동,922,952,30
TmVZ2gdZnQQ,21,일어나며 공 받기,본운동,958,990,32
TmVZ2gdZnQQ,22,제자리 5방향 뛰기,본운동,994,1026,32
TmVZ2gdZnQQ,23,공잡기,본운동,1030,1062,32
TmVZ2gdZnQQ,24,옆으로 누워 발 뒤로 넘기기,정리운동,1106,1160,54
TmVZ2gdZnQQ,25,손목잡고 팔 늘리기,정리운동,1164,1212,48
TmVZ2gdZnQQ,26,다리 뒤 늘리기,정리운동,1216,1256,40
TmVZ2gdZnQQ,27,손 뒤로 깍지 끼고 가슴펴기,정리운동,1260,1286,26
TmVZ2gdZnQQ,28,누워서 무릎 구부려 당기기,정리운동,1290,1330,40
TmVZ2gdZnQQ,29,한 팔 뻗어 옆구리 스트레칭,정리운동,1334,1378,44
TmVZ2gdZnQQ,30,엎드려 상체 들어올리기,정리운동,1384,1406,22
TmVZ2gdZnQQ,31,가슴 뒤로 젖히기,정리운동,1412,1432,20
TmVZ2gdZnQQ,32,가슴 열고 몸 회전하기,정리운동,1438,1458,20
TmVZ2gdZnQQ,33,팔 뒤로 젖히며 가슴 스트레칭,정리운동,1484,1506,22
TmVZ2gdZnQQ,34,어깨 후면 스트레칭,정리운동,1510,1530,20
TmVZ2gdZnQQ,35,양팔 벌려 전신 비틀기,정리운동,1536,1556,20
TmVZ2gdZnQQ,36,다리 뻗어 상체 숙이기,정리운동,1560,1606,46
TmVZ2gdZnQQ,37,어깨 늘리기,정리운동,1612,1650,38
V9cymtUC61I,1,멘탈 케어' 운동,,10,66,56
V9cymtUC61I,2,목 돌리기,,66,96,30
V9cymtUC61I,3,Y•T•W 운동,,100,214,114
V9cymtUC61I,4,스트레칭,,214,248,34
V9cymtUC61I,5,스트레칭,,250,274,24
V9cymtUC61I,6,목 돌리기,,540,570,30
V9cymtUC61I,7,Y•T•W 운동,,570,660,90
V9cymtUC61I,8,햄스트링 스트레칭,,660,690,30
V9cymtUC61I,9,내전근 스트레칭,,690,720,30
V9cymtUC61I,10,이상근 스트레칭,,720,750,30
V9cymtUC61I,11,광배근 스트레칭,,750,782,32
V9cymtUC61I,12,손 깍지 끼고 몸통 비틀기,,782,810,28
V9cymtUC61I,13,한 발 버티고 다리 올리기,,810,870,60
V9cymtUC61I,14,마운틴 클라이머,,870,900,30
V9cymtUC61I,15,허들 스텝,,900,930,30
V9cymtUC61I,16,멘탈 케어' 운동,,930,978,48
XSn6DE3cxy4,1,옆으로 누워 발 뒤로 넘기기,준비운동,86,124,38
XSn6DE3cxy4,2,넙다리 안쪽 늘리기 (나비자세),준비운동,128,166,38
XSn6DE3cxy4,3,척추 들어올리기 (고양이자세),준비운동,172,208,36
XSn6DE3cxy4,4,엎드려 어깨 눌러주기 (아기자세),준비운동,214,254,40
XSn6DE3cxy4,5,누워서 무릎 구부려 당기기,준비운동,260,306,46
XSn6DE3cxy4,6,다리 뻗어 상체 숙이기,준비운동,312,364,52
XSn6DE3cxy4,7,상체숙여 발목 잡기,준비운동,372,436,64
XSn6DE3cxy4,8,팔굽혀펴기 & 팔꿈치 당기기,본운동,442,468,26
XSn6DE3cxy4,9,팔 말아올리기 & 팔 밑으로 내리기,본운동,474,510,36
XSn6DE3cxy4,10,누워서 다리올리기 & 쪼그려 앉고 일어서기,본운동,514,554,40
XSn6DE3cxy4,11,윗몸일으키기 & 팔 뒤로 펴주기,본운동,556,604,48
XSn6DE3cxy4,12,서서 다리 모으고 벌리기,본운동,608,670,62
XSn6DE3cxy4,13,휴식,본운동,674,736,62
XSn6DE3cxy4,14,팔굽혀펴기 & 팔꿈치 당기기,본운동,740,772,32
XSn6DE3cxy4,15,팔 말아올리기 & 팔 밑으로 내리기,본운동,778,832,54
XSn6DE3cxy4,16,누워서 다리올리기 & 쪼그려 앉고 일어서기,본운동,834,872,38
XSn6DE3cxy4,17,윗몸일으키기 & 팔 뒤로 펴주기,본운동,874,922,48
XSn6DE3cxy4,18,서서 다리 모으고 벌리기,본운동,924,992,68
XSn6DE3cxy4,19,휴식,본운동,996,1058,62
XSn6DE3cxy4,20,쪼그려 앉아 버티기 & 제자리 달리기,본운동,1062,1094,32
XSn6DE3cxy4,21,밀기 & 버티기,본운동,1098,1132,34
XSn6DE3cxy4,22,누워서 동시에 윗몸일으키기,본운동,1136,1170,34
XSn6DE3cxy4,23,휴식,본운동,1174,1234,60
XSn6DE3cxy4,24,쪼그려 앉아 버티기 & 제자리 달리기,본운동,1238,1272,34
XSn6DE3cxy4,25,밀기 & 버티기,본운동,1274,1308,34
XSn6DE3cxy4,26,누워서 동시에 윗몸일으키기,본운동,1314,1348,34
XSn6DE3cxy4,27,휴식,본운동,1352,1410,58
XSn6DE3cxy4,28,옆으로 누워 발 뒤로 넘기기,정리운동,1426,1480,54
XSn6DE3cxy4,29,손목잡고 팔 늘리기,정리운동,1486,1532,46
XSn6DE3cxy4,30,다리 뒤 늘리기,정리운동,1536,1576,40
XSn6DE3cxy4,31,손 뒤로 깍지 끼고 가슴펴기,정리운동,1580,1606,26
XSn6DE3cxy4,32,누워서 무릎 구부려 당기기,정리운동,1610,1650,40
XSn6DE3cxy4,33,한 팔 뻗어 옆구리 스트레칭,정리운동,1654,1698,44
XSn6DE3cxy4,34,엎드려 상체 들어올리기,정리운동,1704,1726,22
XSn6DE3cxy4,35,가슴 뒤로 젖히기,정리운동,1732,1752,20
XSn6DE3cxy4,36,가슴 열고 몸 회전하기,정리운동,1758,1778,20
XSn6DE3cxy4,37,팔 뒤로 젖히며 가슴 스트레칭,정리운동,1804,1826,22
XSn6DE3cxy4,38,양팔 벌려 전신 비틀기,정리운동,1856,1876,20
XSn6DE3cxy4,39,다리 뻗어 상체 숙이기,정리운동,1880,1926,46
XSn6DE3cxy4,40,어깨 늘리기,정리운동,1932,1970,38
_hdna4_9GYc,1,인사 체조,,8,74,66
_hdna4_9GYc,2,흔들어 체조,,74,152,78
_hdna4_9GYc,3,거북이 스트레칭,,152,226,74
_hdna4_9GYc,4,체력왕이 되어요,본운동,228,468,240
_hdna4_9GYc,5,우리 모두 다 같이,본운동,1158,1234,76
_hdna4_9GYc,6,체력왕이 되어요,본운동,1238,1438,200
_hdna4_9GYc,7,거북이 스트레칭,본운동,1460,1534,74
a7Dhim2-ogE,1,손가락 박수 쳐요,,28,86,58
a7Dhim2-ogE,2,손가락 숫자 세어요,,86,150,64
a7Dhim2-ogE,3,가위 바위 보 해요,,150,228,78
a7Dhim2-ogE,4,발가락 가위 바위 보 해요,,230,314,84
aMxQ1h_GCGY,1,새처럼 날아요,,34,88,54
aMxQ1h_GCGY,2,펀치 스텝을 해요,,88,130,42
aMxQ1h_GCGY,3,총총총 뛰어요,,132,170,38
aMxQ1h_GCGY,4,점프 펀치를 해요,,172,218,46
aMxQ1h_GCGY,5,빵야 빵야를 해요,,218,266,48
deNrMI9bdCE,1,공을 굴려요,본운동,30,92,62
deNrMI9bdCE,2,공을 던져요,본운동,94,176,82
deNrMI9bdCE,3,공을 받아요,본운동,178,244,66
deNrMI9bdCE,4,튀기기를 해요,본운동,246,312,66
deNrMI9bdCE,5,되받아치기를 해요,본운동,312,366,54
deNrMI9bdCE,6,차기를 해요,본운동,366,426,60
deNrMI9bdCE,7,공을 멈추어요,본운동,426,480,54
deNrMI9bdCE,8,차기를 해요,본운동,480,516,36
gOrg8Lva-8A,1,'친밀감' 스트레칭,,10,60,50
gOrg8Lva-8A,2,늘리기,,60,162,102
gOrg8Lva-8A,3,옆으로 숙이기,,192,216,24
gOrg8Lva-8A,4,허벅지 뒤쪽 늘리기,정리운동,604,654,50
gOrg8Lva-8A,5,옆으로 숙이기,정리운동,654,678,24
gOrg8Lva-8A,6,손•발 반대로 들기,정리운동,690,716,26
gOrg8Lva-8A,7,다리 뒤로 뻗어주기,정리운동,744,770,26
gOrg8Lva-8A,8,팔 다리 옆으로 뻗기,정리운동,770,794,24
gOrg8Lva-8A,9,허리 굽혀 몸통 비틀기,정리운동,794,834,40
gOrg8Lva-8A,10,'친밀감' 스트레칭,정리운동,834,880,46
gRu0S06EET8,1,하루 30분,,6,50,44
gRu0S06EET8,2,스트레칭,,50,290,240
gRu0S06EET8,3,스쿼트,,382,614,232
gRu0S06EET8,4,와이드스쿼트 + 카프레이즈,,616,682,66
gRu0S06EET8,5,와이드스쿼트 + 카프레이즈,,686,856,170
gRu0S06EET8,6,스쿼트 + 니업,,856,1052,196
gRu0S06EET8,7,스쿼트 + 리버스리프트,,1052,1248,196
gRu0S06EET8,8,스쿼트 + 트위스트,,1248,1424,176
gRu0S06EET8,9,프론트 런지,,1446,1686,240
gRu0S06EET8,10,리버스 런지,,1688,1928,240
gRu0S06EET8,11,런지 +프론트 니업,,1932,2166,234
gRu0S06EET8,12,하루 30분,,2168,2190,22
lVd366kW7KI,1,"손목, 발목 돌리기",준비운동,20,50,30
lVd366kW7KI,2,엉덩관절 돌리기,준비운동,68,104,36
lVd366kW7KI,3,허리 돌리기 골반 반,준비운동,104,126,22
lVd366kW7KI,4,어깨 돌리기 양주 반,준비운동,126,152,26
lVd366kW7KI,5,목 돌리기 몸통 반대주,준비운동,152,174,22
lVd366kW7KI,6,제자리 걷기,준비운동,174,200,26
lVd366kW7KI,7,가볍게 달리기,준비운동,200,224,24
lVd366kW7KI,8,무릎 스트레칭,준비운동,224,250,26
lVd366kW7KI,9,엉덩관절 스트레칭,준비운동,250,280,30
lVd366kW7KI,10,"엉덩관절, 어깨 스트레칭",준비운동,280,318,38
lVd366kW7KI,11,"무릎, 허리, 어깨 스트레칭",준비운동,318,358,40
lVd366kW7KI,12,"몸통, 어깨 스트레칭",준비운동,358,390,32
lVd366kW7KI,13,어깨 스트레칭,준비운동,390,420,30
lVd366kW7KI,14,"몸통, 어깨 스트레칭",준비운동,420,454,34
lVd366kW7KI,15,팔 벌려 뛰기,준비운동,454,480,26
lVd366kW7KI,16,숨쉬기,준비운동,480,522,42
lVd366kW7KI,17,무릎 펴서 높게 차],본운동,522,562,40
lVd366kW7KI,18,앉았다 일어서기 +옆으로 다리 올리기,본운동,562,598,36
lVd366kW7KI,19,팔 벌려 뛰기,본운동,598,626,28
lVd366kW7KI,20,누워서 영덩이 들기 +가슴 앞으로 팔 밀기,본운동,626,668,42
lVd366kW7KI,21,제자리 달리기,본운동,668,700,32
lVd366kW7KI,22,양말 앞뒤로 떨려 앉으 일어서기+팔꿈치 굽,본운동,700,754,54
lVd366kW7KI,23,팔 교차 뛰기,본운동,754,790,36
lVd366kW7KI,24,엎드려 몸통 버티기 +몸통 회전하기,본운동,790,832,42
lVd366kW7KI,25,좌우로 스케이트 티,본운동,832,866,34
lVd366kW7KI,26,앉았다 들어올리기 +상체 숙여서 뒤로 당,본운동,866,914,48
lVd366kW7KI,27,빠른 발+빠른 주먹 지르기,본운동,914,948,34
lVd366kW7KI,28,무릎 올리기 *머리 위로 들어올리,본운동,948,994,46
lVd366kW7KI,29,목 스트레칭,정리운동,994,1052,58
lVd366kW7KI,30,"어깨, 등 스트레칭",정리운동,1052,1092,40
lVd366kW7KI,31,"등, 허리, 무릎 스트레칭",정리운동,1092,1116,24
lVd366kW7KI,32,"어깨, 등 스트레칭",정리운동,1116,1158,42
lVd366kW7KI,33,"등, 허리 스트레칭",정리운동,1158,1186,28
lVd366kW7KI,34,엉덩관절 스트레칭,정리운동,1186,1224,38
lVd366kW7KI,35,복부 스트레칭,정리운동,1224,1258,34
lVd366kW7KI,36,"등, 허리, 무릎 스트레칭",정리운동,1258,1288,30
lVd366kW7KI,37,엉덩관절 스트레칭,정리운동,1288,1352,64
lVd366kW7KI,38,무릎 스트레칭,정리운동,1352,1390,38
lVd366kW7KI,39,엉덩관절 스트레칭,정리운동,1390,1424,34
lVd366kW7KI,40,무릎 스트레칭,정리운동,1424,1462,38
lVd366kW7KI,41,엉덩관절 스트레칭,정리운동,1462,1500,38
lVd366kW7KI,42,"어깨, 복부, 엉덩관절 스트레칭",정리운동,1500,1544,44
lVd366kW7KI,43,전신 늘리기,정리운동,1544,1568,24
lVd366kW7KI,44,숨쉬기,정리운동,1568,1602,34
oCAjIRASiVI,1,빠르게 맞춰요,,6,54,48
oCAjIRASiVI,2,지그재그 달려요,,60,104,44
oCAjIRASiVI,3,후다닥 집어요,,108,162,54
oCAjIRASiVI,4,후다닥 붙여요,,166,212,46
oCAjIRASiVI,5,로켓 발사해요,,234,284,50
oCAjIRASiVI,6,힘차게 던져요,,290,326,36
oCAjIRASiVI,7,힘차게 맞춰요,,332,392,60
oCAjIRASiVI,8,밸런스 볼에 서요,,396,536,140
oCAjIRASiVI,9,지게발 걸어요,,542,612,70
oCAjIRASiVI,10,조심조심 걸어요,,616,696,80
oCAjIRASiVI,11,공 받고 던져요,,702,772,70
oCAjIRASiVI,12,알록달록 공을 옮겨요,,776,850,74
oCAjIRASiVI,13,분리배출 해요,,854,930,76
oCAjIRASiVI,14,낚시를 해요,,936,1018,82
oX1HKGUBO5w,1,인사 체조,,8,74,66
oX1HKGUBO5w,2,흔들어 체조,,74,152,78
oX1HKGUBO5w,3,거북이 스트레칭,,152,226,74
oX1HKGUBO5w,4,동물처럼 걸어요,,228,468,240
oX1HKGUBO5w,5,우리 모두 다 같이,,1302,1378,76
oX1HKGUBO5w,6,동물처럼 걸어요,,1382,1568,186
oX1HKGUBO5w,7,거북이 스트레칭,,1572,1644,72
p12bb2zMebw,1,옆으로 누워 발 뒤로 넘기기,준비운동,86,124,38
p12bb2zMebw,2,넙다리 안쪽 늘리기 (나비자세),준비운동,128,164,36
p12bb2zMebw,3,척추 들어올리기 (고양이자세),준비운동,170,208,38
p12bb2zMebw,4,엎드려 어깨 눌러주기 (아기자세),준비운동,214,252,38
p12bb2zMebw,5,누워서 무릎 구부려 당기기,준비운동,260,306,46
p12bb2zMebw,6,다리 뻗어 상체 숙이기,준비운동,312,364,52
p12bb2zMebw,7,상체숙여 발목 잡기,준비운동,372,436,64
p12bb2zMebw,8,팔 벌려 제자리 뛰기,본운동,442,484,42
p12bb2zMebw,9,"엎드려 팔로 걷고, 되돌아 오기",본운동,486,566,80
p12bb2zMebw,10,주먹쥐고 앞으로 뻗어주기,본운동,568,620,52
p12bb2zMebw,11,쪼그려 앉고 일어서기,본운동,622,692,70
p12bb2zMebw,12,엎드렸다 일어서기,본운동,694,756,62
p12bb2zMebw,13,서서 무릎 옆으로 올리기,본운동,758,814,56
p12bb2zMebw,14,엎드려 제자리 달리기,본운동,816,862,46
p12bb2zMebw,15,팔벌려 몸통 비틀기,본운동,864,920,56
p12bb2zMebw,16,엎드려 누워 몸통 비틀기,본운동,922,1004,82
p12bb2zMebw,17,팔 벌려 제자리 뛰기,본운동,1008,1056,48
p12bb2zMebw,18,"엎드려 팔로 걷고, 되돌아 오기",본운동,1058,1146,88
p12bb2zMebw,19,주먹쥐고 앞으로 뻗어주기,본운동,1148,1204,56
p12bb2zMebw,20,쪼그려 앉고 일어서기,본운동,1206,1274,68
p12bb2zMebw,21,엎드렸다 일어서기,본운동,1276,1338,62
p12bb2zMebw,22,서서 무릎 옆으로 올리기,본운동,1340,1394,54
p12bb2zMebw,23,엎드려 제자리 달리기,본운동,1398,1446,48
p12bb2zMebw,24,팔벌려 몸통 비틀기,본운동,1450,1530,80
p12bb2zMebw,25,엎드려 누워 몸통 비틀기,본운동,1532,1612,80
p12bb2zMebw,26,옆으로 누워 발 뒤로 넘기기,정리운동,1628,1684,56
p12bb2zMebw,27,손목잡고 팔 늘리기,정리운동,1688,1734,46
p12bb2zMebw,28,다리 뒤 늘리기,정리운동,1738,1778,40
p12bb2zMebw,29,손 뒤로 깍지 끼고 가슴펴기,정리운동,1782,1810,28
p12bb2zMebw,30,누워서 무릎 구부려 당기기,정리운동,1814,1852,38
p12bb2zMebw,31,한 팔 뻗어 옆구리 스트레칭,정리운동,1856,1902,46
p12bb2zMebw,32,엎드려 상체 들어올리기,정리운동,1906,1928,22
p12bb2zMebw,33,가슴 뒤로 젖히기,정리운동,1934,1954,20
p12bb2zMebw,34,가슴 열고 몸 회전하기,정리운동,1960,1980,20
p12bb2zMebw,35,팔 뒤로 젖히며 가슴 스트레칭,정리운동,2006,2028,22
p12bb2zMebw,36,양팔 벌려 전신 비틀기,정리운동,2058,2078,20
p12bb2zMebw,37,다리 뻗어 상체 숙이기,정리운동,2082,2128,46
p12bb2zMebw,38,어깨 늘리기,정리운동,2134,2172,38
qL76XIxD4Ds,1,걷기를 해요,본운동,30,120,90
qL76XIxD4Ds,2,달리기를 해요,본운동,122,200,78
qL76XIxD4Ds,3,두 발 뛰기를 해요,본운동,202,342,140
qL76XIxD4Ds,4,뛰어 넘기를 해요,본운동,342,424,82
qL76XIxD4Ds,5,미끄러지기를 해요,본운동,426,484,58
qL76XIxD4Ds,6,말 뛰기를 해요,본운동,484,548,64
qL76XIxD4Ds,7,번갈아 뛰기를 해요,본운동,550,614,64
qk0hXbltmIQ,1,인사 체조,,8,74,66
qk0hXbltmIQ,2,흔들어 체조,,74,152,78
qk0hXbltmIQ,3,거북이 스트레칭,,152,226,74
qk0hXbltmIQ,4,꽃게처럼 걸어요,본운동,228,468,240
qk0hXbltmIQ,5,우리 모두 다 같이,본운동,1250,1328,78
qk0hXbltmIQ,6,꽃게처럼 걸어요,본운동,1330,1494,164
qk0hXbltmIQ,7,거북이 스트레칭,본운동,1496,1570,74
shroLEVYDRM,1,우리 모두 다 같이,,6,82,76
vc0rn9KQiRc,1,다양한 도구 위를 걸어요,본운동,6,70,64
vc0rn9KQiRc,2,수건을 돌려요,본운동,76,152,76
vc0rn9KQiRc,3,허들 뛰어 넘어요,본운동,158,226,68
vc0rn9KQiRc,4,한 발로 뛰어요,본운동,230,298,68
vc0rn9KQiRc,5,콩콩 점프를 해요,본운동,304,360,56
vc0rn9KQiRc,6,말처럼 원마커를 뛰어요,본운동,366,460,94
vc0rn9KQiRc,7,번갈아 뛰며 놀아요,본운동,464,530,66
xrCKWvZxF5g,1,인사 체조,,6,70,64
ybVg6kewp90,1,흔들어 체조,,6,84,78
yrxN8UyUXoc,1,"손목, 발목 돌리기",준비운동,20,50,30
yrxN8UyUXoc,2,엉덩관절 돌리기,준비운동,68,104,36
yrxN8UyUXoc,3,허리 돌리기 골 반,준비운동,104,126,22
yrxN8UyUXoc,4,어깨 돌리기 양주 반,준비운동,126,152,26
yrxN8UyUXoc,5,목 돌리기 몸통 반대주,준비운동,152,174,22
yrxN8UyUXoc,6,제자리 걷기,준비운동,174,200,26
yrxN8UyUXoc,7,가볍게 달리기,준비운동,200,224,24
yrxN8UyUXoc,8,무릎 스트레칭,준비운동,224,250,26
yrxN8UyUXoc,9,엉덩관절 스트레칭,준비운동,250,280,30
yrxN8UyUXoc,10,"엉덩관절, 어깨 스트레칭",준비운동,280,318,38
yrxN8UyUXoc,11,"무릎, 허리, 어깨 스트레칭",준비운동,318,358,40
yrxN8UyUXoc,12,"몸통, 어깨 스트레칭",준비운동,358,390,32
yrxN8UyUXoc,13,어깨 스트레칭,준비운동,390,420,30
yrxN8UyUXoc,14,"몸통, 어깨 스트레칭",준비운동,420,454,34
yrxN8UyUXoc,15,팔 벌려 뛰기,준비운동,454,480,26
yrxN8UyUXoc,16,숨쉬기,준비운동,480,524,44
yrxN8UyUXoc,17,제자리 걷기 +몸통 옆으로 굽히기,본운동,524,564,40
yrxN8UyUXoc,18,다리 벌려 앉았다 일어서기,본운동,564,602,38
yrxN8UyUXoc,19,가슴 앞으로 팔 밀기,본운동,602,640,38
yrxN8UyUXoc,20,윗몸 굽히기,본운동,640,672,32
yrxN8UyUXoc,21,팔 벌려 뛰기,본운동,672,702,30
yrxN8UyUXoc,22,앞으로 다리 뻗어 앉았다 일어서기,본운동,702,740,38
yrxN8UyUXoc,23,앉아서 뒤로 당기기,본운동,740,774,34
yrxN8UyUXoc,24,허리 숙였다 펴기,본운동,774,810,36
yrxN8UyUXoc,25,엎드리고 일어서기,본운동,810,844,34
yrxN8UyUXoc,26,엎드려 한 발 위로 차기,본운동,844,880,36
yrxN8UyUXoc,27,"앞, 옆으로 팔 들어올리기",본운동,880,918,38
yrxN8UyUXoc,28,서서 몸통 옆으로 굽히기,본운동,918,970,52
yrxN8UyUXoc,29,목 스트레칭,정리운동,970,1028,58
yrxN8UyUXoc,30,"어깨, 등 스트레칭",정리운동,1028,1068,40
yrxN8UyUXoc,31,"등, 허리, 무릎 스트레칭",정리운동,1068,1092,24
yrxN8UyUXoc,32,"어깨, 등 스트레칭",정리운동,1092,1134,42
yrxN8UyUXoc,33,"등, 허리 스트레칭",정리운동,1134,1162,28
yrxN8UyUXoc,34,엉덩관절 스트레칭,정리운동,1162,1200,38
yrxN8UyUXoc,35,복부 스트레칭,정리운동,1200,1234,34
yrxN8UyUXoc,36,"등, 허리, 무릎 스트레칭",정리운동,1234,1264,30
yrxN8UyUXoc,37,엉덩관절 스트레칭,정리운동,1264,1328,64
yrxN8UyUXoc,38,무릎 스트레칭,정리운동,1328,1366,38
yrxN8UyUXoc,39,엉덩관절 스트레칭,정리운동,1366,1400,34
yrxN8UyUXoc,40,무릎 스트레칭,정리운동,1400,1438,38
yrxN8UyUXoc,41,엉덩관절 스트레칭,정리운동,1438,1476,38
yrxN8UyUXoc,42,"어깨, 복부, 엉덩관절 스트레칭",정리운동,1476,1520,44
yrxN8UyUXoc,43,전신 늘리기,정리운동,1520,1544,24
yrxN8UyUXoc,44,숨쉬기,정리운동,1544,1578,34
